PlayerID,PlayerName,Nationality,GamesUsed,FramesUsed,FramesWon,FrameRate,BaselineStart,RetroStart,RetroAdjustment
2411,Ploychompoo Laokiatphong,Thailand,61,202,144,0.712871287128713,2600,2821.96916301283,221.969163012828
2611,Liu Hongyu,China,35,202,116,0.574257425742574,2600,2819.53431197056,219.534311970559
2793,Jamie Hunter,England,64,203,144,0.70935960591133,2600,2810.26341541044,210.263415410437
1828,Baipat Siripaporn,Thailand,54,202,138,0.683168316831683,2600,2790.89462215724,190.894622157235
3461,Wang Xinbo,China,32,200,110,0.55,2600,2778.70549891498,178.705498914984
3088,Narantuya Bayarsaikhan,Mongolia,62,201,131,0.651741293532338,2600,2769.34607218813,169.346072188131
2117,Wan Katrina,Hong Kong,58,203,143,0.704433497536946,2600,2767.86269119295,167.862691192946
1763,Sunny Akani,Thailand,26,200,107,0.535,2600,2765.01892078869,165.018920788691
1982,Si Jiahui,China,37,202,116,0.574257425742574,2600,2763.11926579131,163.119265791311
2616,Bai Yulu,China,43,200,118,0.59,2600,2761.73592079388,161.735920793883
1578,Boonyarit Keattikun,Thailand,28,203,118,0.58128078817734,2600,2760.34270666739,160.342706667394
2119,Maria Catalano,England,51,202,137,0.678217821782178,2600,2759.98017920112,159.980179201117
2121,Rebecca Kenna,England,51,203,136,0.669950738916256,2600,2755.67124588301,155.67124588301
2824,Tessa Davidson,England,65,200,127,0.635,2600,2754.71424953129,154.714249531294
4139,Narucha Phoemphul,Thailand,69,201,126,0.626865671641791,2600,2750.31660945518,150.316609455177
2788,Mary Talbot,England,71,200,129,0.645,2600,2747.40034743217,147.400347432174
2066,Ishpreet Singh Chadha,India,36,206,110,0.533980582524272,2600,2746.91817354387,146.918173543868
946,Zhao Xintong,China,31,202,112,0.554455445544555,2600,2746.83239914208,146.832399142077
2557,Zhao Jianbo,China,38,200,99,0.495,2600,2743.47051072804,143.470510728044
3085,Anupama Ramachandran,India,62,201,124,0.616915422885572,2600,2742.28705134157,142.287051341569
1829,Mink Nutcharut,Thailand,48,201,122,0.606965174129353,2600,2739.56525619957,139.565256199573
236,Wendy Jans,Belgium,50,204,130,0.637254901960784,2600,2738.0564282354,138.056428235399
4148,Lan Yuhao,China,31,206,96,0.466019417475728,2600,2734.24664366512,134.246643665118
1577,Kritsanut Lertsattayatthorn,Thailand,27,200,99,0.495,2600,2733.30220000507,133.302200005069
22,Anthony McGill,Scotland,39,202,125,0.618811881188119,2600,2731.34246279069,131.342462790694
3534,Artemijs Zizins,Latvia,40,204,111,0.544117647058824,2600,2730.99537699103,130.995376991032
1981,Chang Bingyu,China,27,201,93,0.462686567164179,2600,2730.7698263993,130.7698263993
3528,Mykhailo Larkov,Ukraine,46,200,127,0.635,2600,2730.28564280986,130.285642809859
998,David Lilley,England,35,201,117,0.582089552238806,2600,2730.1321861915,130.132186191497
42,Peter Ebdon,England,17,205,127,0.619512195121951,2600,2730.0833810011,130.083381001104
153,Stephen Hendry,Scotland,18,202,119,0.589108910891089,2600,2727.71851092324,127.718510923236
5,Ronnie O'Sullivan,England,19,208,123,0.591346153846154,2600,2727.41414214416,127.414142144163
2533,Panchaya Channoi,Thailand,53,206,118,0.572815533980583,2600,2725.28387854068,125.283878540682
2895,Nattanapong Chaikul,Thailand,42,200,125,0.625,2600,2725.26116500031,125.261165000314
1893,Cheung Ka Wai,Hong Kong,41,200,121,0.605,2600,2724.73142410324,124.731424103239
2132,Jessica Woods,Australia,60,201,126,0.626865671641791,2600,2723.51923033915,123.519230339154
2634,Gong Chenzhi,China,35,200,112,0.56,2600,2723.43361934661,123.43361934661
1383,He Guoqiang,China,35,202,105,0.51980198019802,2600,2722.34246130261,122.342461302612
9,Matthew Stevens,Wales,20,217,127,0.585253456221198,2600,2721.75373792231,121.753737922315
21,Alfie Burden,England,16,211,133,0.630331753554502,2600,2721.53289205193,121.532892051925
1260,Yan Bingtao,China,31,208,109,0.524038461538462,2600,2721.01635045346,121.016350453459
1485,Ng On Yee,Hong Kong,39,200,126,0.63,2600,2720.96090296426,120.960902964256
4,Fu Marco,Hong Kong,20,207,121,0.584541062801932,2600,2720.95775518301,120.957755183014
3151,Liu Wenwei,China,36,205,103,0.502439024390244,2600,2719.76336984741,119.76336984741
2640,Jiang Jun,China,33,202,94,0.465346534653465,2600,2719.58874202201,119.588742022006
237,John Higgins,Scotland,21,201,118,0.587064676616915,2600,2718.4454421435,118.445442143501
585,Pankaj Advani,India,30,204,109,0.534313725490196,2600,2712.88395110261,112.88395110261
2118,Laura Evans,Wales,52,200,123,0.615,2600,2711.50101116137,111.501011161368
97,Shaun Murphy,England,16,208,123,0.591346153846154,2600,2709.44047993629,109.440479936285
2655,Bulcsu Revesz,Hungary,44,202,115,0.569306930693069,2600,2707.98971351773,107.989713517727
959,Chen Ruifu,China,35,200,110,0.55,2600,2707.81872645062,107.818726450618
2797,Oliver Sykes,England,41,204,112,0.549019607843137,2600,2706.79587879494,106.795878794942
2630,Xing Zihao,China,35,204,89,0.436274509803922,2600,2706.73944891088,106.739448910884
520,Lee Walker,Wales,13,204,120,0.588235294117647,2600,2706.55246489042,106.552464890419
1166,Drew Henry,Scotland,15,207,120,0.579710144927536,2600,2706.00490577129,106.004905771285
2745,Quinten Hann,Australia,21,205,114,0.55609756097561,2600,2703.31308359024,103.313083590241
1257,Pang Junxu,China,32,205,95,0.463414634146342,2600,2703.30299439235,103.302994392353
170,Ken Doherty,Ireland,21,200,116,0.58,2600,2703.13268866811,103.132688668106
2103,Xu Yichen,China,29,203,89,0.438423645320197,2600,2702.95925473309,102.959254733089
168,Joe Perry,England,16,202,116,0.574257425742574,2600,2701.4596224945,101.459622494503
85,Jack Lisowski,England,37,204,114,0.558823529411765,2600,2701.43467505443,101.43467505443
31,Dave Harold,England,21,202,117,0.579207920792079,2600,2701.35835862953,101.358358629531
1189,Ehsan Heydari Nezhad,Iran,33,203,106,0.522167487684729,2600,2701.04493155123,101.044931551231
1930,Hassan Kerde,Australia,39,201,115,0.572139303482587,2600,2700.76886468101,100.768864681013
15,Mark Davis,England,15,205,120,0.585365853658537,2600,2700.48212788131,100.482127881308
1102,Hu Hao,China,36,202,108,0.534653465346535,2600,2700.13724791436,100.13724791436
2125,So Man Yan,Hong Kong,56,202,119,0.589108910891089,2600,2699.11181418403,99.1118141840257
14,Nigel Bond,England,22,207,114,0.550724637681159,2600,2698.84872106548,98.8487210654776
193,James Wattana,Thailand,24,201,112,0.557213930348259,2600,2698.82987360658,98.8298736065813
2469,Wu Yize,China,32,202,96,0.475247524752475,2600,2698.73792218145,98.7379221814499
2754,Julien Leclercq,Belgium,37,201,103,0.512437810945274,2600,2697.64099136843,97.6409913684279
74,Adam Duffy,England,36,201,112,0.557213930348259,2600,2696.52836000111,96.528360001108
2608,Ma Hailong,China,34,203,83,0.408866995073892,2600,2696.37989682003,96.3798968200322
2607,Gao Yang,China,39,202,90,0.445544554455446,2600,2696.30396613538,96.3039661353842
3196,Sebastian Milewski,Poland,49,205,121,0.590243902439024,2600,2695.54450999738,95.5445099973813
2115,Ip Wan In Jaique,Hong Kong,57,200,119,0.595,2600,2694.9399379459,94.9399379459037
296,Li Yan,China,35,203,104,0.512315270935961,2600,2694.58833045724,94.588330457239
17,Mark Selby,England,18,208,116,0.557692307692308,2600,2694.53166694155,94.5316669415474
1237,Luo Honghao,China,32,200,98,0.49,2600,2694.50003382984,94.5000338298441
448,Duane Jones,Wales,36,201,117,0.582089552238806,2600,2694.03892720751,94.0389272075108
128,Stuart Carrington,England,37,202,112,0.554455445544555,2600,2693.34616467212,93.3461646721175
13,Stephen Lee,England,20,205,118,0.575609756097561,2600,2693.21413052306,93.2141305230598
2046,Paul Norris,England,42,202,120,0.594059405940594,2600,2692.6679106897,92.6679106896972
323,Passakorn Suwannawat,Thailand,27,200,105,0.525,2600,2692.43939381292,92.4393938129174
63,Fergal O'Brien,Ireland,18,200,110,0.55,2600,2692.3706339272,92.3706339271953
119,Simon Bedford,England,14,207,122,0.589371980676329,2600,2690.48946544146,90.4894654414584
1003,Daniel Ward,England,39,201,115,0.572139303482587,2600,2689.99999182763,89.9999918276276
1188,Muhammad Asif,Pakistan,29,201,103,0.512437810945274,2600,2689.8637712198,89.8637712197997
3982,Kaylan Patel,England,39,201,112,0.557213930348259,2600,2689.05222251253,89.0522225125264
669,Alain Robidoux,Canada,25,204,116,0.568627450980392,2600,2688.64682568323,88.6468256832254
44,Alan McManus,Scotland,18,207,113,0.545893719806763,2600,2687.86905897808,87.8690589780758
1595,Bai Langning,China,27,200,83,0.415,2600,2687.75800529991,87.7580052999124
1350,Amir Sarkhosh,Iran,37,202,109,0.53960396039604,2600,2686.94906299448,86.9490629944835
1044,Chris Wakelin,England,33,201,104,0.517412935323383,2600,2686.26456671646,86.2645667164607
1114,Fang Xiongman,China,37,203,107,0.527093596059113,2600,2685.88369438857,85.8836943885722
184,Yu Delu,China,30,203,101,0.497536945812808,2600,2685.82913491345,85.829134913447
3192,Michał Szubarczyk,Poland,44,202,113,0.55940594059406,2600,2685.74773774445,85.7477377444511
202,Mark Allen,Northern Ireland,24,201,109,0.54228855721393,2600,2685.54443253342,85.5444325334215
200,Liang Wenbo,China,23,208,112,0.538461538461538,2600,2685.07686582305,85.0768658230541
2470,Aaron Hill,Ireland,37,201,97,0.482587064676617,2600,2685.0123312667,85.012331266696
620,Eden Sharav,Israel,38,201,112,0.557213930348259,2600,2684.63437432108,84.6343743210814
666,Hossein Vafaei,Iran,27,202,100,0.495049504950495,2600,2684.06094732658,84.0609473265786
234,Richard Beckham,England,39,202,111,0.54950495049505,2600,2683.70395025236,83.7039502523603
1231,Zhao Hanyang,China,32,205,96,0.468292682926829,2600,2683.02052823392,83.0205282339225
2127,Suzie Terry,England,56,202,117,0.579207920792079,2600,2682.98967048311,82.9896704831072
1160,Yao Pengcheng,China,38,209,96,0.45933014354067,2600,2682.87975128051,82.8797512805136
112,Stephen Craigie,England,34,201,110,0.54726368159204,2600,2682.48029957878,82.4802995787754
218,Tian Pengfei,China,26,205,101,0.492682926829268,2600,2681.76718434239,81.7671843423946
581,Fung Kwok Wai,Hong Kong,39,202,111,0.54950495049505,2600,2680.92311168664,80.923111686639
906,Zhou Yuelong,China,33,201,101,0.502487562189055,2600,2680.8776114763,80.8776114762977
2293,Fong Mei Mei,Hong Kong,60,202,116,0.574257425742574,2600,2680.46563473556,80.4656347355594
64,Bjorn Haneveer,Belgium,16,211,125,0.592417061611374,2600,2680.31898758155,80.3189875815479
51,Andy Hicks,England,16,204,114,0.558823529411765,2600,2680.11629308963,80.116293089633
2784,Denys Khmelevskyi,Ukraine,42,201,111,0.552238805970149,2600,2679.95300269221,79.9530026922093
224,Ding Junhui,China,21,206,108,0.524271844660194,2600,2679.65325646999,79.653256469986
2157,Ian Martin,England,35,204,109,0.534313725490196,2600,2679.22836341026,79.2283634102591
616,Billy Castle,England,35,205,104,0.507317073170732,2600,2677.98143402294,77.9814340229391
52,Graeme Dott,Scotland,17,205,109,0.531707317073171,2600,2677.78458092588,77.7845809258843
2171,Ho Yee Ki,Hong Kong,59,203,113,0.556650246305419,2600,2677.67399697778,77.673996977775
497,Michael Georgiou,Cyprus,36,205,116,0.565853658536585,2600,2677.59156721144,77.5915672114375
2498,Lei Peifan,China,32,205,90,0.439024390243902,2600,2677.58157119134,77.5815711913392
3220,Euan Henderson,Scotland,16,203,114,0.561576354679803,2600,2677.20369963996,77.2036996399552
87,Ian Burns,England,37,203,113,0.556650246305419,2600,2677.12817362568,77.1281736256783
408,John Parrott,England,19,207,116,0.560386473429952,2600,2675.90153149846,75.9015314984631
40,Ben Harrison,England,39,202,111,0.54950495049505,2600,2675.19366049627,75.1936604962702
967,Guan Zhen,China,38,200,108,0.54,2600,2675.18836500357,75.1883650035716
8,Tom Ford,England,17,205,114,0.55609756097561,2600,2674.83174745156,74.8317474515589
45,Liam Highfield,England,34,212,111,0.523584905660377,2600,2674.69189378002,74.6918937800169
212,Steve Davis,England,15,207,116,0.560386473429952,2600,2674.65788820987,74.6578882098716
2335,Ben Hancorn,England,45,201,108,0.537313432835821,2600,2673.65635326719,73.656353267188
2298,Asutosh Padhy,India,41,200,109,0.545,2600,2673.5958670081,73.5958670081022
3213,Jason Ferguson,England,17,203,113,0.556650246305419,2600,2673.17551562986,73.1755156298555
53,Jamie Burnett,Scotland,17,206,112,0.54368932038835,2600,2672.6417365714,72.6417365713992
2166,Jackson Page,Wales,32,212,98,0.462264150943396,2600,2672.62564101371,72.625641013708
2169,Emma Parker,England,63,202,112,0.554455445544555,2600,2672.47780988578,72.4778098857755
1191,Paul Hunter,England,19,209,113,0.54066985645933,2600,2671.0581942307,71.0581942306963
12,Judd Trump,England,20,208,110,0.528846153846154,2600,2671.03286202276,71.032862022757
894,Scott Donaldson,Scotland,34,200,101,0.505,2600,2670.71137701441,70.7113770144138
62,Ricky Walden,England,22,211,122,0.578199052132701,2600,2670.11557323151,70.1155732315051
668,Neal Foulds,England,21,205,110,0.536585365853659,2600,2669.84585653093,69.8458565309325
3261,Martin Clark,England,27,201,111,0.552238805970149,2600,2669.56745859031,69.5674585903134
997,Dylan Craig,Scotland,39,204,115,0.563725490196078,2600,2669.18467126289,69.1846712628913
2499,Dean Young,Scotland,45,204,111,0.544117647058824,2600,2668.98492078865,68.9849207886509
2352,Ross Bulman,Ireland,35,205,99,0.482926829268293,2600,2668.13245305733,68.1324530573347
177,Rod Lawler,England,18,201,113,0.562189054726368,2600,2667.58763048803,67.5876304880317
617,Ashley Wright,England,36,202,107,0.52970297029703,2600,2667.31052639489,67.310526394886
1167,Bradley Jones,England,14,203,110,0.541871921182266,2600,2667.15429553794,67.1542955379428
733,George Pragnell,England,34,202,99,0.49009900990099,2600,2667.03637135409,67.0363713540846
2877,Terry Griffiths,Wales,17,208,117,0.5625,2600,2667.02355254285,67.0235525428534
905,Lyu Haotian,China,29,204,90,0.441176470588235,2600,2666.55253314495,66.5525331449467
133,Chen Zhe,China,36,201,109,0.54228855721393,2600,2666.30660462863,66.3066046286299
59,Nick Jennings,England,38,203,111,0.54679802955665,2600,2666.12836911027,66.1283691102653
1155,Geng Mingqi,China,34,201,110,0.54726368159204,2600,2665.9764255863,65.9764255862979
109,Sam Craigie,England,34,204,101,0.495098039215686,2600,2665.94968437588,65.9496843758802
26,Allan Taylor,England,37,205,111,0.541463414634146,2600,2665.54727990498,65.5472799049785
16,Barry Hawkins,England,18,203,108,0.532019704433498,2600,2665.51914316575,65.5191431657477
418,Mohammed Shehab,United Arab Emirates,25,200,92,0.46,2600,2665.43172855937,65.4317285593679
680,Mateusz Baranowski,Poland,37,204,106,0.519607843137255,2600,2665.36405378937,65.3640537893648
2882,Jake Crofts,England,42,201,104,0.517412935323383,2600,2665.32895811764,65.3289581176368
3199,Liu Shaun,Hong Kong,47,203,107,0.527093596059113,2600,2665.23841973674,65.2384197367351
1348,Kristjan Helgason,Iceland,15,207,110,0.531400966183575,2600,2665.08599333241,65.0859933324082
804,Gary Wilkinson,England,25,200,104,0.52,2600,2665.00430525806,65.0043052580622
2722,Alex Clenshaw,England,46,203,106,0.522167487684729,2600,2664.90298380706,64.9029838070578
30,Stuart Bingham,England,16,207,115,0.555555555555556,2600,2664.72075429549,64.7207542954943
78,James McBain,Scotland,22,201,108,0.537313432835821,2600,2664.28171162026,64.2817116202559
3222,John Read,England,17,202,112,0.554455445544555,2600,2664.27191166167,64.2719116616654
958,Li Yuan,China,36,202,96,0.475247524752475,2600,2664.21964984375,64.2196498437493
1261,Long Zehuang,China,38,200,96,0.48,2600,2664.14042370471,64.1404237047077
20,Jimmy White,England,15,202,111,0.54950495049505,2600,2664.00730147513,64.0073014751283
580,Steve Mifsud,Australia,37,202,111,0.54950495049505,2600,2663.94200249011,63.9420024901056
204,Michael Judge,Ireland,15,202,109,0.53960396039604,2600,2663.8676581939,63.8676581938971
1426,Anthony Davies,Wales,17,208,112,0.538461538461538,2600,2663.21658978112,63.2165897811178
795,Steve Newbury,Wales,27,204,101,0.495098039215686,2600,2662.08876279665,62.088762796654
56,Patrick Wallace,Northern Ireland,16,219,114,0.520547945205479,2600,2661.4666052822,61.4666052821949
1049,Steve James,England,21,205,105,0.51219512195122,2600,2661.36302063012,61.3630206301164
35,Joe Swail,Northern Ireland,21,212,113,0.533018867924528,2600,2661.36017761865,61.3601776186533
2749,Paul Deaville,England,45,202,97,0.48019801980198,2600,2661.24340612731,61.2434061273098
2888,Leone Crowley,Ireland,43,203,106,0.522167487684729,2600,2661.08592904853,61.0859290485309
1307,Brian Cini,Malta,39,200,112,0.56,2600,2660.45399293977,60.4539929397693
43,Liu Chuang,China,22,203,103,0.507389162561576,2600,2660.4210083339,60.4210083339035
2778,Liam Pullen,England,40,201,106,0.527363184079602,2600,2659.90631630862,59.9063163086175
2887,Chatchapong Nasa,Thailand,33,202,92,0.455445544554456,2600,2659.5001345806,59.5001345806036
130,David Gray,England,19,213,112,0.525821596244132,2600,2659.49561198169,59.4956119816934
2049,Simon Blackwell,England,43,205,107,0.521951219512195,2600,2659.24854414436,59.2485441443587
2,Stephen Maguire,Scotland,16,203,111,0.54679802955665,2600,2658.75609493258,58.7560949325825
2875,Ray Reardon,Wales,16,206,117,0.567961165048544,2600,2658.3751380702,58.3751380702033
526,John Astley,England,36,206,109,0.529126213592233,2600,2658.09018627145,58.0901862714523
68,Ryan Day,Wales,16,204,111,0.544117647058824,2600,2657.71749328838,57.7174932883818
1835,Florian Nüßle,Austria,36,203,99,0.487684729064039,2600,2657.30923564743,57.3092356474322
422,Leo Fernandez,Ireland,15,202,109,0.53960396039604,2600,2656.85289414834,56.8528941483419
1934,Soheil Vahedi,Iran,32,201,84,0.417910447761194,2600,2656.46425606733,56.4642560673315
1394,Ismail Türker,Turkey,46,203,112,0.551724137931035,2600,2656.18541527824,56.1854152782426
108,Aditya Mehta,India,31,204,100,0.490196078431373,2600,2655.91691491629,55.9169149162917
898,Ross Muir,Scotland,36,201,99,0.492537313432836,2600,2655.76393674704,55.7639367470401
908,Lu Ning,China,29,201,90,0.447761194029851,2600,2655.15589330777,55.1558933077708
420,John Sutton,Ireland,37,205,109,0.531707317073171,2600,2654.90649161278,54.9064916127791
3208,Paul Sweeny,England,18,200,107,0.535,2600,2654.8317595938,54.8317595938015
2438,Liam Davies,Wales,42,202,100,0.495049504950495,2600,2654.7647922006,54.7647922005963
1931,Noppadon Noppachorn,Thailand,16,210,114,0.542857142857143,2600,2654.6503515518,54.6503515518039
1407,Xu Si,China,31,201,86,0.427860696517413,2600,2654.5887639529,54.5887639528955
192,Issara Kachaiwong,Thailand,26,206,101,0.490291262135922,2600,2654.49016535761,54.4901653576076
714,Billy Snaddon,Scotland,17,212,111,0.523584905660377,2600,2654.16813866531,54.1681386653118
3062,Riley Powell,Wales,41,202,100,0.495049504950495,2600,2654.09534730046,54.095347300462
158,Ali Carter,England,20,202,102,0.504950495049505,2600,2654.01094991334,54.0109499133414
171,Michael White,Wales,20,204,108,0.529411764705882,2600,2652.5398561384,52.5398561384041
60,Andrew Norman,England,18,203,111,0.54679802955665,2600,2652.53313967996,52.5331396799584
910,Chen Feilong,China,34,204,90,0.441176470588235,2600,2652.47812939078,52.4781293907772
239,Alexander Ursenbacher,Switzerland,33,202,89,0.440594059405941,2600,2652.43638798919,52.4363879891862
657,Brian Morgan,England,20,210,110,0.523809523809524,2600,2652.31399876382,52.3139987638228
75,James McGouran,England,35,200,106,0.53,2600,2652.20147448302,52.2014744830167
3209,Terry Murphy,Northern Ireland,18,204,101,0.495098039215686,2600,2652.01366787184,52.0136678718363
1479,Chang Yu Kiu,Hong Kong,39,203,103,0.507389162561576,2600,2651.92771852242,51.9277185224214
96,Robbie Williams,England,37,205,105,0.51219512195122,2600,2651.32336694362,51.3233669436204
917,Rhys Clark,Scotland,37,207,103,0.497584541062802,2600,2651.12303214154,51.1230321415396
492,Stefan Mazrocis,England,14,216,116,0.537037037037037,2600,2650.99641937066,50.996419370656
2931,Haris Tahir,Pakistan,30,201,82,0.407960199004975,2600,2650.81551331506,50.815513315059
1111,Wang Zepeng,China,36,201,99,0.492537313432836,2600,2650.50522868648,50.505228686478
3063,Oliver Briffett-Payne,Wales,44,206,106,0.514563106796117,2600,2650.48773781823,50.4877378182277
27,Martin Gould,England,16,205,106,0.517073170731707,2600,2650.46999447596,50.4699944759564
28,Mark King,England,16,211,108,0.511848341232227,2600,2650.41419841964,50.4141984196408
1322,Michael Williams,England,40,200,104,0.52,2600,2650.3640907515,50.364090751495
2982,Jack Borwick,Scotland,46,201,105,0.522388059701493,2600,2650.32900600761,50.3290060076047
2369,Cheung Yee Ting,Hong Kong,57,201,104,0.517412935323383,2600,2650.20641566625,50.2064156662468
38,Gerard Greene,Northern Ireland,18,203,102,0.502463054187192,2600,2650.07103492475,50.0710349247515
954,Wang Yuchen,Hong Kong,35,205,97,0.473170731707317,2600,2649.9545639751,49.9545639751009
1298,Peter Francisco,South Africa,26,204,103,0.504901960784314,2600,2649.59525246321,49.5952524632089
973,Shachar Ruberg,Israel,32,203,97,0.477832512315271,2600,2649.55133747407,49.5513374740681
608,Elliot Slessor,England,36,203,102,0.502463054187192,2600,2649.25435645576,49.2543564557573
80,Sam Thistlewhite,England,38,203,104,0.512315270935961,2600,2649.24680313762,49.2468031376161
2975,Ayaan Iqbal,Scotland,51,202,108,0.534653465346535,2600,2649.00624197084,49.0062419708374
582,Dechawat Poomjaeng,Thailand,31,200,92,0.46,2600,2648.83399368852,48.8339936885191
99,Lee Spick,England,14,203,109,0.536945812807882,2600,2648.63395658008,48.6339565800772
104,Adam Stefanow,Poland,39,200,102,0.51,2600,2648.38416618513,48.3841661851288
181,Tony Knowles,England,13,202,112,0.554455445544555,2600,2648.13766805974,48.1376680597432
1082,Lukas Kleckers,Germany,36,203,102,0.502463054187192,2600,2647.97007893496,47.9700789349554
534,Fraser Patrick,Scotland,31,204,108,0.529411764705882,2600,2647.68095347017,47.680953470172
469,Joe Johnson,England,24,207,110,0.531400966183575,2600,2647.32423272239,47.3242327223916
10,Jamie Jones,Wales,27,200,99,0.495,2600,2647.15349923732,47.1534992373245
1470,Nathan Jones,England,42,201,105,0.522388059701493,2600,2646.94411100993,46.9441110099256
519,Luke Simmonds,England,27,200,101,0.505,2600,2646.80325940189,46.8032594018919
103,Ian McCulloch,England,15,209,108,0.516746411483254,2600,2646.80283604278,46.8028360427811
2083,Robert Read,England,39,202,103,0.50990099009901,2600,2646.74488109397,46.7448810939741
58,Jordan Brown,Northern Ireland,26,200,105,0.525,2600,2646.71721047331,46.7172104733072
1,Mark J Williams,Wales,23,204,99,0.485294117647059,2600,2646.42906931203,46.4290693120247
2874,Tony Meo,England,16,201,105,0.522388059701493,2600,2646.39354799738,46.3935479973761
2803,Alfie Davies,Wales,42,202,103,0.50990099009901,2600,2646.2699636182,46.2699636182001
41,Tony Drago,Malta,25,206,101,0.490291262135922,2600,2646.0756082668,46.0756082667977
2880,Chris Small,Scotland,13,201,103,0.512437810945274,2600,2645.98374490765,45.9837449076517
217,Thepchaiya Un-Nooh,Thailand,23,205,104,0.507317073170732,2600,2645.68876620426,45.6887662042614
25,Andrew Higginson,England,14,212,116,0.547169811320755,2600,2645.58210388717,45.5821038871732
2879,Silvino Francisco,South Africa,18,209,110,0.526315789473684,2600,2645.56604461829,45.5660446182878
3258,Mick Price,Ireland,18,203,104,0.512315270935961,2600,2645.47470356184,45.4747035618398
2145,Stephanie Daughtery,England,66,201,108,0.537313432835821,2600,2645.38804242291,45.3880424229105
2249,Umut Dikme,Germany,40,200,99,0.495,2600,2645.21492252112,45.2149225211206
33,Dominic Dale,Wales,15,218,118,0.541284403669725,2600,2644.85583858459,44.8558385845899
2865,Daniel Boyes,England,46,202,107,0.52970297029703,2600,2644.8176340267,44.8176340266991
2497,Kreishh Gurbaxani,India,40,201,94,0.467661691542289,2600,2644.72108616692,44.7210861669228
1108,Yuan Sijun,China,31,207,85,0.410628019323671,2600,2644.65058940619,44.6505894061916
2977,Nicolas Mortreux,France,46,201,105,0.522388059701493,2600,2644.59153492988,44.5915349298748
46,Liu Song,China,19,201,95,0.472636815920398,2600,2644.26678493922,44.2667849392187
3254,Stephen O'Connor,Ireland,15,206,110,0.533980582524272,2600,2644.26012423946,44.2601242394562
911,Adrian Ridley,Australia,38,201,94,0.467661691542289,2600,2643.35520774996,43.355207749958
36,Jimmy Michie,England,17,215,110,0.511627906976744,2600,2643.16985781038,43.1698578103842
1737,David John,Wales,32,203,87,0.428571428571429,2600,2643.16031377606,43.1603137760567
1201,Zachary Richardson,England,37,203,110,0.541871921182266,2600,2643.10805575312,43.1080557531195
933,Chen Zifan,China,35,201,93,0.462686567164179,2600,2642.95583952816,42.955839528162
2758,Stan Moody,England,37,200,95,0.475,2600,2642.6956928464,42.6956928463956
2620,Peng Yisong,China,32,201,73,0.36318407960199,2600,2642.6512239034,42.6512239033959
713,John Lardner,Scotland,17,203,99,0.487684729064039,2600,2642.54227585187,42.5422758518712
3,Jamie Cope,England,22,209,106,0.507177033492823,2600,2642.34302814736,42.3430281473561
941,Lin Shuai,China,35,202,94,0.465346534653465,2600,2642.30116222626,42.3011622262579
1465,Antoni Kowalski,Poland,38,200,100,0.5,2600,2641.89681973879,41.8968197387849
1195,Stuart Mann,England,16,202,110,0.544554455445545,2600,2641.42416106943,41.4241610694298
3460,Warren King,Australia,24,208,98,0.471153846153846,2600,2641.34993539925,41.3499353992479
1923,Ben Mertens,Belgium,44,210,102,0.485714285714286,2600,2641.33013212414,41.3301321241443
120,Martin O'Donnell,England,36,202,102,0.504950495049505,2600,2641.311089407,41.3110894070028
124,Michael Wild,England,33,206,108,0.524271844660194,2600,2641.25792170059,41.2579217005873
982,Harvey Chandler,England,32,200,81,0.405,2600,2640.88531493709,40.885314937088
1323,Ashley Hugill,England,38,200,99,0.495,2600,2640.84064149186,40.8406414918609
1211,Joe Roberts,England,37,203,106,0.522167487684729,2600,2640.69467796638,40.6946779663808
11,Marcus Campbell,Scotland,17,200,101,0.505,2600,2640.66687405255,40.6668740525515
118,David Gilbert,England,18,201,103,0.512437810945274,2600,2640.13548987234,40.1354898723389
1101,Niu Zhuang,China,35,205,82,0.4,2600,2640.11118981382,40.1111898138224
269,Gareth Allen,Wales,39,205,106,0.517073170731707,2600,2640.07914442012,40.0791444201186
2747,Hayden Staniland,England,43,202,99,0.49009900990099,2600,2639.83897656301,39.838976563005
24,Xiao Guodong,China,23,217,104,0.47926267281106,2600,2639.14832151539,39.1483215153899
1552,Andres Petrov,Estonia,41,201,98,0.487562189054726,2600,2639.13276865045,39.132768650446
546,Gary Wilson,England,24,206,104,0.504854368932039,2600,2639.10916879326,39.1091687932626
1567,Simon Lichtenberg,Germany,38,205,101,0.492682926829268,2600,2639.0032455408,39.0032455408018
724,Ashley Carty,England,35,202,98,0.485148514851485,2600,2638.80075116595,38.8007511659489
2439,Liam Graham,Scotland,41,214,103,0.481308411214953,2600,2638.59127350896,38.5912735089578
2878,Alex Higgins,Northern Ireland,17,204,110,0.53921568627451,2600,2638.14940218891,38.1494021889112
34,Michael Wasley,England,35,200,99,0.495,2600,2638.02005510557,38.0200551055723
3221,Gary Ponting,England,16,206,104,0.504854368932039,2600,2637.94112530171,37.9411253017056
339,Maimaiti Rouzi,China,34,200,89,0.445,2600,2637.65906265991,37.6590626599095
101,Luca Brecel,Belgium,35,202,94,0.465346534653465,2600,2637.43031609751,37.4303160975128
2184,Willie Thorne,England,14,205,106,0.517073170731707,2600,2637.31501397125,37.3150139712461
82,Ian Glover,England,36,202,102,0.504950495049505,2600,2637.15475103049,37.154751030494
163,Farakh Ajaib,Pakistan,38,203,104,0.512315270935961,2600,2636.98072466308,36.9807246630799
1177,Michael Collumb,Scotland,38,200,101,0.505,2600,2636.9709910584,36.9709910584002
173,Paul Davies,Wales,19,200,101,0.505,2600,2636.94453942695,36.9445394269487
207,Nick Pearce,England,17,201,101,0.502487562189055,2600,2636.93723775385,36.9372377538521
2807,Vladislav Gradinari,Moldova,41,225,108,0.48,2600,2636.91722126518,36.9172212651815
2507,Robbie McGuigan,Northern Ireland,47,203,98,0.482758620689655,2600,2636.74252461104,36.7425246110415
2345,Alex Millington,England,40,201,103,0.512437810945274,2600,2636.73115754513,36.7311575451263
81,Zhang Anda,China,21,200,97,0.485,2600,2636.30090425438,36.3009042543795
414,Colm Gilcreest,Ireland,18,202,106,0.524752475247525,2600,2636.09957231445,36.0995723144515
2751,Jamie Wilson,England,42,203,80,0.394088669950739,2600,2635.91459242774,35.9145924277391
67,David Grace,England,34,202,99,0.49009900990099,2600,2635.57036894998,35.5703689499792
194,Joe Delaney,Ireland,14,202,107,0.52970297029703,2600,2635.47991107009,35.4799110700878
667,Dene O'Kane,New Zealand,22,211,100,0.4739336492891,2600,2635.37223544571,35.3722354457141
92,Robert Milkins,England,15,214,112,0.523364485981308,2600,2634.99768407562,34.9976840756235
4156,Arsenii Korolev,Bulgaria,46,202,102,0.504950495049505,2600,2634.51370190964,34.5137019096383
306,Mei Xiwen,China,28,201,96,0.477611940298507,2600,2634.45561448144,34.4556144814401
510,Lyu Chenwei,China,34,204,86,0.42156862745098,2600,2634.05708182124,34.0570818212359
29,Matthew Couch,England,17,213,109,0.511737089201878,2600,2633.41811665594,33.4181166559401
523,Sydney Wilson,England,36,204,106,0.519607843137255,2600,2633.22169529084,33.2216952908416
47,Matthew Selt,England,21,208,104,0.5,2600,2633.16114797825,33.1611479782459
2595,Mark Lloyd,England,42,205,92,0.448780487804878,2600,2633.02797614513,33.0279761451307
216,Thanawat Tirapongpaiboon,Thailand,30,200,93,0.465,2600,2632.97883908202,32.9788390820245
840,Daan Leyssen,Spain,42,202,101,0.5,2600,2632.77882306041,32.778823060406
391,Kevin Van Hove,Belgium,39,202,102,0.504950495049505,2600,2632.65703460529,32.6570346052945
507,Cao Yupeng,China,33,202,87,0.430693069306931,2600,2632.13424840543,32.1342484054335
762,Josh Boileau,Ireland,39,203,103,0.507389162561576,2600,2631.82506426794,31.82506426794
800,Wayne Jones,Wales,22,204,100,0.490196078431373,2600,2631.78363952506,31.7836395250565
154,Neil Robertson,Australia,14,205,107,0.521951219512195,2600,2631.4761148925,31.4761148924986
190,David Morris,Ireland,17,209,104,0.497607655502392,2600,2631.22935466077,31.2293546607707
2505,David Finbow,England,19,214,104,0.485981308411215,2600,2631.06163983231,31.0616398323118
2782,Alfie Lee,England,44,202,99,0.49009900990099,2600,2630.82978637307,30.8297863730736
522,Saqib Nasir,England,37,205,109,0.531707317073171,2600,2630.80421102437,30.8042110243723
77,Gareth Green,England,35,201,101,0.502487562189055,2600,2630.74872574932,30.7487257493194
2274,Brian Ochoiski,France,39,205,99,0.482926829268293,2600,2630.71763939887,30.7176393988739
3256,Leigh Griffin,England,16,213,105,0.492957746478873,2600,2630.71169486912,30.7116948691155
1018,Aaron Busuttil,Malta,40,203,100,0.492610837438424,2600,2630.65656858972,30.656568589724
947,Zhang Yong,China,35,201,85,0.422885572139304,2600,2630.6352677009,30.6352677008972
2134,Zhang Jiankang,China,34,207,74,0.357487922705314,2600,2630.2520381743,30.2520381742997
723,Nico Elton,England,38,203,97,0.477832512315271,2600,2629.82969062635,29.8296906263458
1762,Hamza Akbar,Pakistan,27,200,66,0.33,2600,2629.72886017416,29.7288601741611
802,Tony Chappel,Wales,27,206,91,0.441747572815534,2600,2629.30848646047,29.3084864604698
32,Daniel Wells,Wales,19,203,101,0.497536945812808,2600,2629.1957811392,29.1957811392003
76,Sam Baird,England,27,213,106,0.497652582159624,2600,2628.96809627591,28.9680962759121
226,Habib Subah Humood,Bahrain,38,200,99,0.495,2600,2628.84536470852,28.8453647085216
125,Michael Holt,England,18,206,104,0.504854368932039,2600,2628.20216001758,28.2021600175845
423,Matthew Day,England,39,201,99,0.492537313432836,2600,2628.03102228701,28.0310222870135
93,Jimmy Robertson,England,21,215,108,0.502325581395349,2600,2627.98344251577,27.9834425157678
169,Joel Walker,England,37,205,105,0.51219512195122,2600,2627.8659922203,27.8659922202983
2204,Chae Ross,England,38,200,99,0.495,2600,2627.84111536796,27.8411153679585
1505,Jason Weston,England,15,207,107,0.516908212560387,2600,2627.50399218397,27.5039921839689
295,Li Hang,China,22,205,98,0.478048780487805,2600,2627.4398700366,27.4398700366005
983,Brandon Sargeant,England,35,207,101,0.48792270531401,2600,2627.01814616239,27.0181461623865
358,Tomasz Skalski,Belgium,37,204,96,0.470588235294118,2600,2626.93938609917,26.9393860991686
1090,Chau Hon Man,Hong Kong,40,201,96,0.477611940298507,2600,2626.86409908983,26.8640990898334
2378,Ryan Davies,England,42,206,98,0.475728155339806,2600,2626.8466524221,26.8466524221035
2963,Joel Connolly,Northern Ireland,45,200,97,0.485,2600,2626.84525854827,26.8452585482733
539,Liam Monk,England,38,202,100,0.495049504950495,2600,2626.78802199827,26.7880219982667
86,Adam Wicheard,England,31,204,95,0.465686274509804,2600,2626.41992556351,26.4199255635049
3269,Mark Johnston-Allen,England,23,212,108,0.509433962264151,2600,2626.37766049984,26.3776604998388
552,Sean O'Sullivan,England,38,205,101,0.492682926829268,2600,2626.36652735218,26.3665273521815
2746,Connor Benzey,England,41,200,96,0.48,2600,2625.87963853195,25.8796385319547
1590,Josh Mulholland,England,41,205,102,0.497560975609756,2600,2625.84773415605,25.8477341560465
65,Andrew Pagett,Wales,32,201,97,0.482587064676617,2600,2625.72539224478,25.7253922447799
1653,Darryn Walker,England,14,214,111,0.518691588785047,2600,2625.5799218063,25.5799218062975
633,Andreas Ploner,Austria,38,200,91,0.455,2600,2625.24145002609,25.2414500260866
2876,John Spencer,England,17,200,106,0.53,2600,2625.15096607223,25.150966072229
815,Jurian Heusdens,Belgium,39,202,101,0.5,2600,2624.75726380815,24.7572638081506
1045,Louis Heathcote,England,36,204,97,0.475490196078431,2600,2624.71055850468,24.7105585046802
3187,Christian Richter,Germany,45,203,103,0.507389162561576,2600,2624.69549377449,24.6954937744945
2392,Callum Beresford,England,44,206,98,0.475728155339806,2600,2624.35207501542,24.3520750154157
920,Ben Jones,Wales,39,201,100,0.497512437810945,2600,2624.33822900179,24.3382290017871
115,Anthony Hamilton,England,18,203,102,0.502463054187192,2600,2624.04111595839,24.0411159583914
159,Callum Downing,England,37,203,99,0.487684729064039,2600,2623.71768603797,23.7176860379732
1038,Joe O'Connor,England,33,200,96,0.48,2600,2623.68407473244,23.68407473244
1355,Tony Jones,England,25,203,93,0.458128078817734,2600,2623.55294160711,23.5529416071104
1165,Munraj Pal,England,16,207,107,0.516908212560387,2600,2623.38527584399,23.385275843988
144,Alex Davies,England,33,202,100,0.495049504950495,2600,2623.2517828139,23.2517828139039
37,Peter Lines,England,17,216,108,0.5,2600,2623.24680930579,23.2468093057933
140,Sam Harvey,England,41,205,100,0.487804878048781,2600,2622.60823437527,22.6082343752651
470,Cliff Thorburn,Canada,13,204,107,0.524509803921569,2600,2622.20423494807,22.2042349480698
514,Cao Xinlong,China,31,212,84,0.39622641509434,2600,2622.17806833533,22.178068335329
223,Darren Morgan,Wales,21,203,91,0.448275862068966,2600,2622.12338157215,22.1233815721539
521,Vinnie Calabrese,Australia,33,203,89,0.438423645320197,2600,2622.11381607131,22.1138160713117
605,Steven Hallworth,England,34,202,92,0.455445544554456,2600,2621.39694678604,21.3969467860402
165,Jamie Curtis-Barrett,England,36,206,101,0.490291262135922,2600,2621.27533839882,21.2753383988234
500,Paul Wykes,England,17,210,97,0.461904761904762,2600,2621.20785038523,21.2078503852308
186,Antony Parsons,England,33,201,95,0.472636815920398,2600,2620.87628407411,20.8762840741115
741,Ryan Thomerson,Australia,34,202,93,0.46039603960396,2600,2620.43478332207,20.4347833220672
3260,Chris Scanlon,England,18,214,103,0.481308411214953,2600,2620.36253880621,20.3625388062064
1190,Surinder Gill,England,13,202,102,0.504950495049505,2600,2620.23554397218,20.2355439721759
54,Mike Dunn,England,15,202,98,0.485148514851485,2600,2619.6673945167,19.6673945166986
2340,Sean Maddocks,England,46,203,96,0.472906403940887,2600,2619.56740702358,19.5674070235791
1363,Philip Williams,Wales,21,202,102,0.504950495049505,2600,2619.14368979829,19.1436897982881
1263,Ratchayothin Yotharuck,Thailand,30,202,77,0.381188118811881,2600,2618.93327832097,18.9332783209738
2341,Himanshu Jain,India,37,202,86,0.425742574257426,2600,2618.83735483603,18.83735483603
505,Scott Mackenzie,Scotland,20,204,100,0.490196078431373,2600,2618.63822203859,18.6382220385926
593,Hammad Miah,England,33,202,87,0.430693069306931,2600,2618.40181075177,18.4018107517736
3200,Craig Butler,England,17,203,102,0.502463054187192,2600,2618.20760612944,18.2076061294438
474,Atthasit Mahitthi,Thailand,21,201,100,0.497512437810945,2600,2617.91989712206,17.9198971220576
49,Mitchell Mann,England,37,202,96,0.475247524752475,2600,2617.81207144424,17.8120714442402
1659,Adrian Rosa,England,15,203,102,0.502463054187192,2600,2617.77306616191,17.7730661619075
1509,Rory Thor,Malaysia,32,203,78,0.38423645320197,2600,2617.69460110231,17.694601102306
1812,Patrick Whelan,England,43,203,99,0.487684729064039,2600,2617.18174316901,17.1817431690124
592,Oliver Lines,England,37,200,98,0.49,2600,2617.03299894011,17.0329989401066
205,Mike Hallett,England,20,203,94,0.463054187192118,2600,2616.53703015279,16.5370301527905
102,Kuldesh Johal,England,28,203,92,0.45320197044335,2600,2616.47086513168,16.4708651316778
2775,Faizaan Mohammed,England,43,204,101,0.495098039215686,2600,2616.40781111907,16.4078111190679
716,Paul McPhillips,Scotland,18,201,94,0.467661691542289,2600,2616.30830374822,16.3083037482152
50,Rory McLeod,Jamaica,19,202,101,0.5,2600,2616.03689043853,16.0368904385259
2170,Chu Pui Ying,Hong Kong,63,200,98,0.49,2600,2615.80791958363,15.8079195836285
498,Rodney Goggins,Ireland,19,201,93,0.462686567164179,2600,2615.26887696353,15.2688769635283
468,Dennis Taylor,Northern Ireland,11,201,103,0.512437810945274,2600,2615.05232707855,15.0523270785543
892,Darryl Hill,Isle of Man,31,207,92,0.444444444444444,2600,2614.67657133683,14.6765713368304
3449,Eddie Charlton,Australia,12,207,106,0.51207729468599,2600,2613.81245615354,13.8124561535424
131,Craig Steadman,England,21,202,96,0.475247524752475,2600,2613.44142902294,13.4414290229352
3324,Eugene Hughes,Ireland,22,203,95,0.467980295566503,2600,2613.37287236945,13.3728723694485
2010,Daniel Womersley,England,35,202,87,0.430693069306931,2600,2613.29330960905,13.2933096090524
549,Robin Hull,Finland,16,210,106,0.504761904761905,2600,2613.17738098505,13.1773809850461
2044,Stuart Watson,England,42,201,95,0.472636815920398,2600,2613.16660587766,13.1666058776555
55,Adrian Gunnell,England,21,205,100,0.487804878048781,2600,2613.08503849781,13.0850384978139
3204,Nick Walker,England,15,205,99,0.482926829268293,2600,2612.87400986141,12.8740098614126
1213,Michael Tomlinson,England,32,201,91,0.45273631840796,2600,2612.86772035757,12.8677203575717
1939,Lewis Gillen,England,43,201,95,0.472636815920398,2600,2612.78947880286,12.7894788028593
6,Barry Pinches,England,14,205,105,0.51219512195122,2600,2612.15840316556,12.1584031655616
3280,Karl Payne,England,14,201,96,0.477611940298507,2600,2612.14990101187,12.1499010118669
195,John Whitty,England,28,203,95,0.467980295566503,2600,2611.96933710817,11.9693371081712
2061,Haydon Pinhey,England,40,201,92,0.45771144278607,2600,2611.76610739019,11.766107390185
475,Ian Preece,Wales,15,203,100,0.492610837438424,2600,2611.63247026104,11.6324702610436
1932,Phaitoon Phonbun,Thailand,22,201,89,0.442786069651741,2600,2611.46399691267,11.4639969126652
1433,Tyler Rees,Wales,35,202,92,0.455445544554456,2600,2611.27829025947,11.2782902594713
3463,Steve Duggan,England,25,204,90,0.441176470588235,2600,2611.26390680513,11.2639068051335
2766,Filips Kalnins,Latvia,45,204,97,0.475490196078431,2600,2611.06715175606,11.0671517560563
2055,Joshua Thomond,England,39,200,94,0.47,2600,2610.9271453298,10.9271453298002
672,Jonathan Birch,England,17,203,95,0.467980295566503,2600,2610.87907095129,10.8790709512868
2004,Wayne Brown,England,18,202,93,0.46039603960396,2600,2610.85648595083,10.8564859508292
1149,Huang Jiahao,China,36,200,80,0.4,2600,2610.83881471891,10.8388147189066
615,Shane Castle,England,36,202,99,0.49009900990099,2600,2610.62583047749,10.6258304774874
3289,Andrew Cairns,England,18,201,96,0.477611940298507,2600,2610.30434226021,10.3043422602109
2479,Riley Parsons,England,38,207,75,0.36231884057971,2600,2610.3019390509,10.3019390509044
149,Marc J Davis,Scotland,39,202,98,0.485148514851485,2600,2610.09593850263,10.0959385026295
18,Igor Figueiredo,Brazil,34,213,98,0.460093896713615,2600,2609.56260185384,9.5626018538419
449,Les Dodd,England,24,204,96,0.470588235294118,2600,2609.49789098764,9.49789098763722
79,Jamie O'Neill,England,29,203,88,0.433497536945813,2600,2609.17258402068,9.17258402068364
3468,Ian Graham,England,21,216,102,0.472222222222222,2600,2609.14320788769,9.14320788768691
132,Mitchell Travis,England,36,204,97,0.475490196078431,2600,2608.995927158,8.995927158001
2317,Fergal Quinn,Northern Ireland,42,200,94,0.47,2600,2608.96164937589,8.96164937589356
990,Ben Fortey,Wales,39,202,95,0.47029702970297,2600,2608.23244715635,8.2324471563461
3218,Anthony Bolsover,England,16,202,95,0.47029702970297,2600,2607.99562570397,7.99562570396847
971,Johl Younger,Australia,20,211,106,0.502369668246446,2600,2607.51573604906,7.51573604905889
2320,Dylan Emery,Wales,40,200,89,0.445,2600,2607.37965791713,7.37965791713168
385,David Singh,India,34,203,96,0.472906403940887,2600,2607.04213284983,7.04213284982598
7,Joe Jogia,England,14,208,105,0.504807692307692,2600,2606.88305733108,6.88305733107745
409,David Roe,England,23,211,98,0.464454976303318,2600,2606.77267937865,6.77267937864554
2483,Kayden Brierley,England,43,201,97,0.482587064676617,2600,2606.7315529171,6.731552917096
1844,Mostafa Dorgham,Egypt,32,204,67,0.32843137254902,2600,2606.70946286605,6.70946286604567
235,Ryan Causton,England,37,200,94,0.47,2600,2606.68192784366,6.68192784365783
794,Ian Brumby,England,16,217,106,0.488479262672811,2600,2606.64372587202,6.6437258720207
1168,Chris Melling,England,24,205,93,0.453658536585366,2600,2606.31303746837,6.31303746837057
3255,Karl Broughton,England,18,206,95,0.461165048543689,2600,2605.86318592789,5.86318592788712
3011,Velian Dimitrov,Bulgaria,49,200,92,0.46,2600,2605.73486175029,5.73486175028847
2870,Kirk Stevens,Canada,13,207,103,0.497584541062802,2600,2605.68484449642,5.68484449642347
557,Lee Stephens,England,42,203,96,0.472906403940887,2600,2605.36215662122,5.36215662122186
225,Gary Thomson,Scotland,28,204,99,0.485294117647059,2600,2605.31075238779,5.31075238778794
197,Lee Page,England,30,200,95,0.475,2600,2605.11996469895,5.11996469895166
1006,Sybren Sokolowski,Belgium,46,204,96,0.470588235294118,2600,2605.03281537274,5.03281537274279
179,Stuart Pettman,England,19,210,96,0.457142857142857,2600,2605.0243192208,5.02431922080177
1687,Daniel Holoyda,United States,43,204,95,0.465686274509804,2600,2604.85478802498,4.85478802498392
3484,John Virgo,England,14,202,100,0.495049504950495,2600,2604.77593065925,4.77593065925021
1848,Niel Vincent,France,40,203,97,0.477832512315271,2600,2604.62572441555,4.62572441555358
48,Mark Joyce,England,20,207,91,0.439613526570048,2600,2604.16209010068,4.16209010068087
1186,Chris Totten,Scotland,33,201,76,0.378109452736318,2600,2603.98309537443,3.98309537442992
2881,Bob Chaperon,Canada,26,201,96,0.477611940298507,2600,2603.95927048121,3.95927048120757
3248,Nick Terry,England,19,211,101,0.478672985781991,2600,2603.95385359078,3.95385359078045
922,Nick Dyson,England,17,201,96,0.477611940298507,2600,2603.25568381903,3.25568381903167
806,Doug Mountjoy,Wales,17,215,105,0.488372093023256,2600,2602.99703365882,2.99703365882078
39,Kyren Wilson,England,31,212,90,0.424528301886792,2600,2602.99352945435,2.99352945434657
3728,Perrie Mans,South Africa,14,214,104,0.485981308411215,2600,2602.31879228007,2.3187922800671
3242,Mark Bennett,England,24,202,90,0.445544554455446,2600,2601.58734543655,1.58734543654828
2081,Luke Pinches,England,46,200,92,0.46,2600,2600.85384539777,0.853845397769419
886,William Lemons,England,34,201,92,0.45771144278607,2600,2600.76732871031,0.767328710308902
452,David Taylor,England,14,209,102,0.488038277511962,2600,2598.5543835776,-1.44561642240114
83,Shokat Ali,Pakistan,21,205,87,0.424390243902439,2600,2598.42850203525,-1.57149796475323
89,Zak Surety,England,37,200,98,0.49,2600,2597.53209552223,-2.46790447777448
3509,Bill Werbeniuk,Canada,12,215,105,0.488372093023256,2600,2597.27187025891,-2.72812974108547
283,Jin Long,China,20,202,88,0.435643564356436,2600,2596.4259600223,-3.57403997769688
3515,Rex Williams,England,23,212,91,0.429245283018868,2600,2595.85423708896,-4.14576291104004
3206,Martin Dziewialtowski,Scotland,15,200,92,0.46,2600,2595.62979344602,-4.37020655397782
2030,Jenson Kendrick,England,41,203,92,0.45320197044335,2600,2595.46858769383,-4.53141230616666
135,Charlie Walters,England,36,201,95,0.472636815920398,2600,2595.04606409139,-4.9539359086134
416,Christopher Keogan,England,37,204,91,0.446078431372549,2600,2594.80961068427,-5.19038931573095
2871,Jason Prince,Northern Ireland,18,201,94,0.467661691542289,2600,2594.66331417258,-5.33668582742394
208,Noppon Saengkham,Thailand,31,207,77,0.371980676328502,2600,2594.53563251679,-5.46436748320866
621,Sanderson Lam,England,37,200,89,0.445,2600,2593.41839153566,-6.58160846433657
213,Steve Judd,England,16,200,89,0.445,2600,2592.94097353707,-7.05902646293134
156,Alex Taubman,Wales,39,205,95,0.463414634146342,2600,2592.90994565288,-7.09005434711889
3444,Jack McLaughlin,Northern Ireland,26,200,86,0.43,2600,2592.61116367982,-7.38883632018315
106,Jamie Clarke,Wales,38,202,96,0.475247524752475,2600,2592.48853156024,-7.51146843976085
2755,Aidan Murphy,England,47,200,92,0.46,2600,2592.356432289,-7.64356771100074
659,Dean Reynolds,England,23,212,97,0.457547169811321,2600,2592.12579748089,-7.87420251910726
3234,Jason Wallace,England,14,204,95,0.465686274509804,2600,2591.00548887073,-8.99451112927454
1309,Robert Marshall,England,21,205,92,0.448780487804878,2600,2590.25401168093,-9.7459883190686
1417,Fan Zhengyi,China,30,206,63,0.305825242718447,2600,2590.14165256773,-9.85834743227315
600,Lee Richardson,England,17,201,92,0.45771144278607,2600,2589.90481333142,-10.09518666858
2074,Hamim Hussain,England,40,200,86,0.43,2600,2589.29933121196,-10.7006687880398
525,David McLellan,Scotland,14,200,91,0.455,2600,2588.9975933945,-11.0024066055048
1052,Nigel Gilbert,England,21,201,89,0.442786069651741,2600,2588.84917147284,-11.1508285271589
206,Neal Jones,England,41,202,92,0.455445544554456,2600,2588.3395967304,-11.6604032696036
1122,Peter Devlin,England,40,201,91,0.45273631840796,2600,2587.0566209183,-12.9433790816975
2090,Stephen Kershaw,England,27,200,88,0.44,2600,2586.90280575607,-13.0971942439273
3316,Jim Chambers,England,21,205,93,0.453658536585366,2600,2586.77292712345,-13.2270728765538
143,Jeff Cundy,England,13,204,94,0.46078431372549,2600,2586.49610184434,-13.50389815566
91,Patrick Einsle,Germany,34,204,85,0.416666666666667,2600,2586.34172288194,-13.658277118056
3224,Darren Clarke,England,17,201,86,0.427860696517413,2600,2586.1776607809,-13.8223392190985
1162,Sean Storey,England,16,208,90,0.432692307692308,2600,2586.14821784739,-13.8517821526061
3317,Mark Rowing,England,19,207,93,0.449275362318841,2600,2586.11761565901,-13.8823843409909
631,Ricky Norris,England,37,203,91,0.448275862068966,2600,2584.77932992854,-15.2206700714623
3504,Dave Martin,England,24,206,95,0.461165048543689,2600,2584.49203221143,-15.507967788566
2956,Victor Sarkis,Brazil,33,203,66,0.32512315270936,2600,2584.44413678038,-15.5558632196248
897,Wayne Townsend,England,41,204,86,0.42156862745098,2600,2584.08248897805,-15.9175110219526
3445,Jim Wych,Canada,21,201,86,0.427860696517413,2600,2584.06475398817,-15.9352460118257
2275,Halim Hussain,England,45,202,89,0.440594059405941,2600,2583.09069060961,-16.9093093903857
151,James Cahill,England,38,205,87,0.424390243902439,2600,2582.40410404144,-17.5958959585582
3487,John Campbell,Australia,23,211,91,0.431279620853081,2600,2582.34599046038,-17.6540095396222
1041,Adam Edge,England,35,200,90,0.45,2600,2582.28038915544,-17.7196108445596
3321,Danny Fowler,England,24,205,82,0.4,2600,2582.2752256628,-17.7247743372036
2744,Joe Grech,Malta,17,215,100,0.465116279069768,2600,2582.12594470452,-17.8740552954837
1565,Simon Dent,England,40,202,90,0.445544554455446,2600,2581.67962554111,-18.320374458895
19,Ben Woollaston,England,24,201,84,0.417910447761194,2600,2581.46877982197,-18.5312201780321
122,Hugh Abernethy,Scotland,18,208,92,0.442307692307692,2600,2581.06953476686,-18.9304652331421
1889,Iulian Boiko,Ukraine,42,200,83,0.415,2600,2580.80414337437,-19.1958566256303
160,Callum Lloyd,Wales,39,203,91,0.448275862068966,2600,2580.31653275019,-19.6834672498085
477,David Hogan,Ireland,25,201,78,0.388059701492537,2600,2579.460545201,-20.5394547989977
3467,Cliff Wilson,Wales,23,205,91,0.44390243902439,2600,2579.3872484361,-20.6127515639005
712,Murdo MacLeod,Scotland,23,203,89,0.438423645320197,2600,2579.33861202051,-20.6613879794941
69,Chris Norbury,England,27,204,91,0.446078431372549,2600,2579.10098511936,-20.8990148806424
1040,Joe Steele,England,40,201,87,0.432835820895522,2600,2578.79226084136,-21.2077391586386
1421,Joshua Cooper,England,41,203,87,0.428571428571429,2600,2578.78125553167,-21.2187444683291
3278,Stephen Murphy,Ireland,21,207,85,0.410628019323671,2600,2578.55775146976,-21.4422485302371
3696,Graham Miles,England,18,202,92,0.455445544554456,2600,2578.40937445434,-21.5906255456648
57,Justin Astley,England,22,201,87,0.432835820895522,2600,2577.74074728728,-22.2592527127217
1030,Felix Frede,Germany,40,202,88,0.435643564356436,2600,2577.11513648114,-22.8848635188642
2156,Sean McAllister,England,41,204,88,0.431372549019608,2600,2577.07573867926,-22.924261320743
3474,Steve Longworth,England,24,202,86,0.425742574257426,2600,2577.00869060749,-22.9913093925079
412,Kishan Hirani,Wales,39,203,88,0.433497536945813,2600,2576.70982216755,-23.2901778324549
3226,Mark Gray,England,17,204,87,0.426470588235294,2600,2576.62718642936,-23.3728135706406
2767,Anton Kazakov,Ukraine,34,204,64,0.313725490196078,2600,2576.55795191472,-23.4420480852846
3219,Troy Shaw,England,18,206,89,0.432038834951456,2600,2574.04311940283,-25.9568805971671
834,Mark Vincent,England,38,201,89,0.442786069651741,2600,2572.51978623334,-27.4802137666611
1803,Keishin Kamihashi,Japan,44,202,88,0.435643564356436,2600,2572.50851422305,-27.4914857769513
198,Lee Shanker,England,42,202,85,0.420792079207921,2600,2570.43490325048,-29.5650967495189
138,Jake Nicholson,England,36,200,88,0.44,2600,2570.10055377492,-29.899446225083
3486,Colin Roscoe,Wales,27,207,83,0.400966183574879,2600,2569.892023694,-30.1079763059979
123,Lee Andy,Hong Kong,35,203,78,0.38423645320197,2600,2569.80530429622,-30.1946957037803
502,Barry West,England,27,205,89,0.434146341463415,2600,2568.01874008676,-31.9812599132438
2206,Brandon Hall,England,45,203,83,0.408866995073892,2600,2567.89775424992,-32.1022457500758
1197,David McDonnell,Ireland,15,200,86,0.43,2600,2566.94774423826,-33.0522557617387
1753,Eddie Manning,England,15,215,93,0.432558139534884,2600,2566.83221630733,-33.1677836926679
2798,Amaan Iqbal,Scotland,43,202,82,0.405940594059406,2600,2566.80238996678,-33.1976100332181
147,James Silverwood,England,38,203,88,0.433497536945813,2600,2566.10661737721,-33.893382622789
2363,Lewis Ullah,England,38,205,80,0.390243902439024,2600,2565.9013226518,-34.0986773482046
796,Patsy Fagan,Ireland,14,203,88,0.433497536945813,2600,2565.59775923472,-34.4022407652851
23,Paul S Davison,England,20,201,85,0.422885572139304,2600,2563.47942258982,-36.5205774101851
3491,Ray Edmonds,England,20,200,83,0.415,2600,2563.1866597386,-36.8133402614008
515,Alex Borg,Malta,22,203,78,0.38423645320197,2600,2563.18107724991,-36.818922750093
90,Jak Jones,Wales,32,200,76,0.38,2600,2562.80770696069,-37.1922930393125
1991,Manasawin Phetmalaikul,Thailand,39,200,86,0.43,2600,2559.95497190739,-40.0450280926075
3741,Nikita Bazilevics,Latvia,48,205,86,0.419512195121951,2600,2559.01155713555,-40.9884428644459
3349,Robby Foldvari,Australia,23,202,83,0.410891089108911,2600,2558.12743675941,-41.8725632405863
2834,Fred Davis,England,15,215,95,0.441860465116279,2600,2557.69517674309,-42.3048232569095
1301,Matthew Glasby,England,37,200,83,0.415,2600,2557.47407178449,-42.5259282155107
3265,Brian Rowswell,England,20,211,86,0.407582938388626,2600,2557.20203117234,-42.797968827665
94,Craig Barber,England,39,201,79,0.393034825870647,2600,2556.2730169801,-43.7269830198984
1544,Rodion Judin,Latvia,36,201,77,0.383084577114428,2600,2555.75893527653,-44.2410647234669
61,Kurt Maflin,Norway,28,206,81,0.393203883495146,2600,2555.57749497872,-44.422505021284
528,Michael Leslie,Scotland,33,203,67,0.330049261083744,2600,2553.89656496396,-46.1034350360414
201,Lucky Vatnani,India,36,207,76,0.367149758454106,2600,2550.9973113108,-49.0026886891983
222,Craig MacGillivray,Scotland,17,204,83,0.406862745098039,2600,2550.67838346989,-49.3216165301078
550,Phil O'Kane,England,40,205,82,0.4,2600,2550.07375365003,-49.9262463499681
1494,Keith Keldie,Scotland,38,201,78,0.388059701492537,2600,2549.62146193601,-50.3785380639865
913,Andy Marriott,England,37,205,84,0.409756097560976,2600,2548.72533858104,-51.2746614189628
1558,Sergey Isaenko,Ukraine,45,202,81,0.400990099009901,2600,2547.44791624009,-52.5520837599133
424,Andrew Milliard,England,41,202,83,0.410891089108911,2600,2546.96241697539,-53.0375830246071
2064,Kurt Dunham,Australia,34,200,48,0.24,2600,2542.31342163191,-57.6865783680919
537,Ben Judge,Australia,34,200,64,0.32,2600,2542.22544133992,-57.7745586600804
532,Bash Maqsood,England,39,204,81,0.397058823529412,2600,2538.34485582595,-61.6551441740462
588,Kacper Filipiak,Poland,39,201,67,0.333333333333333,2600,2536.15309431121,-63.8469056887866
883,Ross Higgins,Scotland,39,200,78,0.39,2600,2534.16393716753,-65.8360628324686
583,Itaro Santos,Brazil,38,202,60,0.297029702970297,2600,2528.32049925717,-71.6795007428291
2974,Steven Wardropper,Scotland,45,201,75,0.373134328358209,2600,2527.25716368453,-72.7428363154672
2777,Dylan Smith,England,46,201,77,0.383084577114428,2600,2526.61327535127,-73.3867246487307
175,Reanne Evans,England,36,200,69,0.345,2600,2526.33226814224,-73.6677318577567
98,Ahmed Saif,Qatar,35,202,58,0.287128712871287,2600,2522.22166846676,-77.7783315332385
927,Anthony Harris,England,34,203,78,0.38423645320197,2600,2520.16283447403,-79.8371655259725
1764,Hatem Yassen,Egypt,33,200,45,0.225,2600,2518.27657263382,-81.7234273661761
619,Danny Brindle,England,40,202,74,0.366336633663366,2600,2516.4562767911,-83.5437232089007
2437,Zoe Killington,England,75,200,77,0.385,2600,2513.91982887194,-86.0801711280583
110,Stephen Ormerod,England,32,201,74,0.368159203980099,2600,2511.48256116424,-88.5174388357577
613,Jack Bradford,Wales,38,200,72,0.36,2600,2507.02760539443,-92.9723946055742
146,Oliver Brown,England,41,200,69,0.345,2600,2501.60922466119,-98.3907753388103
191,Hans Blanckaert,Belgium,39,201,67,0.333333333333333,2600,2497.49492620777,-102.505073792231
2196,James Height,England,41,200,68,0.34,2600,2489.74731274373,-110.252687256274
259,Diana Schuler,Germany,56,201,67,0.333333333333333,2600,2484.2631697782,-115.736830221803
2325,Connie Stephens,England,74,200,63,0.315,2600,2475.12741723044,-124.872582769558
531,James Burrett,England,41,201,63,0.313432835820896,2600,2467.92343368156,-132.07656631844
594,Dessie Sheehan,Ireland,40,200,56,0.28,2600,2441.46502485265,-158.534975147352
