Country,Year,Teams,MeanElo,MedianElo,P90,Top6Average
Germany,1986,20,2727.6,2726.2,2832.6,2833.4
Germany,1987,20,2728.9,2714.4,2860,2841
Germany,1988,20,2730,2720.5,2842.6,2836.1
Germany,1989,20,2729.5,2708.1,2811.5,2812.8
Germany,1990,20,2731,2716.3,2810.5,2812.7
Czechia,1993,16,2442.3,2442,2542.3,2517.5
Czechia,1994,18,2435.2,2456.2,2545.4,2528.3
Czechia,1995,18,2448,2475.9,2544.8,2541.4
Czechia,1996,19,2452.9,2462.4,2533.9,2547.6
Czechia,1997,18,2458.9,2459.8,2561,2562.6
Czechia,1998,18,2468.3,2467.6,2574.8,2564.1
Czechia,1999,18,2470.3,2455.7,2555.4,2556
Czechia,2000,19,2466,2458.8,2540.2,2555.1
Czechia,2001,18,2466.4,2447.7,2565.8,2568.8
Czechia,2002,18,2466.9,2445.5,2579.6,2569
Czechia,2004,19,2468.4,2460.4,2565.7,2564.9
Czechia,2005,19,2464.4,2464.7,2566.3,2552.7
Czechia,2013,18,2492.8,2466.6,2646.6,2611.2
Czechia,2014,18,2494,2470.4,2604.2,2600.9
Austria,1952,14,2508.7,2475.6,2667.3,2627.2
Austria,1953,17,2513.3,2484.4,2698.3,2649.5
Austria,1954,17,2530.3,2484.6,2671.2,2653.4
Austria,1955,16,2540.1,2526.4,2697.3,2670.2
Austria,1956,16,2547.9,2494.6,2728.6,2681.2
Austria,1957,16,2552.4,2527.8,2675.3,2669.2
Austria,1958,14,2573.9,2544.4,2696.3,2670.8
Austria,1959,14,2576.9,2547.5,2714.7,2676.3
Austria,1960,17,2562.5,2540.2,2690.7,2673.5
Austria,1961,17,2551.7,2548.3,2691.8,2663.9
Austria,1962,17,2561.3,2560.4,2673.9,2667.4
Austria,1963,17,2569.2,2571.7,2702.6,2671.7
Austria,1964,17,2570.3,2547.9,2704.5,2681.3
Austria,1965,17,2576.3,2532.1,2707.6,2691.6
Austria,1966,17,2569.7,2575.7,2694.3,2683
Austria,1970,16,2573.4,2566.5,2673.9,2668.5
Austria,1971,16,2573.4,2583,2695,2673.3
Austria,1973,17,2571.4,2553.6,2708.4,2674.2
Austria,1974,19,2567.1,2551.5,2696.1,2658.7
Austria,1982,16,2567.3,2583.3,2672.8,2653.4
Austria,1983,18,2551.2,2573.1,2684,2667.5
Germany,1963,16,2683.8,2695.8,2733.8,2740.6
Germany,1964,18,2679.8,2681,2739.6,2746
Germany,1965,19,2685.3,2680.7,2806.2,2783.9
Germany,1966,20,2683.1,2694.3,2763.2,2760.2
Germany,1967,20,2695.6,2705.3,2755.8,2762
Germany,1968,20,2698.9,2713.7,2747.9,2752.5
Germany,1969,20,2704.3,2706.7,2761.7,2758.5
Germany,1970,20,2700.8,2684,2781.5,2780.7
Germany,1977,21,2706.8,2714.7,2787.8,2778.4
Germany,1978,21,2710,2702,2791,2790.7
Germany,1979,21,2716.7,2714.9,2812.7,2802.5
Germany,1980,21,2718.2,2700.1,2815.6,2817
Germany,1981,21,2713.9,2685.5,2801.6,2819.3
Germany,1994,21,2736,2737,2833.9,2836.3
Germany,1995,21,2738.4,2741.7,2799.6,2824.3
Germany,1996,21,2742.9,2729.5,2794.9,2817.6
Germany,1997,21,2741.7,2732.2,2843.6,2832.2
Germany,1998,21,2746.5,2728.1,2858.1,2833.6
Germany,1999,21,2742.3,2745,2818.8,2834.5
Germany,2000,21,2742.2,2729.5,2798.7,2825.3
Germany,2001,21,2743.4,2742.7,2852.9,2846.2
Germany,2002,21,2738.3,2711,2834.5,2847
Germany,2003,21,2742.2,2718.1,2848.5,2843.5
Germany,2004,21,2744,2723.4,2849.8,2844.8
Czechia,2003,18,2465,2467.8,2569.1,2553.5
Switzerland,1933,34,2520.9,2513.5,2634,2654.9
Switzerland,1945,14,2575.7,2545.3,2688.8,2660.4
Switzerland,1946,16,2577.1,2577.5,2679,2652.8
Switzerland,1947,16,2577.1,2570.8,2647.2,2640.3
Switzerland,1948,16,2572.3,2565.9,2655.6,2639.5
Switzerland,1949,16,2576.1,2575.9,2638.5,2631.2
Switzerland,1950,16,2570.7,2581.9,2643.5,2632.4
Switzerland,1951,16,2575.1,2588.5,2646.8,2634
Switzerland,1952,17,2566.7,2584.5,2651.3,2641.5
Switzerland,1953,14,2583.5,2593.4,2667.5,2647.8
Switzerland,1955,16,2570,2569.8,2677.1,2649.4
Switzerland,1956,17,2556.2,2574.5,2692.9,2662.5
Switzerland,1957,19,2551,2536.3,2707.3,2687.8
Switzerland,1958,16,2567.9,2558.5,2677.2,2660.3
Switzerland,1959,14,2583.3,2574.8,2669.9,2653.4
Switzerland,1960,17,2555.5,2546.5,2633.8,2639.6
Switzerland,1964,16,2565.1,2562.5,2685.6,2660.4
Switzerland,1965,16,2573.2,2560.4,2685.9,2654.4
Switzerland,1967,16,2576.9,2593.2,2645.8,2644.5
Switzerland,1968,14,2589.4,2581.8,2673.8,2649.6
Switzerland,1970,14,2579.9,2571.2,2673.9,2657.5
Switzerland,1975,16,2581.5,2580,2692.9,2694.1
Switzerland,1976,12,2624,2631.4,2734.8,2707.2
Switzerland,1977,12,2624,2645.5,2759.7,2713.5
Switzerland,1980,14,2599.7,2598.5,2732.4,2693.3
Switzerland,1981,17,2570.8,2553.7,2732.2,2703.2
Switzerland,1982,18,2565.1,2557,2744.7,2713
Switzerland,1983,16,2579.9,2580.1,2743.4,2707.3
Switzerland,1987,14,2613.9,2627.9,2726.9,2692.7
Switzerland,1988,12,2623.9,2629.7,2699.8,2672.1
Switzerland,1992,24,2541.7,2543.9,2668.5,2666.9
Switzerland,2000,16,2605.8,2622.5,2708.3,2700.1
Switzerland,2001,16,2604.2,2606.8,2731.5,2712.6
Switzerland,2008,12,2606.7,2577.6,2760.9,2694.1
Switzerland,2009,12,2623,2616.2,2757.9,2706.3
Switzerland,2010,11,2624.8,2626.5,2724.8,2692
Switzerland,2011,12,2635.4,2625.4,2705.4,2701.4
Italy,1929,18,2683.3,2690.6,2755.7,2756.8
Italy,1930,20,2674.1,2666.4,2778.7,2778.4
Italy,1931,20,2682,2662.7,2786,2795.7
Italy,1932,20,2691.1,2662.9,2790.6,2788.6
Italy,1933,20,2690.1,2678.7,2786,2785.2
Italy,1934,18,2700.2,2670.4,2812.9,2804.2
Italy,1935,16,2707.8,2686.3,2804.1,2799.8
Italy,1936,18,2702.1,2686.5,2793.1,2782.9
Italy,1937,19,2710.4,2709.6,2790.7,2791.3
Italy,1938,18,2713.3,2714.9,2798.7,2793.9
Italy,1939,18,2717.8,2706.3,2788.5,2788.3
Italy,1940,18,2714.9,2690.1,2817.6,2793.4
Italy,1941,18,2714.9,2722.4,2752.8,2755.5
Italy,1942,18,2714,2722.9,2777.5,2772
Italy,1943,16,2721.8,2719.2,2780.5,2775.7
Italy,1946,20,2702.6,2688.2,2764.9,2780.8
Italy,1947,23,2694.2,2678.7,2792.9,2786.6
Italy,1948,24,2693,2677.6,2757,2774.1
Italy,1949,22,2701.5,2682.4,2836.8,2812.4
Italy,1950,22,2704.4,2687.4,2857.3,2817
Italy,1951,22,2705.3,2694.1,2845,2808.9
Italy,1952,21,2708.3,2691.4,2874.5,2817.9
Italy,1953,20,2711.6,2697.3,2831.9,2812
Italy,1954,20,2714.8,2701.2,2843.4,2813.2
Italy,1955,20,2714.4,2704.1,2784.8,2788.2
Italy,1956,20,2712.5,2705.8,2786.6,2789
Italy,1957,20,2718.2,2723.7,2774.9,2772.3
Italy,1958,20,2719.2,2724.2,2805.7,2790.2
Italy,1959,20,2717.9,2707.1,2836.7,2800.7
Italy,1960,21,2718.1,2703.2,2818.8,2812.2
Italy,1961,21,2716.6,2709.9,2843.5,2819.4
Italy,1962,21,2714.6,2701.6,2818.6,2820.6
Italy,1963,21,2716.5,2686.2,2844.5,2828
Italy,1964,21,2724.4,2701.2,2850,2841
Italy,1965,21,2723.1,2698.5,2795.6,2830.1
Italy,1966,21,2719.7,2704.2,2830.4,2835.2
Italy,1967,20,2723.5,2709.5,2829,2827.2
Italy,1968,19,2732,2691.2,2824.8,2831.3
Italy,1969,19,2732.3,2707.9,2843.1,2832.8
Italy,1970,19,2733.8,2699.1,2863.1,2837.5
Italy,1971,19,2734,2714.4,2869.2,2839.8
Italy,1972,19,2732.2,2722.6,2868.4,2837.2
Italy,1973,19,2740.1,2721.2,2859.1,2843.8
Italy,1974,19,2740,2732.1,2834.4,2838.1
Italy,1975,19,2746.6,2749.5,2848.6,2843.4
Italy,1976,19,2750.5,2740,2857.1,2850
Italy,1977,19,2744.7,2733,2835.1,2841.3
Italy,1978,19,2748.7,2726.8,2862.3,2845
Italy,1979,19,2744.3,2740.3,2843,2824.7
Italy,1980,19,2736,2733.5,2841.8,2817.5
Italy,1981,19,2738.2,2728.2,2839.9,2830.2
Italy,1982,19,2740.2,2718.5,2833.5,2820.1
Italy,1983,19,2740.4,2743.9,2831.2,2827.9
Italy,1984,19,2734.6,2723.2,2856.9,2833.5
Italy,1985,19,2732.5,2717.7,2829,2832
Italy,1986,19,2742.8,2740.9,2850.3,2833.6
Italy,1987,19,2742.5,2707.8,2838.5,2838.7
Italy,1988,20,2734.1,2714.1,2858,2847
Italy,1989,22,2721.3,2696.2,2862.4,2842.6
Italy,1990,22,2728.7,2702.3,2850.1,2846.1
Italy,1991,18,2747.9,2758.1,2869.9,2839.5
Italy,1992,18,2751.6,2760.1,2847.4,2823.6
Italy,1993,22,2734.1,2720.1,2834.1,2842.6
Italy,1994,22,2742.6,2740.6,2855.3,2847.4
Italy,1995,22,2750.1,2743.7,2853.2,2851.3
Italy,1996,22,2750.6,2719.4,2834.4,2851.4
Italy,1997,22,2743.4,2723,2879.2,2865.6
Italy,1998,22,2742.2,2726.7,2863.7,2857.3
Italy,1999,22,2745.6,2729.7,2867.3,2861.4
Italy,2000,22,2739.6,2727.9,2865.4,2864.7
Italy,2001,22,2747.1,2723.8,2887.5,2874.8
Italy,2002,22,2745.5,2711.2,2901.1,2891.8
Italy,2003,22,2748.2,2725.5,2894.2,2892.5
Italy,2004,24,2736.3,2715.3,2856.1,2872.8
Italy,2005,23,2738.4,2709,2893.4,2863.7
Italy,2006,23,2730.3,2691,2895.5,2887.9
Italy,2007,23,2739.2,2699.4,2879.4,2888.7
Italy,2008,23,2745.3,2725.6,2861.8,2878.2
Italy,2009,23,2742.4,2725.4,2872.9,2865.7
Italy,2010,23,2742.5,2722,2878.2,2859.6
Italy,2011,23,2746.3,2731.9,2861.6,2872.9
Italy,2012,23,2743.9,2729.2,2855.2,2867.8
Italy,2013,21,2755.9,2732.8,2885.6,2887.5
Italy,2014,20,2776.1,2756.9,2888,2886.1
Italy,2015,21,2782.8,2749.9,2892.3,2904.3
Italy,2016,20,2788.5,2765.4,2942.5,2919.4
Italy,2017,20,2799.7,2775.9,2976,2956.3
Italy,2018,20,2808.3,2794.2,2942.4,2954.3
Italy,2019,20,2803.4,2768.8,2924.2,2941
Italy,2020,20,2818.1,2761.8,2983.4,2964.5
Italy,2021,20,2820.2,2782.2,2965,2966.8
Italy,2022,20,2819.3,2798.2,2996,2966.5
Italy,2023,20,2835.6,2806.6,2962.8,2960.4
Italy,2024,20,2844.5,2810.1,2991.1,2995.5
Italy,2025,20,2843.6,2801.5,2968.1,2974.3
Italy,2026,20,2841.1,2819.9,2947.1,2960.3
Spain,1979,21,2784.7,2775.8,2869.3,2864
Spain,1980,21,2788.6,2789.1,2882.8,2878.3
Spain,1981,21,2790.7,2786.7,2903.9,2887.1
Netherlands,1957,18,2585.7,2600,2656.9,2644.5
Netherlands,1958,20,2580.7,2577.5,2659.1,2666
Netherlands,1959,20,2579.4,2584.6,2653.5,2655
Netherlands,1960,21,2582,2596.7,2670.4,2677.3
Netherlands,1961,21,2586.4,2580,2653.7,2682.2
Netherlands,1962,19,2598.8,2588.9,2689.3,2678.1
Netherlands,1963,18,2602.6,2604.3,2712.9,2684.8
Netherlands,1964,18,2601.9,2589.3,2707,2685.8
Netherlands,1965,20,2600.5,2588.7,2690.2,2681.8
Netherlands,1966,19,2598.9,2588.1,2716.6,2710.2
Netherlands,1967,20,2597.7,2566.2,2744,2723.6
Netherlands,1968,21,2594.9,2561.8,2706.5,2732.3
Netherlands,1969,20,2592.5,2566.3,2728.1,2735
Netherlands,1970,21,2597.1,2546.2,2733,2766.4
Netherlands,1971,21,2605.6,2559.2,2751.5,2781.1
Netherlands,1972,21,2610.8,2591.4,2765.4,2790.4
Netherlands,1973,20,2621.2,2583.3,2833.5,2803.8
Netherlands,1974,20,2625.3,2592,2818.1,2782.1
Netherlands,1975,18,2635.5,2586.3,2825.9,2770.6
Netherlands,1977,18,2632.6,2575.1,2811.9,2768.6
Netherlands,1978,20,2627.3,2599.1,2733.7,2747.9
Netherlands,1979,18,2635.5,2602.7,2793.3,2750.7
Netherlands,1981,18,2631,2607.2,2782.5,2751.7
Netherlands,1982,21,2612.9,2570.9,2757.4,2744.9
Netherlands,1986,21,2621.9,2599.6,2734.5,2757
Netherlands,1987,21,2615.6,2613.2,2738.3,2747.2
Netherlands,1988,22,2618.9,2602.4,2705.1,2741.9
Netherlands,1989,21,2624.7,2610.9,2706.1,2728.2
Netherlands,1990,20,2624.4,2623.3,2703.4,2726.1
Netherlands,1991,21,2610.7,2582.3,2712,2744.3
Netherlands,1992,21,2615.8,2598.3,2739.2,2750.7
Netherlands,2003,20,2634.4,2634.1,2813.5,2773.9
Netherlands,2004,20,2637.3,2624,2809.6,2787.9
Netherlands,2005,20,2631.8,2636.2,2806.1,2780.8
Netherlands,2006,19,2641.2,2625.8,2793.7,2797.3
Netherlands,2007,20,2635.3,2626.8,2780.7,2779.3
Netherlands,2008,20,2633,2619.1,2801.3,2779.2
Netherlands,2009,20,2635.2,2614.2,2825.8,2784.1
Netherlands,2010,20,2634,2636.3,2852,2787.2
Netherlands,2011,19,2640.3,2634.9,2839.3,2784.2
Netherlands,2012,20,2637.5,2609.2,2795.6,2783
Netherlands,2013,20,2637.5,2609.7,2776.9,2771.4
Netherlands,2014,21,2628.1,2612.7,2815.8,2762.7
Netherlands,2015,21,2623.9,2617.2,2771.6,2755.8
Netherlands,2016,20,2629.7,2614.7,2797,2770
Netherlands,2017,20,2630.3,2600.5,2797,2783.1
Netherlands,2018,21,2626,2571.5,2804.6,2795.8
Netherlands,2019,21,2627,2583.2,2776.9,2781.6
Netherlands,2020,18,2643,2605.9,2802.2,2774.5
Netherlands,2021,21,2630.6,2588,2812.1,2813.9
Greece,1987,16,2455.6,2452.2,2552.1,2533.5
Greece,1988,20,2449.7,2423.7,2557,2546.2
Greece,1989,19,2447.4,2418.1,2575.8,2554.3
Greece,1990,21,2443.6,2421.6,2575.3,2550.5
Greece,1991,21,2447.9,2412.7,2582.3,2551.5
Greece,1992,21,2448.2,2417.5,2621.1,2569.9
Greece,1993,18,2458.3,2410.3,2622.1,2576.8
Greece,1994,18,2474.2,2434.1,2605.1,2594.2
Greece,1995,21,2470.6,2471.9,2649.8,2605.7
Greece,1996,21,2472.2,2448.8,2641.9,2598.6
Greece,1997,21,2470.9,2443.4,2670.7,2636.2
Greece,1998,21,2483.6,2451,2683.1,2638.3
Greece,1999,22,2478.4,2431,2657.1,2656.4
Greece,2000,20,2491.8,2455.9,2664.1,2656.2
Greece,2001,18,2515.1,2474.6,2713,2656.8
Greece,2002,17,2523.3,2498.9,2703,2660.9
Greece,2003,18,2525,2512,2737.2,2683.6
Greece,2004,19,2525,2492.1,2729.2,2679.2
Greece,2005,20,2524,2510.7,2756.5,2678.8
Greece,2006,19,2523.9,2502.2,2753.4,2668.5
Greece,2007,19,2528.7,2518.9,2716.8,2654.7
Greece,2008,19,2522.9,2517.3,2705.5,2661.9
Greece,2009,19,2522.1,2499.1,2682.9,2670.9
Greece,2010,19,2523.9,2500.2,2670.9,2649
Greece,2011,21,2520.8,2507,2665.6,2657.1
Greece,2012,19,2511.3,2483.7,2657.4,2639.5
Greece,2013,20,2511.8,2465.2,2629.3,2652.4
Greece,2015,20,2509.2,2505.1,2633.5,2633.5
Greece,2016,18,2534.5,2518.9,2641.5,2644.9
Greece,2017,18,2537.7,2510.4,2690.9,2654
Greece,2018,20,2534.6,2490.3,2694.9,2677.1
Greece,2019,17,2544.2,2521.1,2720.9,2676.8
Greece,2020,16,2547.3,2485.7,2734.5,2684
Greece,2021,14,2556.8,2508,2712,2681.8
Greece,2023,14,2554.4,2513.2,2730.5,2681.5
Greece,2024,16,2540.7,2490.3,2729.3,2679.8
Greece,2025,16,2550.2,2497.6,2753,2703.2
Portugal,2024,21,2623.6,2584.8,2906.1,2805.7
Portugal,2025,20,2628.3,2597,2892.6,2809.8
Portugal,2026,18,2645.4,2592.7,2905.8,2816
Netherlands,1983,21,2612.2,2610.7,2820.9,2746.1
Netherlands,1984,21,2612.7,2601.5,2840.5,2754.5
Netherlands,1985,21,2621.4,2623.1,2806.6,2755
Netherlands,1996,19,2631.7,2597.3,2801.3,2767.1
Netherlands,1997,19,2635.1,2609.2,2774.8,2759.6
Netherlands,1998,20,2628.5,2598.7,2790.9,2762.5
Netherlands,1999,19,2635.5,2592.6,2790.3,2764.5
Netherlands,2000,21,2625.6,2606,2774.1,2766.1
Netherlands,2001,19,2637.9,2651.9,2759.3,2752.3
Netherlands,2002,21,2627.6,2649.2,2760.6,2756.7
Netherlands,2022,21,2634.3,2583.1,2842.1,2807.1
Netherlands,2023,21,2629.9,2577.5,2797.4,2809.9
Netherlands,2024,21,2631.7,2596.3,2803.9,2825
Netherlands,2025,21,2630,2600.9,2759.1,2783.5
Netherlands,2026,18,2649.7,2619.7,2765.4,2777.8
Switzerland,1924,27,2519.6,2530.4,2611.6,2613
Switzerland,1925,27,2516.1,2528.8,2598.1,2605.2
Switzerland,1930,29,2519.5,2532.7,2610.9,2616.3
Switzerland,1931,33,2510.9,2517.2,2612.3,2629.5
Switzerland,1932,18,2569.2,2571.4,2639.3,2638.9
Switzerland,1936,15,2571.5,2543.9,2671.5,2653.2
Switzerland,1984,16,2589.1,2584.9,2721.7,2699.4
Switzerland,1985,16,2586.8,2611.9,2705.2,2692.5
Switzerland,1991,12,2623.3,2641.9,2678.7,2675.3
Switzerland,1993,24,2554.9,2557.9,2680.5,2681.2
Switzerland,1994,16,2611.1,2623.4,2693.9,2688.2
Switzerland,1995,12,2652.8,2644.9,2721.5,2701.9
Switzerland,1996,12,2652.8,2628.5,2766.1,2714.5
Switzerland,1997,12,2645.6,2654.5,2729,2715.2
Switzerland,1998,12,2654.5,2646.8,2736.7,2722.9
Switzerland,1999,12,2632.6,2656.7,2732.5,2696.8
Switzerland,2002,16,2604.6,2602.3,2751.6,2703.9
Switzerland,2003,15,2597.1,2583.8,2706.2,2697.2
Switzerland,2004,11,2631.2,2635.1,2684.1,2679.7
Switzerland,2005,11,2617,2601.3,2695.8,2694.1
Switzerland,2006,12,2618.1,2600.2,2766.2,2700.6
Switzerland,2007,11,2627.4,2578.1,2769.1,2689.2
Switzerland,2013,11,2640.3,2660.6,2701.8,2705.6
Switzerland,2014,11,2632,2645.3,2737.8,2707.9
Switzerland,2015,10,2646.6,2651.1,2734.4,2699.8
Scotland,1890,10,2446.1,2457.1,2554,2508.1
Scotland,1891,10,2446.1,2436.3,2590.7,2510.8
Scotland,1892,10,2432,2417.1,2605.7,2501.1
Scotland,1893,12,2433.3,2437.1,2579.9,2518
Scotland,1896,11,2471.1,2441.3,2613.9,2564.5
Scotland,1897,11,2471.1,2446.7,2654.1,2573.3
Scotland,1905,16,2471.2,2443,2613.1,2581.6
Scotland,1906,18,2453.6,2443.9,2566.2,2575.6
Scotland,1907,18,2453.6,2431.9,2597.7,2581.4
Scotland,1908,18,2453.6,2435.3,2596.4,2580.6
Scotland,1909,18,2453.6,2458.9,2568.1,2556.5
Scotland,1910,19,2451.5,2455.7,2565.9,2566.8
Scotland,1911,18,2462.4,2462.4,2546.8,2558
Scotland,1912,18,2462.4,2452.6,2561.1,2543.7
Scotland,1913,20,2457,2434.5,2589.2,2577.6
Scotland,1914,20,2457,2419.8,2635.5,2588.7
Scotland,1915,20,2457,2428.4,2607.4,2586.3
Scotland,1919,22,2452.4,2438.1,2532.3,2576.4
Scotland,1920,22,2452.4,2437.7,2543.4,2587.5
Scotland,1921,22,2452.4,2443.3,2512.1,2561.6
Scotland,1922,23,2448.4,2445.9,2519.9,2553.7
Scotland,1923,20,2465.3,2454.7,2535.8,2545.4
Scotland,1925,20,2461.7,2452.5,2540.3,2549.8
Scotland,1926,22,2457.4,2453.1,2561.9,2556.1
Scotland,1927,22,2461.9,2468.6,2586.1,2563.3
Scotland,1928,20,2471.4,2467.6,2601.3,2566.1
Scotland,1929,20,2477.8,2463.5,2604,2584.7
Scotland,1930,22,2468.7,2466.1,2622.3,2592.1
Scotland,1931,22,2472.3,2460.7,2611.5,2596.9
Scotland,1932,22,2468.9,2457.1,2597.4,2615.9
Scotland,1933,22,2483.9,2478.5,2565.2,2620.5
Scotland,1934,22,2484,2458.3,2620.4,2620.4
Scotland,1935,22,2490.7,2458.7,2634.4,2624.6
Scotland,1936,22,2490.7,2465.5,2672.4,2634.4
Scotland,1937,22,2488.6,2471.6,2632.4,2625.5
Scotland,1938,22,2490.1,2481.5,2642.6,2614.7
Scotland,1939,20,2502.5,2493.7,2598.8,2597.1
Scotland,1946,16,2506.8,2507.6,2596.5,2586.1
Scotland,1947,18,2497.3,2465,2578.5,2592
Scotland,1948,18,2495.9,2480.9,2582,2573.9
Scotland,1949,18,2492.4,2468.9,2631.4,2608
Scotland,1950,18,2497.8,2487.7,2616.9,2610.8
Scotland,1951,18,2497.8,2466.7,2635.3,2605.7
Scotland,1952,18,2497.8,2493.6,2609.3,2581.8
Scotland,1953,18,2495,2506.8,2573.3,2574.1
Scotland,1954,18,2496.4,2520,2623.8,2603.6
Scotland,1955,18,2499.3,2481.3,2626.5,2613.3
Scotland,1956,20,2493.3,2493.3,2607.9,2599.4
Scotland,1957,20,2500.6,2469.4,2597.4,2613.5
Scotland,1958,20,2494.4,2485.8,2588.1,2606.7
Scotland,1959,20,2500.4,2495.7,2579.2,2603.7
Scotland,1960,20,2498.7,2486.3,2632.4,2593.2
Scotland,1961,20,2503.3,2488.9,2616,2608.8
Scotland,1962,20,2502.3,2481,2605.1,2619.1
Scotland,1963,20,2499.9,2472.3,2640.7,2632.7
Scotland,1964,20,2504.7,2480.2,2682.4,2655.7
Scotland,1965,20,2507.6,2512.2,2665.3,2655.8
Scotland,1966,20,2513.6,2521.2,2641.5,2644.5
Scotland,1967,20,2516.9,2524.1,2622.4,2664.3
Scotland,1968,20,2519.3,2513,2637.8,2672.9
Scotland,1969,20,2518.6,2502,2624.2,2659.9
Scotland,1970,20,2516.8,2522.1,2652.3,2635.8
Scotland,1971,20,2517.9,2492.9,2661.5,2652.6
Scotland,1972,20,2515,2472.5,2646,2657.5
Scotland,1973,20,2515,2457.2,2649.5,2660.1
Scotland,1974,20,2515,2462.7,2673.7,2656.3
Scotland,1975,18,2524.6,2517.5,2682.6,2645.7
Scotland,1976,12,2580.8,2572.2,2710.1,2652.9
Scotland,1977,12,2558.7,2560.8,2695.5,2647.4
Scotland,1978,12,2557.5,2550.8,2654.1,2628.1
Scotland,1979,10,2583.3,2573.1,2693.8,2639.5
Scotland,1980,10,2567,2552.2,2699.9,2637.9
Scotland,1981,12,2569.9,2558.3,2663.8,2661.6
Scotland,1982,12,2572.9,2552.5,2756.6,2676
Scotland,1983,12,2566.2,2536.4,2766.8,2677.2
Scotland,1984,12,2568,2533,2747.2,2676.3
Scotland,1985,12,2566.7,2585.6,2718.1,2667.1
Scotland,1986,12,2557.8,2575.8,2710.1,2686.7
Scotland,1987,14,2533.9,2499.1,2730.3,2687.9
Scotland,1988,13,2544.5,2534.3,2716.3,2672.5
Scotland,1989,11,2573,2571.1,2698.6,2655.5
Scotland,1990,11,2582.8,2550.6,2698.5,2640.3
Scotland,1991,12,2565.6,2559.8,2706.2,2665.5
Scotland,1992,14,2555.3,2510,2684.6,2671.4
Scotland,1993,14,2553.3,2525.5,2692.6,2644.6
Scotland,1994,13,2559.7,2546.1,2633.3,2625.8
Scotland,1995,11,2568.4,2546.1,2691.2,2618.5
Scotland,1996,12,2554.4,2522.7,2728.6,2631.5
Scotland,1997,11,2571,2544,2723,2639.2
Scotland,1998,11,2575.1,2538.8,2701,2633.6
Scotland,1999,11,2575.1,2546.1,2747.3,2631.1
Scotland,2000,12,2562.9,2554.8,2755.3,2649.8
Scotland,2001,13,2559.1,2541.6,2735.7,2646.1
Scotland,2002,13,2563,2526,2782,2660.1
Scotland,2003,12,2576.3,2517.5,2819.3,2668.7
Scotland,2004,13,2569.7,2511.3,2785.7,2669.2
Scotland,2005,13,2570.6,2556.2,2739.8,2670.1
Scotland,2006,13,2567.6,2552.3,2710.9,2671.6
Scotland,2007,13,2569.5,2556.8,2741.9,2653
Scotland,2008,13,2560.9,2535.9,2739.5,2665.7
Scotland,2009,13,2561.7,2540.4,2745.1,2664
Scotland,2010,13,2561.7,2520,2753.8,2654.9
Scotland,2011,13,2560.8,2531.1,2771.2,2661
Scotland,2012,14,2558.6,2544.2,2730.8,2650
Scotland,2013,13,2539.7,2522,2628,2622.3
Scotland,2014,14,2531.6,2498,2631.2,2621.8
Scotland,2015,13,2538.1,2516.5,2650,2614.7
Scotland,2016,13,2566.5,2512.6,2736,2656.8
Scotland,2017,13,2561.6,2524.2,2696.1,2645.4
Scotland,2018,14,2542.7,2534,2704.2,2661.3
Scotland,2019,13,2554.1,2512.3,2780.7,2671.2
Scotland,2020,13,2559,2505.3,2785.1,2660.4
Scotland,2021,12,2562.2,2527.7,2752.2,2649.6
Scotland,2023,12,2556.8,2515.7,2752.3,2635.1
Scotland,2024,13,2553,2524,2737.8,2641.3
Scotland,2025,14,2543.5,2515.2,2693.1,2640.5
Portugal,1935,8,2574.7,2607.7,2704.2,2631.7
Portugal,1936,8,2578.9,2618.9,2718.9,2639.3
Portugal,1937,8,2578.6,2596.1,2727.5,2635.1
Portugal,1938,8,2579.9,2565,2745.7,2637.5
Portugal,1939,8,2587.6,2550.3,2762.3,2639
Portugal,1940,8,2605.5,2572,2767.1,2651.5
Portugal,1941,8,2605.5,2572.8,2761.9,2654.2
Portugal,1942,12,2571.9,2529.7,2775.9,2677.3
Portugal,1943,13,2574.7,2551.8,2795,2698.2
Portugal,1944,11,2608,2640.9,2806.2,2712.3
Portugal,1945,14,2581.2,2586,2795,2720.9
Portugal,1946,15,2588.3,2548.6,2803.1,2720.8
Portugal,1947,16,2591.4,2526.5,2817.3,2743.8
Portugal,1948,15,2611.2,2553.1,2787.6,2749.4
Portugal,1949,15,2611.2,2580.1,2797.7,2723.8
Portugal,1950,16,2607.9,2573,2743.1,2711
Portugal,1951,16,2598.8,2573,2760.3,2715.1
Portugal,1952,16,2600.4,2560.9,2761.2,2716
Portugal,1953,15,2613.5,2563.6,2778.7,2714.8
Portugal,1954,15,2615.5,2563.7,2755.2,2718.3
Portugal,1955,16,2614,2572.7,2772.9,2718.3
Portugal,1956,15,2617.5,2567.9,2791.1,2734.5
Portugal,1957,14,2623.7,2573.3,2788.2,2726.3
Portugal,1958,14,2623.9,2576.6,2781.2,2726.8
Portugal,1959,17,2597.1,2567.4,2766,2733.4
Portugal,1960,16,2595.5,2545.7,2782.7,2734.8
Portugal,1961,16,2600.3,2566.7,2792.8,2721.9
Portugal,1962,17,2590.9,2557,2810.3,2730.4
Portugal,1963,16,2598.1,2565.8,2807.8,2749.4
Portugal,1964,16,2607.1,2597.6,2763.7,2746.2
Portugal,1965,16,2611.5,2609.2,2798.1,2755.7
Portugal,1966,16,2617.3,2606.3,2771.9,2748.1
Portugal,1967,16,2620.7,2593.6,2803.4,2769.7
Portugal,1968,16,2621.9,2603,2769.4,2757.6
Portugal,1969,16,2619.8,2611,2767.7,2754.5
Portugal,1970,16,2630.6,2599.7,2813.1,2750.5
Portugal,1971,17,2618.8,2566.4,2800.2,2744.5
Portugal,1972,18,2609.7,2582.6,2753.9,2746.6
Portugal,1973,19,2605.3,2554.7,2783.1,2760.8
Portugal,1974,19,2606.3,2569.1,2796.1,2761.9
Portugal,1975,19,2605,2566.2,2761.3,2768.6
Portugal,1976,19,2616.3,2580.2,2757.2,2760.8
Portugal,1977,20,2602.8,2565.7,2763.8,2746.6
Portugal,1978,20,2601.3,2574.1,2771.5,2747.1
Portugal,1979,20,2611.9,2582.6,2820.1,2764.5
Portugal,1980,20,2616.4,2587.1,2830.1,2754.4
Portugal,1981,19,2620.5,2580.2,2821,2749.3
Portugal,1984,19,2612.6,2573.8,2832.5,2760.8
Portugal,1985,20,2615.7,2588.3,2826.1,2763.1
Portugal,1986,20,2618.4,2573.7,2816.8,2774.3
Portugal,1987,20,2617.7,2589.1,2764.7,2759.3
Portugal,1988,26,2603.9,2594.9,2686.2,2724.2
Portugal,1997,21,2617.5,2602,2723.9,2737.7
Portugal,1998,21,2621.4,2590.1,2754,2753.1
Portugal,1999,21,2621.8,2577.2,2762.4,2758.4
Portugal,2002,21,2627.5,2611,2767.6,2751.2
Portugal,2003,21,2627.7,2586.8,2783.5,2757.5
Portugal,2004,21,2626,2605.4,2776.4,2748.6
Portugal,2005,21,2629.8,2618.5,2751.4,2737.4
Portugal,2006,20,2630.1,2611.2,2798.9,2751.1
Portugal,2007,18,2637.4,2611.6,2824.6,2757.9
Portugal,2008,18,2641.1,2622.2,2797.7,2749.4
Portugal,2009,18,2632.2,2594.8,2799.6,2764.3
Portugal,2010,18,2630.4,2597,2784.3,2764.1
Portugal,2011,18,2632.2,2577.3,2803.5,2775.8
Portugal,2012,18,2634.9,2597.5,2805.6,2776.8
Portugal,2013,18,2638.4,2605.8,2816.8,2777.1
Portugal,2014,19,2638,2597.9,2814.3,2783.8
Portugal,2015,20,2632.9,2614.3,2872.8,2791
Portugal,2016,20,2628.1,2599.2,2835.9,2789.1
Portugal,1982,20,2610.8,2585.5,2813.6,2746.3
Portugal,1989,23,2607.1,2582.4,2723.6,2747.2
England,1888,12,2751.2,2755.6,2820.2,2825.3
England,1889,12,2751.2,2738.9,2839.1,2824.7
England,1890,13,2762.1,2740.4,2860.3,2841.1
England,1891,14,2753.2,2749.6,2877.9,2836.9
England,1892,17,2743,2744.2,2842.9,2829
England,1893,18,2742.7,2741.1,2824.6,2827.1
Turkey,1959,20,2509.2,2487.2,2658.9,2628.3
Turkey,1960,22,2504,2477.9,2676.2,2626.2
Turkey,1961,21,2512.1,2488.6,2684.7,2622
Turkey,1973,18,2549,2539.7,2645,2633.6
Turkey,1974,18,2559.6,2541.4,2665.6,2651.3
Turkey,1975,18,2564.1,2548.6,2616,2623.3
Turkey,1976,18,2564.9,2553.1,2661,2634
Turkey,1977,18,2568.4,2561.9,2651.6,2637
Turkey,1978,18,2569,2553.2,2664.8,2646.8
Turkey,1979,19,2567.8,2567.5,2641.4,2627.5
Turkey,1980,19,2574.2,2558.2,2638.1,2642.3
Turkey,1981,20,2573.6,2575.9,2631.4,2625.4
Turkey,1982,21,2564,2568.4,2677.4,2648.1
Turkey,1983,22,2560.3,2544.8,2669.4,2651.7
Turkey,1984,21,2567.6,2546.9,2691.5,2666.1
Turkey,1987,22,2568.6,2552.4,2647,2680.3
Turkey,1988,23,2572.7,2550.2,2683.6,2691.4
Turkey,1989,21,2579.6,2558,2724.9,2704.7
Turkey,1990,21,2589.4,2568.5,2715.8,2716.7
Turkey,1991,19,2596.6,2575.9,2746.9,2721.3
Turkey,1992,19,2595.4,2564.1,2763.5,2724.7
Turkey,1994,22,2577,2539.5,2765.2,2731.2
Turkey,1995,21,2578.8,2551.8,2805.2,2744.6
Turkey,2023,20,2613.2,2598.2,2739.4,2732
Turkey,2024,23,2604.4,2590.8,2667.9,2734.5
Turkey,2025,22,2609.4,2590.6,2711.3,2749
Turkey,1971,18,2555.6,2564.8,2640.9,2630
Turkey,1972,18,2556.3,2550.7,2662.8,2640.1
Turkey,1998,21,2602,2587.8,2784.8,2739.5
Turkey,1999,21,2594.3,2566.4,2754.3,2720.4
Turkey,2000,21,2593.3,2574.6,2771.5,2738.8
Turkey,2001,21,2592.4,2575.5,2773.5,2733
Turkey,2002,21,2596.8,2553.7,2774.5,2730.7
Turkey,2003,21,2592.7,2566.1,2719.6,2724.6
Turkey,2004,21,2598.6,2577.4,2749.9,2722.3
Turkey,2016,21,2608.8,2595.7,2759.6,2744.2
Turkey,2017,21,2616.6,2593.1,2785.8,2749
Austria,1975,11,2603.6,2582.5,2677.2,2652.8
Austria,1976,11,2604.7,2591.5,2712.7,2656.6
Austria,1977,11,2609.9,2586.2,2721.9,2650.7
Austria,1978,11,2609.9,2585.7,2697.7,2645.2
Austria,1979,11,2609.9,2604.6,2638.1,2644.6
Austria,1980,11,2607.6,2613.4,2654.8,2654.9
Austria,1981,11,2609.2,2589.8,2725.5,2660.5
Austria,1984,19,2554.1,2536.4,2673.3,2681.1
Austria,1985,17,2564.6,2564,2705.3,2687.9
Austria,1986,12,2615.2,2597.2,2770.6,2688.2
Austria,1987,12,2606.8,2599.6,2756.6,2683.8
Austria,1988,12,2614.1,2589.2,2731.2,2683.4
Austria,1989,12,2612,2581,2740.4,2695.2
Austria,1990,12,2610.6,2592.6,2717.3,2689.5
Austria,1991,12,2614.1,2611.1,2755.1,2703.4
Austria,1992,12,2612.4,2597.1,2724,2688.7
Austria,1993,12,2615.2,2580.6,2752.9,2693.7
Austria,1994,13,2602.4,2572.7,2723.8,2668.8
Austria,1995,12,2608.2,2612.7,2720.5,2686.6
Austria,1996,11,2619.7,2639.1,2708.1,2688.6
Austria,1997,11,2628.8,2636.4,2739.1,2697.1
Austria,1998,11,2618.6,2618.5,2775.6,2712
Austria,2000,11,2626.1,2645.5,2747.3,2703.7
Austria,2001,11,2631.6,2610.1,2726.7,2688.8
Austria,2002,11,2629.9,2622.7,2724.9,2683.6
Austria,2003,12,2614,2602.1,2708,2673.3
Austria,2004,11,2638.3,2593.7,2749.5,2704.3
Austria,2005,11,2637.4,2650.9,2739,2700.2
Austria,2006,11,2639.6,2636.2,2691.1,2672.4
Austria,2011,11,2593.3,2593.5,2668.2,2648.6
Austria,2012,11,2598.9,2549.5,2735.2,2661.9
Austria,2013,11,2610,2596.9,2694.6,2661.4
Austria,2014,11,2617.6,2610.5,2687,2670.7
Austria,2015,11,2618.7,2590.7,2730.6,2671
Austria,2016,11,2619.9,2586.3,2681.5,2680.4
Austria,2017,11,2611.5,2598.1,2692.4,2674.4
Austria,2018,12,2611.6,2578.5,2667.6,2677.2
Austria,2019,13,2605.3,2580.1,2750.3,2701.5
Austria,2020,13,2608.1,2583.8,2735.4,2700
Austria,2021,13,2606,2592.2,2679.6,2690.9
Austria,2022,13,2605.9,2590.6,2730.1,2697.8
Greece,2014,20,2500.2,2474,2636,2641.5
Belgium,2008,20,2604.2,2605.1,2722.3,2716.3
Belgium,2009,19,2610.9,2589.5,2744.1,2731.6
Portugal,1983,19,2613,2573.2,2809.1,2754
Scotland,1917,18,2464.8,2448.5,2589.8,2572.2
Scotland,1918,18,2464.8,2426.3,2618.8,2589.1
Scotland,1903,14,2475.9,2444,2621.9,2597
Scotland,1904,14,2475.9,2486.5,2639.2,2579.4
France,1967,24,2727.2,2720.9,2790.8,2808.2
France,1968,22,2731.2,2729.5,2803.5,2812.2
France,1969,18,2746.9,2735.5,2821.3,2813.7
France,1971,20,2724.7,2727.9,2796.2,2787.1
France,1972,24,2726.7,2725.9,2813.1,2808
France,1973,23,2738.5,2737.6,2806.6,2811.8
France,2002,22,2740.8,2744.4,2792.8,2801.7
France,2003,23,2740.5,2720.1,2830.9,2835.9
France,2004,23,2742.9,2736.4,2834.7,2834.3
France,2005,23,2746,2733.4,2813.9,2832.5
France,2006,23,2746,2749.4,2822.2,2838.4
France,2011,23,2749.7,2744.7,2850.2,2841.4
France,2012,23,2743.5,2749.1,2839.9,2837.4
France,2013,23,2742.8,2726.9,2823,2846.4
France,2022,20,2793.9,2768.3,2895.9,2920
Netherlands,1993,21,2619.3,2582.7,2812.3,2765.1
Netherlands,1994,20,2621.8,2600.7,2770.3,2759.9
Netherlands,1995,20,2622.6,2613.5,2753.8,2764
Turkey,2005,21,2607.1,2580.6,2723.3,2727.6
Turkey,2012,21,2615.3,2611.5,2710.6,2723.8
Turkey,2013,21,2622.6,2628.4,2717.1,2736.3
Turkey,2014,21,2620.4,2593.5,2771.7,2730.6
Turkey,2015,21,2610.4,2595.5,2780.4,2735.4
Turkey,2018,21,2612,2582.8,2734.6,2731.4
Turkey,2019,21,2617.7,2581.9,2732.3,2736.2
Turkey,2020,21,2615.3,2599.5,2722.3,2717
Turkey,2021,21,2615.1,2595.7,2734.2,2728.6
Spain,1930,11,2732.7,2731.9,2813.7,2779.4
Spain,1931,11,2736.9,2735.4,2818.1,2784.4
Spain,1932,11,2751.7,2724,2840.2,2807.7
Spain,1933,11,2764.2,2759.5,2862.8,2808.2
Spain,1954,20,2784.4,2774.9,2876.9,2872
Spain,1955,18,2781.1,2784.2,2913.3,2870.2
Spain,1956,20,2779,2750,2922.9,2888.6
Spain,1998,23,2800.9,2799.1,2873.7,2873.6
Spain,1999,24,2799.8,2788.5,2873.1,2883
Spain,2000,23,2803.9,2795.5,2904,2892.5
Spain,2001,23,2803.6,2787.6,2883.3,2889
Spain,2002,23,2799.8,2776,2910.7,2896.7
Spain,2003,23,2798.4,2798.4,2906.6,2888.2
Spain,2005,23,2803.4,2796.8,2902.3,2912.6
Spain,2006,23,2804,2790.1,2937.4,2915.9
Spain,2016,20,2848,2816.6,3035.7,3001.7
Spain,2017,20,2858,2826.9,3054.7,3006.5
Spain,2018,20,2868,2833.9,3039.6,3001.8
Spain,2019,20,2866.9,2844.4,2979.8,2984.8
Spain,2020,20,2860.7,2830.7,3036,2993.3
Spain,2021,20,2859.6,2838.8,2976.6,2982.3
Spain,2023,20,2859.2,2823.5,3004.9,2996.3
Spain,2024,20,2861.3,2837.8,3036.3,2993.4
Spain,2025,20,2862,2830.1,3047.6,2991.4
Spain,2026,20,2859.2,2828.7,2982.4,2967.8
Spain,1991,22,2801.9,2798,2889.3,2899.6
Spain,1992,22,2798.5,2793.1,2908.3,2900.7
Spain,1993,23,2793.8,2794.8,2906.3,2898.5
Spain,1994,23,2799.7,2786.3,2927.5,2909.4
Spain,1995,23,2796.9,2806.1,2893.5,2891.6
Spain,1996,25,2790.4,2791.8,2910.1,2911
Spain,2004,23,2803.7,2801.8,2897.1,2899.7
Spain,1945,17,2787.8,2800.2,2897.1,2877.1
Spain,1946,16,2790,2770.8,2884.8,2874.5
Spain,1947,17,2786.8,2789.3,2877.9,2870
Spain,1948,16,2794.9,2793.2,2894.1,2864.6
Spain,1949,16,2797,2786.9,2868.3,2863.1
Spain,1950,18,2785.3,2808.7,2863.9,2855.8
Spain,1951,20,2775.7,2777.6,2895.8,2878.4
Germany,2006,21,2742.2,2711.1,2878.6,2856.8
Germany,2007,21,2746.5,2728.8,2869.6,2860.3
Spain,2007,23,2806.5,2787.6,2892.8,2912.9
Spain,2008,23,2799.1,2793,2926.7,2921.3
Spain,2009,23,2802.6,2768.9,2915.4,2929.3
Spain,2010,23,2801.1,2758.7,2902,2941
Spain,2011,23,2802.8,2770.4,2909,2940.3
Spain,2013,20,2822.6,2781.4,3046.6,2962.3
Spain,2014,20,2831.1,2779.4,3040.2,2986.7
Spain,2022,20,2858,2829,2944.6,2972.8
Austria,2023,13,2600.9,2595.6,2737.1,2693.9
Austria,2024,13,2604.4,2592.7,2745,2694.6
Austria,2025,13,2601.4,2612.4,2705.1,2679
Austria,2026,12,2609.3,2604.5,2720.8,2673.5
Turkey,1962,22,2510.6,2487.8,2668.8,2620.4
Turkey,1963,22,2510.6,2501.1,2667.9,2627.4
Turkey,1964,19,2523,2498.5,2653.3,2626.8
Turkey,1965,17,2532.6,2513.8,2676.5,2613.6
Turkey,1966,19,2530.8,2518.1,2671.8,2625.4
Turkey,1967,20,2534.1,2522.1,2620.5,2617.3
Turkey,1968,19,2538.3,2545,2643.9,2607.1
Turkey,1969,18,2545.2,2533,2640,2628.4
Turkey,1970,18,2548.2,2543,2628.9,2619.8
Turkey,1985,21,2570,2554.2,2669.9,2660.4
Turkey,1986,22,2563.1,2554.8,2669,2673.6
Turkey,1993,19,2599.6,2552.9,2776.7,2732.3
Turkey,1996,21,2590,2544.9,2808.8,2759.7
Turkey,1997,21,2592.5,2560.9,2802.5,2751.1
Portugal,2000,21,2627.7,2597.5,2757.3,2749
Portugal,2001,21,2625.9,2603.2,2778,2746.3
France,2017,21,2759.1,2724.7,2906.8,2888.4
France,2018,20,2768.4,2757.1,2821.1,2863.5
France,2019,20,2776.9,2764.8,2866.8,2877.5
Belgium,1921,15,2556.3,2503.8,2687.2,2669.6
Belgium,1922,16,2553.3,2532.8,2690.9,2676.3
Belgium,1923,16,2547.1,2535.1,2696.7,2675.9
Belgium,1924,17,2547.1,2550.1,2686.3,2659
Belgium,1925,17,2549.9,2562.6,2664.6,2650.5
Belgium,1926,14,2561.6,2566,2668.3,2650.5
Belgium,1927,14,2589.5,2567.4,2674.4,2662.2
Belgium,1928,16,2565.3,2567.3,2653.7,2655.2
Belgium,1929,16,2565.3,2556.1,2678.7,2655.4
Belgium,1930,16,2579,2571,2675.2,2651.4
Belgium,1931,16,2576.3,2581.7,2663.3,2646.8
Belgium,1936,14,2567,2573.9,2663.2,2647.3
Belgium,1937,16,2562.7,2553.2,2661.7,2645.4
Belgium,1938,15,2572.8,2553.1,2654.1,2647.3
Belgium,1939,14,2579.1,2575,2651.4,2635.4
Belgium,1941,14,2563.6,2564.2,2659.5,2639.8
Belgium,1942,15,2560.3,2559,2662,2646.1
Belgium,1943,18,2555.3,2542.5,2644,2642.5
Belgium,1944,16,2561.1,2554.8,2663.6,2649.7
Belgium,1945,19,2545.3,2540.9,2658.7,2647.4
Belgium,1946,21,2538.6,2532.1,2662.9,2634.9
Belgium,1947,20,2537.5,2528.2,2648.5,2625.4
Belgium,1948,17,2539.2,2545.4,2632.2,2617.9
Belgium,1949,15,2544,2542.8,2626.6,2611.8
Belgium,1950,14,2541.5,2548.5,2637.2,2604
Belgium,1951,17,2541.2,2535.2,2622.1,2616.5
Belgium,1952,17,2543.1,2534.1,2619.4,2612.6
Belgium,1953,17,2551.5,2556.3,2627,2617.3
Belgium,1954,15,2558.1,2571.5,2622.2,2613.8
Belgium,1956,17,2550.7,2560.6,2615.2,2609.7
Belgium,1957,17,2543.5,2550.3,2615.5,2600.6
Belgium,1958,18,2541.1,2544.9,2614.7,2606.3
Belgium,1959,18,2536.4,2543.7,2610.2,2598.7
Belgium,1960,19,2541.4,2552.8,2624.6,2603.2
Belgium,1961,18,2539.2,2525.7,2638.1,2617
Belgium,1962,18,2547.1,2528.2,2645.5,2627.6
Belgium,1963,18,2554.7,2537.3,2658.3,2631.9
Belgium,1964,16,2563.6,2537.1,2667.1,2636.3
Belgium,1968,16,2560.5,2560.5,2633.7,2610.8
Belgium,1969,18,2552.9,2535.8,2635.1,2632.7
Belgium,1970,18,2567.6,2546.7,2677.6,2661.9
Belgium,1971,18,2573.8,2544.3,2706.5,2664.9
Belgium,1972,18,2570.8,2552.4,2706,2676.2
Belgium,1973,18,2570.8,2561.7,2687.7,2661.4
Belgium,1974,16,2585,2567.8,2669.8,2652.1
Belgium,1975,19,2575.1,2571.9,2680.1,2663.9
Belgium,1976,21,2564.5,2561,2686.7,2661.8
Belgium,1977,20,2570.6,2577,2697.2,2669.2
Belgium,1978,20,2574.1,2574,2682.1,2678.3
Belgium,1979,20,2573,2554.8,2693.8,2685.4
Belgium,1980,20,2572.1,2553.6,2724.1,2699
Belgium,1981,20,2578.4,2577.9,2671.4,2667.6
Belgium,1982,20,2586.8,2587.7,2695.5,2679.7
Belgium,1983,20,2586.8,2579.6,2708.8,2683.1
Belgium,1984,20,2584.2,2564.3,2682.8,2686.3
Belgium,1985,20,2584.4,2562.3,2699,2704.6
Belgium,1986,20,2584.1,2579.1,2707.1,2707.7
Belgium,1987,20,2585.8,2583.4,2735.8,2704.3
Belgium,1988,21,2585.1,2550.9,2744.8,2721.2
Belgium,1989,20,2591.5,2561,2754.4,2715.1
Belgium,1990,20,2591.5,2553.6,2780,2737
Belgium,1991,20,2588.2,2561.5,2761,2729
Belgium,1992,20,2589.6,2577.5,2729.1,2718.1
Belgium,1993,20,2590.6,2570.7,2696.7,2717.2
Belgium,1994,20,2591,2571.7,2712.9,2703
Belgium,1995,21,2597.8,2588.7,2680.1,2695.1
Belgium,1996,21,2597.2,2577.8,2679.8,2706.2
Belgium,1997,20,2606.9,2590.5,2701,2705
Belgium,1998,20,2601.9,2599.6,2700.9,2699.1
Belgium,1999,21,2593.4,2552.5,2758.6,2720.2
Belgium,2000,20,2595.7,2581.3,2704.6,2725.1
Belgium,2001,20,2597.3,2558.4,2734.2,2738.1
Belgium,2002,20,2598.7,2576.7,2717.9,2725.8
Belgium,2003,19,2602.3,2597.2,2733.5,2726.5
Belgium,2004,20,2601.1,2608.4,2723.9,2728.2
Belgium,2005,20,2608.8,2583.4,2769.9,2734.3
Belgium,2006,19,2615.9,2586.9,2764.3,2748
Belgium,2007,20,2606.5,2585.5,2753.3,2737
Belgium,2010,17,2622.9,2632.9,2724.4,2727.2
Belgium,2011,18,2622.6,2597,2754.4,2741.5
Belgium,2012,18,2615.5,2598.9,2718.8,2723
Belgium,2013,17,2616.7,2567.2,2759.4,2739.1
Belgium,2014,18,2614.6,2613.1,2727.6,2719.2
Belgium,2015,18,2616.3,2629.9,2769.1,2725.7
Belgium,2016,17,2627.7,2653,2742.3,2726.9
Belgium,2017,17,2625.9,2592.7,2752.6,2729.4
Belgium,2018,17,2624.9,2622.9,2758.1,2724
Belgium,2019,17,2625.8,2621.8,2735.4,2730.4
Belgium,2020,18,2624.8,2608.6,2718.8,2716.1
Belgium,2021,18,2622.6,2607.6,2709.7,2713
Belgium,2023,16,2632.5,2606.8,2751.2,2740.9
Belgium,2024,18,2634.1,2611.5,2774,2756.1
Belgium,2025,18,2644.7,2625.1,2800.1,2761.7
Belgium,2026,14,2646.9,2629.1,2773.9,2727.2
France,1964,18,2726,2721.9,2793.8,2781.3
France,1965,21,2716.8,2723.9,2812.5,2792.2
France,1966,23,2728.4,2733.3,2815.6,2810.7
France,1974,23,2737.2,2744.2,2791.3,2806.3
France,1975,23,2736.2,2733.2,2788.5,2810.5
France,1976,23,2738,2742.9,2802.9,2800
France,1977,20,2747.9,2748.9,2826.7,2827.5
France,1978,20,2744.2,2740.2,2801.7,2816.3
France,1979,22,2744.3,2732.8,2848.8,2844.5
France,1980,22,2750.5,2743.6,2831.3,2854.4
France,1981,22,2749.5,2728.6,2852,2857.7
France,1993,23,2735.5,2715.3,2831.3,2836.3
France,1994,23,2737.5,2721.6,2853.8,2842.8
France,2015,20,2757.7,2740.3,2826.5,2846
France,2016,20,2763.7,2741.3,2863.5,2867.6
France,2020,20,2779.2,2757.8,2906.1,2889.2
France,2021,20,2790.1,2763.6,2897.5,2904
France,2024,18,2816.3,2811.7,2935.4,2932
France,2025,18,2819.4,2814,2916.6,2934.6
France,2026,18,2818.9,2800.5,2909.8,2926.7
Turkey,2006,21,2613,2598.9,2712.2,2712.4
Turkey,2007,21,2603.2,2587,2732.7,2716.2
Turkey,2008,21,2600.6,2561.7,2745.2,2743.3
Turkey,2009,21,2599.5,2593.6,2764.6,2731.1
Turkey,2010,21,2600.7,2598.3,2769.4,2734.6
Turkey,2011,21,2612.4,2610.1,2754.8,2736.8
Belgium,1904,11,2528.3,2501.6,2699.8,2608
Belgium,1905,11,2528.3,2490.6,2703.2,2618.2
Belgium,1906,11,2537.6,2469.2,2693,2617.7
Belgium,1907,11,2537.6,2490.1,2734.9,2641
Belgium,1908,12,2536.9,2507.2,2737.7,2661.1
Belgium,1909,13,2532.7,2503.4,2728.7,2675.1
Belgium,1910,13,2541.8,2505.6,2744.4,2678.3
Belgium,1911,13,2545.5,2489.7,2702.5,2675.1
Belgium,1912,14,2535.2,2476.8,2740.4,2683.4
Belgium,1913,14,2542.2,2528.1,2749.9,2693.1
Belgium,1914,12,2577.5,2536.4,2777.7,2686.5
Belgium,1919,12,2580.1,2539.9,2777.7,2678.2
Belgium,1920,12,2580.1,2557.1,2750.8,2673.8
Belgium,1932,16,2577.4,2584.3,2643.8,2639.5
Belgium,1933,14,2592.8,2590.7,2657.4,2649.8
Belgium,1955,15,2557.8,2563.7,2618.1,2607
Spain,1929,10,2740.5,2732,2824.9,2775.5
Spain,1934,12,2765.7,2750.5,2871,2821.1
Spain,1935,14,2763.7,2749.1,2876.8,2840.5
France,2010,23,2746.1,2748,2862.5,2844.3
Germany,1971,20,2703.5,2705.2,2800.7,2796.3
Germany,1972,20,2710.1,2716.4,2784.9,2788.7
Germany,1982,20,2721.7,2699.3,2827.2,2831.6
Germany,1983,21,2726.4,2715.5,2866,2839.8
Germany,1984,20,2731.4,2721.8,2860.1,2849
Germany,1985,21,2726.3,2719.8,2833.2,2828.7
Germany,2005,21,2742.9,2724.6,2847.8,2866
Germany,2008,21,2750.8,2731.2,2857.5,2856.4
Germany,2009,21,2751,2724.2,2847.6,2856.3
Germany,2020,18,2818.4,2771,2970,2960.3
Germany,2021,18,2814.8,2797.4,2905.3,2929.4
Portugal,2017,20,2626.5,2572.9,2873.7,2785
Portugal,2021,21,2625.8,2592.2,2886,2792.1
Portugal,2022,21,2629.9,2589.6,2863.4,2802.9
Portugal,2023,21,2630.5,2577,2903.4,2813
England,1904,20,2766.7,2747.8,2840.4,2845.2
England,1905,20,2766.7,2771.2,2850.2,2835.5
England,1906,22,2760.8,2777.5,2825,2832.2
England,1907,22,2765.1,2767.2,2830.4,2821
England,1908,22,2770,2765.2,2837.6,2827.3
England,1909,22,2770.8,2775.2,2835.5,2832.1
England,1910,22,2776.7,2776.2,2828.8,2841.4
England,1911,22,2775.4,2767.5,2859.2,2849.7
England,1912,22,2777.3,2776.9,2834.1,2838.4
England,1913,22,2779.8,2772.7,2855.5,2851.7
England,1919,22,2782.9,2783.6,2830.4,2835.9
England,1920,24,2779.3,2788.8,2848.3,2849.2
England,1921,24,2784.9,2793.1,2847,2856.6
England,1922,24,2785,2784.5,2842.2,2855.8
England,1923,24,2789.4,2796.2,2867.4,2862.2
England,1924,24,2789.3,2785,2860.6,2861.6
England,1925,24,2787.7,2805.6,2855,2857.2
England,1926,24,2787.6,2784.1,2842,2844.7
England,1927,24,2784,2786.4,2832,2841.2
England,1928,24,2785.5,2773.6,2839,2840.3
England,1929,24,2784.2,2775.6,2853.2,2850
England,1930,24,2785.6,2779.5,2854.9,2859.1
England,1931,24,2785.3,2790.1,2838.5,2851.1
England,1932,24,2784.3,2776.6,2859.3,2868.2
England,1933,24,2784.6,2779.8,2844.5,2853.8
England,1934,24,2785.2,2780.5,2846.1,2847.1
England,1935,24,2788.6,2785.6,2825.4,2849.7
England,1936,24,2793.1,2792.5,2876.8,2862.2
England,1937,24,2792,2792.5,2851,2854
England,1938,24,2794,2790.6,2849,2849.7
England,1939,22,2796.5,2777.5,2861.9,2865.5
England,1946,22,2797.2,2800.6,2864.8,2864.2
England,1947,24,2794.4,2804.2,2866.9,2868.2
England,1948,24,2801.9,2797,2882.7,2878.5
England,1949,24,2805.2,2801.3,2885.9,2883.5
England,1950,24,2800.5,2804.3,2884.1,2877.5
England,1951,24,2802.4,2798.1,2871.3,2877
England,1952,24,2801.3,2803,2865.3,2873
England,1953,24,2803.3,2794.1,2873.7,2878.4
England,1954,24,2800.8,2811.3,2854.1,2852.4
England,1955,24,2804.7,2800.8,2849.1,2855.7
England,1956,24,2799.9,2792.1,2866.9,2877.5
England,1957,24,2793.9,2791.1,2885.2,2884
England,1958,24,2795.1,2786.4,2859.6,2867.5
England,1959,24,2794,2792,2863.9,2868.5
England,1960,24,2797.3,2769.9,2912.8,2901.1
England,1961,24,2802.2,2799.5,2872.7,2882
England,1962,24,2794.9,2798,2881.8,2874.3
England,1963,24,2796.2,2806.9,2867.8,2876.7
England,1964,24,2803.3,2807.1,2881.2,2883.2
England,1965,24,2802.5,2794,2901.6,2899.5
England,1966,24,2804.3,2800,2894.9,2893.4
England,1967,24,2808.7,2802.8,2898.6,2902
England,1968,24,2809,2797,2924.4,2915.7
England,1969,24,2810.2,2809.4,2925.6,2926.2
England,1970,24,2814.4,2806.7,2925.5,2924.7
England,1971,24,2818.6,2798.8,2917.7,2920.3
England,1972,24,2818.5,2791.9,2927,2921.2
England,1973,24,2815.8,2821.3,2873.1,2900.8
England,1974,25,2809.5,2811.6,2868.7,2879.4
England,1975,25,2807.3,2786.2,2900.5,2894
England,1976,25,2805,2805.1,2865.9,2882.5
England,1977,25,2804.9,2821.7,2872.5,2877.4
England,1978,25,2804.3,2794.2,2924.4,2919.2
England,1979,25,2808.3,2809.1,2885.4,2904.4
England,1980,25,2812.4,2811.2,2894.7,2912.6
England,1981,25,2817.7,2816.8,2906.7,2907.4
England,1982,25,2824.3,2826.1,2881.4,2902.8
England,1983,25,2819.5,2823.9,2886.7,2906.1
England,1984,25,2811,2805.1,2907.8,2903.7
England,1985,25,2814,2806.3,2922.9,2919.5
England,1986,25,2821,2810.7,2914.7,2918.1
England,1987,24,2823,2816.9,2926.8,2936.8
England,1988,24,2826,2828.8,2929.6,2924.5
England,1989,23,2830.1,2838.6,2893.4,2909.4
England,1990,23,2827.6,2833.8,2888.7,2921.3
England,1991,24,2827.9,2832.8,2937.3,2924.7
England,1992,25,2825.1,2825.5,2882.9,2887.9
England,1993,25,2822.7,2819.5,2888,2910.4
England,1994,25,2822.2,2807,2895.6,2920.3
England,1995,24,2823.8,2814.9,2921.5,2930
England,1996,23,2826.1,2809.4,2923.6,2927
England,1997,23,2822.6,2810.5,2907.8,2921.3
England,1998,20,2836.8,2830.7,2929.6,2925.3
England,1999,20,2850,2829,2968,2967.2
England,2000,20,2856.6,2865.3,2924.5,2947.5
England,2001,20,2867.8,2847.3,2974.4,2968.2
England,2002,20,2870.3,2861.8,2981.5,2969.6
England,2003,20,2874.7,2846.6,3007.1,2983.5
England,2004,20,2874.9,2859.6,3058,2991.3
England,2005,20,2876.7,2854.5,3038.1,3008.2
England,2006,20,2884,2862.5,3016.2,3008.6
England,2007,20,2885,2869.5,3060.9,3016.6
England,2008,20,2884.1,2849.5,3064,3023.7
England,2009,20,2883.4,2847.3,3035.9,3023.6
England,2010,20,2891.9,2858.1,3019.3,3009.8
England,2011,20,2873.7,2851.7,3001.6,3002.2
England,2012,20,2866.9,2847.4,2997.3,2977.4
England,2013,20,2858.9,2799.8,3011.1,2999.5
England,2014,20,2857.1,2837.4,3003.4,2990.6
England,2015,20,2856.3,2854.6,2949.1,2951.5
England,2016,20,2861,2841.3,2994.6,2977.4
England,2017,20,2858,2810.2,3006.9,3015.9
England,2018,20,2857.9,2819.6,3036.1,3021.4
England,2019,20,2868.5,2836.9,2985,3000.1
England,2020,20,2870.9,2849.6,3005.4,2999
England,2021,20,2887.3,2853.5,3053,3028.7
England,2022,20,2890.1,2848.4,3035.8,3036.6
England,2023,20,2888.3,2879.2,3012.1,3009.5
England,2024,20,2895.3,2888.3,3037.7,3023.4
England,2025,20,2915.1,2898.6,3046.8,3043.6
England,2026,20,2918.9,2909.6,3031.2,3029.6
Ukraine,1995,20,2500.4,2488,2615.3,2609.8
Ukraine,1996,19,2515.7,2503.1,2642.8,2629.3
Ukraine,1997,18,2534.7,2511.3,2660,2652.1
Ukraine,1998,18,2536.8,2526.9,2676.3,2645.2
Ukraine,1999,17,2546.2,2534.8,2669.5,2658.2
Ukraine,2000,17,2551.7,2546.6,2662.8,2662.2
Ukraine,2001,16,2561,2555.5,2715.2,2680.5
Ukraine,2002,17,2563.7,2525.1,2750.4,2696.6
Ukraine,2003,19,2557.2,2512.5,2708.9,2708.7
Ukraine,2004,18,2549.7,2509.3,2709.9,2688.7
Ukraine,2005,18,2553.2,2506.6,2688,2684.8
Ukraine,2006,18,2546.2,2519.8,2694.2,2676.4
Ukraine,2007,18,2542,2498,2720.8,2688.5
Ukraine,2008,18,2546.8,2512.4,2737.2,2690.2
Ukraine,2009,18,2548.6,2520.3,2746.4,2707.5
Ukraine,2010,18,2552.9,2518.6,2748.6,2707.4
Ukraine,2011,18,2557.4,2525.1,2785.2,2705.7
Ukraine,2012,18,2554.9,2509.1,2760.3,2718
Ukraine,2013,17,2564,2528.9,2749.5,2715.1
Ukraine,2018,15,2576.3,2533.9,2746.7,2697.7
Ukraine,2019,14,2588.1,2516.5,2763.1,2705.9
England,1894,18,2746.2,2741.5,2876.5,2841.9
England,1895,17,2764.8,2748.8,2888,2849.3
England,1896,17,2764.8,2747.2,2833.2,2836.2
England,1897,17,2766.2,2762.8,2824.5,2821.3
England,1898,18,2765.2,2766.7,2825.2,2820.5
England,1899,20,2760.1,2753.6,2833.5,2826.1
England,1900,20,2760.1,2776.4,2824.9,2826
England,1901,20,2762.5,2771.4,2822.2,2819.2
England,1902,20,2765.5,2769.3,2816.4,2815.2
England,1903,20,2765.5,2762.6,2845,2829.4
England,1914,22,2784.9,2790,2846,2850.3
England,1915,20,2790.7,2801.2,2827.2,2830.2
Spain,1936,12,2784.3,2788.7,2879.7,2835.9
Spain,1939,12,2774.4,2763.1,2851.1,2815.6
Spain,1940,14,2773.1,2770,2848.6,2824.3
Spain,1941,16,2773.7,2788.4,2847.4,2843.3
Spain,1942,16,2779.1,2786.1,2875.9,2854.4
Spain,1943,16,2780.3,2779.6,2876.4,2866.8
Spain,1944,16,2788.4,2803,2863.2,2863.5
Spain,1952,18,2793.6,2770.6,2883.1,2881.1
Spain,1953,18,2795.7,2786,2890,2880
Spain,1957,18,2794.7,2780.3,2900,2876.8
Spain,1958,18,2790.9,2760.3,2908.2,2892.4
Spain,1959,18,2790.5,2769,2903.9,2882.3
Spain,1960,18,2798,2770.2,2907.3,2898.3
Spain,1961,18,2799.8,2792.1,2888.2,2890.2
Spain,1962,20,2795.3,2782.5,2882.6,2880.5
Spain,1963,20,2797.9,2783.8,2868.5,2876.5
Spain,1964,18,2799.8,2790.5,2874.8,2888.8
Spain,1965,20,2791,2759.3,2896.4,2896
Spain,1966,19,2788,2751.3,2901.9,2893.2
Spain,1967,19,2788.5,2776.9,2908.7,2882.9
Spain,1968,18,2795,2782.2,2884.1,2877.4
Spain,1969,19,2790.2,2785.7,2856.3,2865.6
Spain,1970,19,2787.7,2772.3,2900.5,2878
Spain,1971,20,2786.1,2768.2,2906,2878.4
Spain,1972,21,2783.3,2760.8,2897.1,2870.9
Spain,1973,21,2786.1,2772.5,2866.5,2859.1
Spain,1974,21,2787.1,2776.9,2870.4,2854.8
Spain,1975,21,2786,2786.9,2873.9,2853.1
Spain,1976,21,2786.1,2771.6,2860.3,2856.3
Spain,1977,21,2785.7,2783.1,2856,2849.3
Spain,1978,21,2784.4,2768.3,2857.5,2862
Spain,1982,21,2792.6,2775.3,2899.2,2890
Spain,1983,21,2795.1,2784.6,2891.4,2891.3
Spain,1984,21,2796.9,2788.8,2911.2,2903.1
Spain,1985,21,2799.8,2790.7,2918.9,2902.3
Spain,1986,21,2794.2,2792.9,2902.4,2900
Spain,1987,21,2797.7,2779.6,2885.2,2894.8
Spain,1988,23,2794,2781.1,2870.2,2888.9
Spain,1989,24,2784.7,2775,2891.4,2898.6
Spain,1990,23,2791.1,2772.4,2907.3,2903.5
Spain,1997,25,2790.7,2788.6,2876.4,2907.5
Spain,2012,20,2820.1,2784.7,2979.6,2952
Spain,2015,20,2844.1,2798.1,3031.5,2995.3
Belgium,1900,9,2501.3,2494.3,2574.6,2534.8
Belgium,1901,9,2501.3,2473.1,2586.1,2538.7
Germany,2011,20,2752.8,2745.1,2859.3,2843
Germany,2012,18,2776.5,2755.1,2907.8,2889.9
Germany,2013,18,2789.8,2744.1,2923.5,2915.3
Germany,2014,18,2792.3,2766.2,2876.3,2903.5
Germany,2015,18,2787.5,2770.3,2874.9,2899
Germany,2016,18,2804.4,2799.6,2908,2898.1
Germany,2017,18,2806.9,2784.3,2861.2,2896.3
Germany,2018,18,2803.8,2795.7,2886,2903.9
Germany,2019,18,2807.8,2797.4,2946.1,2924.4
Germany,2022,18,2827.9,2803.9,2939.6,2949.5
Germany,2023,18,2819.8,2786.9,2973.8,2952.1
Germany,2024,18,2822.6,2821.3,2977.4,2947.7
Germany,2025,18,2829.7,2791.5,2996.6,2961.2
Germany,2026,18,2826.6,2797.6,2963.5,2955.8
Austria,1967,17,2563.5,2546.2,2706.2,2690.3
Austria,1968,14,2583.9,2576.9,2710.5,2679.7
Austria,1999,11,2617.2,2648.9,2744.3,2707.2
Austria,2007,11,2640.3,2654.6,2697.7,2687.2
Austria,2008,11,2628.2,2627.6,2754.3,2707.2
Austria,2009,11,2622.7,2584.4,2772.2,2703.1
Austria,2010,13,2616.3,2627.9,2768.7,2703.2
France,1982,23,2752.7,2745.7,2856.8,2841.8
France,1983,23,2750.8,2742.7,2860.2,2855.8
France,1984,20,2760.1,2749.2,2849.5,2847.6
France,1985,20,2752.6,2729.5,2872.4,2850.2
France,1986,20,2752.6,2737.3,2858.6,2834.8
France,1987,20,2742.8,2740.4,2808.1,2812.9
France,1988,20,2742.8,2747.2,2797.9,2792.6
France,1989,20,2745.9,2739.7,2818.8,2805.7
France,1990,22,2740.9,2734.4,2809.5,2804.6
France,1991,23,2737,2740.4,2796.2,2809.5
France,1992,23,2735.9,2720.9,2823.8,2826.1
France,1995,22,2738.9,2733.1,2825.3,2827.2
France,1996,23,2750,2744.4,2827.7,2838.5
France,1997,22,2751.6,2748.5,2860.8,2848.8
France,1998,21,2753.4,2750.2,2825.6,2841.3
France,1999,21,2753.6,2750.8,2847.4,2833.6
France,2000,21,2753.6,2753.7,2804,2804.3
France,2001,21,2750.1,2747.9,2828.9,2822.4
France,2007,23,2747.1,2749.6,2799.4,2814.8
France,2008,23,2743.8,2731.9,2844,2848.9
France,2009,23,2743.7,2741.4,2847.5,2853.5
Portugal,2018,20,2628.4,2578.5,2847.5,2795.8
Portugal,2019,21,2621.6,2586.4,2795.5,2782.3
Portugal,2020,20,2627.4,2589.9,2815.6,2785.1
Czechia,2006,18,2469.3,2445.3,2597.7,2560.1
Czechia,2007,18,2472.2,2442.2,2557.5,2561.3
Czechia,2008,18,2471.5,2465.2,2575,2572.6
Czechia,2009,18,2473.2,2472.3,2574.2,2561.6
Czechia,2010,18,2468.9,2462.8,2580.2,2569.9
Czechia,2011,18,2477.5,2458.3,2595.4,2584
Czechia,2012,18,2485.8,2460.5,2598.3,2590.2
Czechia,2015,18,2496,2465.8,2615.2,2607.3
Czechia,2016,18,2494.9,2476.1,2639,2614
Czechia,2017,18,2494.9,2475,2660.3,2619.7
Czechia,2018,18,2495.4,2471.1,2649.7,2612.9
Czechia,2019,16,2507.1,2467.9,2690.2,2622
Czechia,2020,18,2506.5,2469.7,2665.6,2641.7
Czechia,2021,18,2507.7,2493.9,2659.3,2649.5
Czechia,2023,16,2525.8,2504.7,2689.6,2651.7
Czechia,2024,17,2514.8,2488.8,2724,2649.6
Czechia,2025,16,2523.8,2482,2726.4,2665.8
Switzerland,1937,14,2578.2,2593.4,2651,2646.2
Switzerland,1938,13,2592.2,2607.9,2680.2,2652.8
Switzerland,1939,13,2588.3,2590.1,2690.6,2654.9
Switzerland,1942,15,2568.9,2544.6,2703.6,2670.6
Switzerland,1943,15,2568.9,2550.3,2671.5,2663.6
Switzerland,1944,14,2576.6,2552.9,2687.5,2657.3
Switzerland,1961,14,2565.6,2583.6,2657.6,2635.1
Switzerland,1962,16,2558.2,2553.9,2661.8,2651.4
Switzerland,1963,16,2562.3,2559.2,2660.8,2655.7
Switzerland,1966,15,2578.4,2574.6,2680.1,2659.6
Switzerland,1971,14,2588.6,2581.1,2714.5,2676.9
Switzerland,1972,14,2590,2610.4,2690.9,2669
Switzerland,1973,14,2593.5,2589,2691.8,2676
Switzerland,1974,20,2558,2538.2,2668.5,2669.3
Switzerland,1978,12,2623.9,2631.8,2745.7,2711.7
Switzerland,1979,14,2601.1,2591.8,2736.3,2698.1
Switzerland,2012,10,2656.8,2632.4,2732,2692.7
Switzerland,2018,10,2678.5,2664.7,2815.2,2720.6
Switzerland,2019,11,2670.9,2633.5,2845,2739.1
Switzerland,2020,12,2649.7,2635.1,2780.5,2726.3
Switzerland,2021,10,2659.4,2653.1,2740.8,2705.2
Switzerland,2023,12,2609.1,2627,2682.5,2685.6
Switzerland,2024,13,2606.2,2627.6,2695.9,2670
Switzerland,2025,12,2618.5,2618,2696.6,2665.9
France,2014,21,2760.4,2735,2874,2884.7
Germany,1991,23,2724.8,2714.1,2810.1,2807.4
Germany,1992,22,2728.3,2716.7,2820.9,2820.2
Germany,1993,21,2733.5,2749,2813.9,2806.1
Germany,2010,20,2752.1,2754.1,2851.6,2840.1
Germany,1973,20,2712.4,2699.2,2781.6,2791.9
Germany,1974,20,2711.2,2732.6,2783,2789.6
Germany,1975,21,2706.1,2710.2,2772.3,2787.5
Germany,1976,21,2705.4,2701.3,2781.9,2793.5
Portugal,1990,22,2609.2,2581.2,2743.3,2744.7
Portugal,1991,23,2607.6,2579.8,2732.1,2744.3
Portugal,1992,21,2613.4,2594.3,2741.6,2731
Portugal,1993,21,2619.2,2591.4,2756.4,2741.5
Portugal,1994,18,2626.8,2583.4,2817.2,2756.3
Portugal,1995,21,2611.8,2586.5,2829.2,2764
Portugal,1996,21,2615.2,2583.5,2765.2,2752.2
France,1953,18,2707.5,2706.1,2799.9,2781.2
France,1954,18,2707.5,2693.4,2803.7,2778.9
France,2023,18,2816.4,2806.8,2898,2909
Switzerland,1940,12,2590.8,2606.4,2701.2,2681.2
Switzerland,1941,14,2569.7,2508,2733.5,2693.4
France,1947,18,2687.4,2692.9,2797.4,2778.1
France,1948,21,2688.9,2679.3,2768.2,2778.3
France,1949,18,2701.6,2691.8,2800.3,2774.8
Scotland,1894,11,2443.3,2438.9,2575.7,2526.3
Scotland,1895,11,2468.9,2452.5,2585.1,2554.1
Scotland,1898,10,2492,2476.8,2686.2,2591.5
Scotland,1899,11,2490.4,2468.5,2654.1,2598.7
Scotland,1900,13,2476,2458.5,2655.1,2584.6
Scotland,1901,11,2502.4,2473,2670,2582.5
Scotland,1902,12,2491.7,2492.8,2629.7,2590.8
Ukraine,1992,22,2478.7,2473,2594.7,2585.3
Ukraine,1993,18,2499.5,2479.9,2608,2590
Ukraine,1994,20,2488.8,2469.4,2623.7,2609.7
Ukraine,2014,16,2560.3,2532.2,2775.4,2707.8
Ukraine,2015,16,2573.2,2559.5,2772.5,2719.3
Ukraine,2016,15,2573.9,2542.8,2766.8,2715
Ukraine,2017,14,2579.6,2535.6,2773.6,2701.5
Ukraine,2021,17,2556.2,2512,2743.6,2695.6
Ukraine,2023,16,2537.9,2506.6,2682.1,2662.8
Ukraine,2024,19,2518.3,2483.5,2647.4,2662.2
Ukraine,2025,16,2525.8,2504.8,2674.3,2639.6
Ukraine,2020,15,2574.8,2546.6,2733.9,2701.8
Belgium,1902,2,2612.4,2612.4,2671.5,2612.4
Switzerland,1969,2,2594.2,2594.2,2642.2,2594.2
