Date,Event,Category,White,Black,Result,WhiteElo,BlackElo,Kw,Kb,Rw_Before,Rb_Before,Rw_After,Rb_After,GameKey
2026-01-09,Tata Steel India Rapid,Rapid,Anand V,Praggnanandhaa R,1/2-1/2,2743,2758,40,40,2500,2500,2500,2500,2026-01-09|Tata Steel India Rapid|Anand V|Praggnanandhaa R|1/2-1/2|Rapid|LumbrasGigaBase_OTB_2026.pgn
2026-01-10,European Women Rapid 2026,Rapid,"Cramling Bellon, Anna","Guichard, Paul",1-0,2046,2333,40,40,2500,2500,2520,2480,"2026-01-10|European Women Rapid 2026|Cramling Bellon, Anna|Guichard, Paul|1-0|Rapid|LumbrasGigaBase_OTB_2026.pgn"
2026-01-10,European Women Rapid 2026,Rapid,"Hejazipour, Mitra","Atalik, Ekaterina",0-1,2338,2349,40,40,2500,2500,2480,2520,"2026-01-10|European Women Rapid 2026|Hejazipour, Mitra|Atalik, Ekaterina|0-1|Rapid|LumbrasGigaBase_OTB_2026.pgn"
2026-01-10,European Women Rapid 2026,Rapid,"Injac, Teodora","Manko, Mariia",0-1,2421,2262,40,40,2500,2500,2480,2520,"2026-01-10|European Women Rapid 2026|Injac, Teodora|Manko, Mariia|0-1|Rapid|LumbrasGigaBase_OTB_2026.pgn"
2026-01-10,European Women Rapid 2026,Rapid,"Narva Mallqui, Miguel","Tsatsalashvili, Keti",1-0,2413,2305,40,40,2500,2500,2520,2480,"2026-01-10|European Women Rapid 2026|Narva Mallqui, Miguel|Tsatsalashvili, Keti|1-0|Rapid|LumbrasGigaBase_OTB_2026.pgn"
2026-01-11,2026 New Zealand Congress | Rapid,Rapid,"Ashe, Michael","Fernandez, Dan",0-1,1639,2527,40,40,2500,2500,2480,2520,"2026-01-11|2026 New Zealand Congress | Rapid|Ashe, Michael|Fernandez, Dan|0-1|Rapid|LumbrasGigaBase_OTB_2026.pgn"
2026-01-11,2026 New Zealand Congress | Rapid,Rapid,"Fernandez, Dan","Sun, Nathan",1/2-1/2,2527,1858,40,40,2520,2500,2518.8499774443094,2501.1500225556906,"2026-01-11|2026 New Zealand Congress | Rapid|Fernandez, Dan|Sun, Nathan|1/2-1/2|Rapid|LumbrasGigaBase_OTB_2026.pgn"
2026-01-11,2026 New Zealand Congress | Rapid,Rapid,"Fernandez, Daniel Howard","Stopa, Jacek",1-0,2527,2330,40,40,2500,2500,2520,2480,"2026-01-11|2026 New Zealand Congress | Rapid|Fernandez, Daniel Howard|Stopa, Jacek|1-0|Rapid|LumbrasGigaBase_OTB_2026.pgn"
2026-01-11,2026 New Zealand Congress | Rapid,Rapid,"Forster Georgiou, William","Fernandez, Dan",0-1,1812,2527,40,40,2500,2518.8499774443094,2481.084028500577,2537.7659489437324,"2026-01-11|2026 New Zealand Congress | Rapid|Forster Georgiou, William|Fernandez, Dan|0-1|Rapid|LumbrasGigaBase_OTB_2026.pgn"
2026-01-11,2026 New Zealand Congress | Rapid,Rapid,Jadhav Pratik,"Xie, Felix",0-1,1629,2407,40,40,2500,2500,2480,2520,"2026-01-11|2026 New Zealand Congress | Rapid|Jadhav Pratik|Xie, Felix|0-1|Rapid|LumbrasGigaBase_OTB_2026.pgn"
2026-01-11,2026 New Zealand Congress | Rapid,Rapid,"Smith, Ro","Xie, Felix",0-1,2136,2407,40,40,2500,2520,2481.1500225556906,2538.8499774443094,"2026-01-11|2026 New Zealand Congress | Rapid|Smith, Ro|Xie, Felix|0-1|Rapid|LumbrasGigaBase_OTB_2026.pgn"
2026-01-11,2026 New Zealand Congress | Rapid,Rapid,"Steele, Hayden","Stopa, Jacek",1/2-1/2,1993,2330,40,40,2500,2480,2498.8499774443094,2481.1500225556906,"2026-01-11|2026 New Zealand Congress | Rapid|Steele, Hayden|Stopa, Jacek|1/2-1/2|Rapid|LumbrasGigaBase_OTB_2026.pgn"
2026-01-11,2026 New Zealand Congress | Rapid,Rapid,"Stopa, Jacek","Lee, Dylan E S",1-0,2330,1548,40,40,2481.1500225556906,2500,2502.2340510562676,2478.915971499423,"2026-01-11|2026 New Zealand Congress | Rapid|Stopa, Jacek|Lee, Dylan E S|1-0|Rapid|LumbrasGigaBase_OTB_2026.pgn"
2026-01-11,2026 New Zealand Congress | Rapid,Rapid,"Stopa, Jacek","Thurner, Anya",1-0,2330,1900,40,40,2502.2340510562676,2500,2522.1054505121733,2480.1286005440943,"2026-01-11|2026 New Zealand Congress | Rapid|Stopa, Jacek|Thurner, Anya|1-0|Rapid|LumbrasGigaBase_OTB_2026.pgn"
2026-01-11,2026 New Zealand Congress | Rapid,Rapid,"Xie, Felix","Gudoy, Paul",1-0,2407,1647,40,40,2538.8499774443094,2500,2556.6228674948247,2482.2271099494847,"2026-01-11|2026 New Zealand Congress | Rapid|Xie, Felix|Gudoy, Paul|1-0|Rapid|LumbrasGigaBase_OTB_2026.pgn"
2026-01-11,2026 New Zealand Congress | Rapid,Rapid,"Xie, Felix","Liu, William Rui",1-0,2407,2118,40,40,2556.6228674948247,2500,2573.391947582054,2483.230919912771,"2026-01-11|2026 New Zealand Congress | Rapid|Xie, Felix|Liu, William Rui|1-0|Rapid|LumbrasGigaBase_OTB_2026.pgn"
2026-01-12,2026 New Zealand Congress | Rapid,Rapid,"Fernandez, Dan","Van Meter, Lester",1-0,2527,1918,40,40,2537.7659489437324,2500,2555.600488126171,2482.1654608175613,"2026-01-12|2026 New Zealand Congress | Rapid|Fernandez, Dan|Van Meter, Lester|1-0|Rapid|LumbrasGigaBase_OTB_2026.pgn"
2026-01-12,2026 New Zealand Congress | Rapid,Rapid,"Fernandez, Dan","Xie, Felix",0-1,2527,2407,40,40,2555.600488126171,2573.391947582054,2536.623752596269,2592.368683111956,"2026-01-12|2026 New Zealand Congress | Rapid|Fernandez, Dan|Xie, Felix|0-1|Rapid|LumbrasGigaBase_OTB_2026.pgn"
2026-01-12,2026 New Zealand Congress | Rapid,Rapid,"Keith, Matthew","Xie, Felix",1/2-1/2,1965,2407,40,40,2500,2592.368683111956,2505.195338333357,2587.173344778599,"2026-01-12|2026 New Zealand Congress | Rapid|Keith, Matthew|Xie, Felix|1/2-1/2|Rapid|LumbrasGigaBase_OTB_2026.pgn"
2026-01-12,2026 New Zealand Congress | Rapid,Rapid,"Lee, Edward S","Fernandez, Dan",0-1,1989,2527,40,40,2500,2536.623752596269,2482.100458599123,2554.5232939971456,"2026-01-12|2026 New Zealand Congress | Rapid|Lee, Edward S|Fernandez, Dan|0-1|Rapid|LumbrasGigaBase_OTB_2026.pgn"
2026-01-12,2026 New Zealand Congress | Rapid,Rapid,"Liu, William Rui","Fernandez, Dan",0-1,2118,2527,40,40,2483.230919912771,2554.5232939971456,2467.278193675995,2570.476020233921,"2026-01-12|2026 New Zealand Congress | Rapid|Liu, William Rui|Fernandez, Dan|0-1|Rapid|LumbrasGigaBase_OTB_2026.pgn"
2026-01-12,2026 New Zealand Congress | Rapid,Rapid,"Xie, Felix","Ker, Anthony F",1-0,2407,2191,40,40,2587.173344778599,2500,2602.2579599986993,2484.9153847799,"2026-01-12|2026 New Zealand Congress | Rapid|Xie, Felix|Ker, Anthony F|1-0|Rapid|LumbrasGigaBase_OTB_2026.pgn"
2026-01-12,2026 New Zealand Congress | Rapid,Rapid,"Xie, Felix","Wang, Justin Zhide",1/2-1/2,2407,2066,40,40,2602.2579599986993,2500,2596.535800516366,2505.722159482333,"2026-01-12|2026 New Zealand Congress | Rapid|Xie, Felix|Wang, Justin Zhide|1/2-1/2|Rapid|LumbrasGigaBase_OTB_2026.pgn"
2026-01-17,Gotham vs. Song Rapid,Rapid,"Rozman, Levy","Song, Julien",0-1,2323,2320,40,40,2500,2500,2480,2520,"2026-01-17|Gotham vs. Song Rapid|Rozman, Levy|Song, Julien|0-1|Rapid|LumbrasGigaBase_OTB_2026.pgn"
2026-01-17,Gotham vs. Song Rapid,Rapid,"Rozman, Levy","Song, Julien",1-0,2323,2320,40,40,2480,2520,2502.2924653504915,2497.7075346495085,"2026-01-17|Gotham vs. Song Rapid|Rozman, Levy|Song, Julien|1-0|Rapid|LumbrasGigaBase_OTB_2026.pgn"
2026-01-17,Gotham vs. Song Rapid,Rapid,"Song, Julien","Rozman, Levy",0-1,2320,2323,40,40,2497.7075346495085,2502.2924653504915,2477.9714491567916,2522.0285508432084,"2026-01-17|Gotham vs. Song Rapid|Song, Julien|Rozman, Levy|0-1|Rapid|LumbrasGigaBase_OTB_2026.pgn"
2026-01-17,Gotham vs. Song Rapid,Rapid,"Song, Julien","Rozman, Levy",1/2-1/2,2320,2323,40,40,2477.9714491567916,2522.0285508432084,2480.4940730915264,2519.5059269084736,"2026-01-17|Gotham vs. Song Rapid|Song, Julien|Rozman, Levy|1/2-1/2|Rapid|LumbrasGigaBase_OTB_2026.pgn"
2026-01-24,Gelfand-Steinberg Rapid,Rapid,"Gelfand, Boris","Steinberg, Nitzan",1-0,2630,2557,40,40,2500,2500,2520,2480,"2026-01-24|Gelfand-Steinberg Rapid|Gelfand, Boris|Steinberg, Nitzan|1-0|Rapid|LumbrasGigaBase_OTB_2026.pgn"
2026-01-24,Gelfand-Steinberg Rapid,Rapid,"Gelfand, Boris","Steinberg, Nitzan",1-0,2630,2557,40,40,2520,2480,2537.7075346495085,2462.2924653504915,"2026-01-24|Gelfand-Steinberg Rapid|Gelfand, Boris|Steinberg, Nitzan|1-0|Rapid|LumbrasGigaBase_OTB_2026.pgn"
2026-01-24,Gelfand-Steinberg Rapid,Rapid,"Steinberg, Nitzan","Gelfand, Boris",1-0,2557,2630,40,40,2462.2924653504915,2537.7075346495085,2486.566786107803,2513.433213892197,"2026-01-24|Gelfand-Steinberg Rapid|Steinberg, Nitzan|Gelfand, Boris|1-0|Rapid|LumbrasGigaBase_OTB_2026.pgn"
2026-01-24,Gelfand-Steinberg Rapid,Rapid,"Steinberg, Nitzan","Gelfand, Boris",1/2-1/2,2557,2630,40,40,2486.566786107803,2513.433213892197,2488.1102667770156,2511.8897332229844,"2026-01-24|Gelfand-Steinberg Rapid|Steinberg, Nitzan|Gelfand, Boris|1/2-1/2|Rapid|LumbrasGigaBase_OTB_2026.pgn"
2026-01-24,II Rotary Club Rapid 2026,Rapid,"Bodrogi, Lajos","Pasztor, Balazs",0-1,1877,2430,40,40,2500,2500,2480,2520,"2026-01-24|II Rotary Club Rapid 2026|Bodrogi, Lajos|Pasztor, Balazs|0-1|Rapid|LumbrasGigaBase_OTB_2026.pgn"
2026-01-24,II Rotary Club Rapid 2026,Rapid,"Bodrogi, Lajos","Pribelszky, Bence",0-1,1877,2409,40,40,2480,2500,2461.1500225556906,2518.8499774443094,"2026-01-24|II Rotary Club Rapid 2026|Bodrogi, Lajos|Pribelszky, Bence|0-1|Rapid|LumbrasGigaBase_OTB_2026.pgn"
2026-01-24,II Rotary Club Rapid 2026,Rapid,"Borsavolgyi, Tamas","Popovics, Adam",0-1,2027,2336,40,40,2500,2500,2480,2520,"2026-01-24|II Rotary Club Rapid 2026|Borsavolgyi, Tamas|Popovics, Adam|0-1|Rapid|LumbrasGigaBase_OTB_2026.pgn"
2026-01-24,II Rotary Club Rapid 2026,Rapid,"Czebe, Attila","Pasztor, Balazs",1-0,2283,2430,40,40,2500,2520,2521.1500225556906,2498.8499774443094,"2026-01-24|II Rotary Club Rapid 2026|Czebe, Attila|Pasztor, Balazs|1-0|Rapid|LumbrasGigaBase_OTB_2026.pgn"
2026-01-24,II Rotary Club Rapid 2026,Rapid,"Czebe, Attila","Vanczak, Tamas",1/2-1/2,2283,2393,40,40,2521.1500225556906,2500,2519.934031061379,2501.2159914943118,"2026-01-24|II Rotary Club Rapid 2026|Czebe, Attila|Vanczak, Tamas|1/2-1/2|Rapid|LumbrasGigaBase_OTB_2026.pgn"
2026-01-24,II Rotary Club Rapid 2026,Rapid,"Kovacs, Balazs","Vanczak, Tamas",0-1,1806,2393,40,40,2500,2501.2159914943118,2480.0699978113917,2521.14599368292,"2026-01-24|II Rotary Club Rapid 2026|Kovacs, Balazs|Vanczak, Tamas|0-1|Rapid|LumbrasGigaBase_OTB_2026.pgn"
2026-01-24,II Rotary Club Rapid 2026,Rapid,"Kovacs, Kristof 2","Vanczak, Tamas",0-1,2126,2393,40,40,2500,2521.14599368292,2481.215760430904,2539.930233252016,"2026-01-24|II Rotary Club Rapid 2026|Kovacs, Kristof 2|Vanczak, Tamas|0-1|Rapid|LumbrasGigaBase_OTB_2026.pgn"
2026-01-24,II Rotary Club Rapid 2026,Rapid,"Molnar, Ja2","Popovics, Adam",0-1,1856,2336,40,40,2500,2520,2481.1500225556906,2538.8499774443094,"2026-01-24|II Rotary Club Rapid 2026|Molnar, Ja2|Popovics, Adam|0-1|Rapid|LumbrasGigaBase_OTB_2026.pgn"
2026-01-24,II Rotary Club Rapid 2026,Rapid,"Pasztor, Balazs","Korpas, Zoltan",1-0,2430,2094,40,40,2498.8499774443094,2500,2518.9161778223724,2479.933799621937,"2026-01-24|II Rotary Club Rapid 2026|Pasztor, Balazs|Korpas, Zoltan|1-0|Rapid|LumbrasGigaBase_OTB_2026.pgn"
2026-01-24,II Rotary Club Rapid 2026,Rapid,"Pasztor, Balazs","Lehocz, Jozsef",1-0,2430,2016,40,40,2518.9161778223724,2500,2537.828349756337,2481.0878280660354,"2026-01-24|II Rotary Club Rapid 2026|Pasztor, Balazs|Lehocz, Jozsef|1-0|Rapid|LumbrasGigaBase_OTB_2026.pgn"
2026-01-24,II Rotary Club Rapid 2026,Rapid,"Pasztor, Balazs","Mizik, Zsolt",1-0,2430,1961,40,40,2537.828349756337,2500,2555.6593390384564,2482.1690107178806,"2026-01-24|II Rotary Club Rapid 2026|Pasztor, Balazs|Mizik, Zsolt|1-0|Rapid|LumbrasGigaBase_OTB_2026.pgn"
2026-01-24,II Rotary Club Rapid 2026,Rapid,"Pasztor, Balazs","Pribelszky, Bence",1/2-1/2,2430,2409,40,40,2555.6593390384564,2518.8499774443094,2553.548314368575,2520.9610021141907,"2026-01-24|II Rotary Club Rapid 2026|Pasztor, Balazs|Pribelszky, Bence|1/2-1/2|Rapid|LumbrasGigaBase_OTB_2026.pgn"
2026-01-24,II Rotary Club Rapid 2026,Rapid,"Popovics, Adam","Diczko, Zsombor",1-0,2336,1851,40,40,2538.8499774443094,2500,2556.6228674948247,2482.2271099494847,"2026-01-24|II Rotary Club Rapid 2026|Popovics, Adam|Diczko, Zsombor|1-0|Rapid|LumbrasGigaBase_OTB_2026.pgn"
2026-01-24,II Rotary Club Rapid 2026,Rapid,"Popovics, Adam",Guivan Virtus,1-0,2336,2013,40,40,2556.6228674948247,2500,2573.391947582054,2483.230919912771,"2026-01-24|II Rotary Club Rapid 2026|Popovics, Adam|Guivan Virtus|1-0|Rapid|LumbrasGigaBase_OTB_2026.pgn"
2026-01-24,II Rotary Club Rapid 2026,Rapid,"Popovics, Adam","Morvai, Pal",1-0,2336,1815,40,40,2573.391947582054,2500,2589.228905028402,2484.163042553652,"2026-01-24|II Rotary Club Rapid 2026|Popovics, Adam|Morvai, Pal|1-0|Rapid|LumbrasGigaBase_OTB_2026.pgn"
2026-01-24,II Rotary Club Rapid 2026,Rapid,"Popovics, Adam","Szegedy, Matyas",1-0,2336,2168,40,40,2589.228905028402,2500,2604.2025026933647,2485.0264023350373,"2026-01-24|II Rotary Club Rapid 2026|Popovics, Adam|Szegedy, Matyas|1-0|Rapid|LumbrasGigaBase_OTB_2026.pgn"
2026-01-24,II Rotary Club Rapid 2026,Rapid,"Popovics, Adam","Varga, Cs2",0-1,2336,2279,40,40,2604.2025026933647,2500,2578.3777346175266,2525.824768075838,"2026-01-24|II Rotary Club Rapid 2026|Popovics, Adam|Varga, Cs2|0-1|Rapid|LumbrasGigaBase_OTB_2026.pgn"
2026-01-24,II Rotary Club Rapid 2026,Rapid,"Pribelszky, Bence","Czebe, Attila",1-0,2409,2283,40,40,2520.9610021141907,2519.934031061379,2540.9018850804327,2499.993148095137,"2026-01-24|II Rotary Club Rapid 2026|Pribelszky, Bence|Czebe, Attila|1-0|Rapid|LumbrasGigaBase_OTB_2026.pgn"
2026-01-24,II Rotary Club Rapid 2026,Rapid,"Pribelszky, Bence",Guivan Virtus,1-0,2409,2013,40,40,2540.9018850804327,2483.230919912771,2557.61223514086,2466.5205698523437,"2026-01-24|II Rotary Club Rapid 2026|Pribelszky, Bence|Guivan Virtus|1-0|Rapid|LumbrasGigaBase_OTB_2026.pgn"
2026-01-24,II Rotary Club Rapid 2026,Rapid,"Pribelszky, Bence","Markot, David Bence",1-0,2409,1738,40,40,2557.61223514086,2500,2574.3258745997477,2483.286360541112,"2026-01-24|II Rotary Club Rapid 2026|Pribelszky, Bence|Markot, David Bence|1-0|Rapid|LumbrasGigaBase_OTB_2026.pgn"
2026-01-24,II Rotary Club Rapid 2026,Rapid,"Pribelszky, Bence","Popovics, Adam",1-0,2409,2336,40,40,2574.3258745997477,2578.3777346175266,2594.5591078379794,2558.144501379295,"2026-01-24|II Rotary Club Rapid 2026|Pribelszky, Bence|Popovics, Adam|1-0|Rapid|LumbrasGigaBase_OTB_2026.pgn"
2026-01-24,II Rotary Club Rapid 2026,Rapid,"Pribelszky, Bence","Vanczak, Tamas",1/2-1/2,2409,2393,40,40,2594.5591078379794,2539.930233252016,2591.4400783771716,2543.0492627128237,"2026-01-24|II Rotary Club Rapid 2026|Pribelszky, Bence|Vanczak, Tamas|1/2-1/2|Rapid|LumbrasGigaBase_OTB_2026.pgn"
2026-01-24,II Rotary Club Rapid 2026,Rapid,"Szegedy, Matyas","Pasztor, Balazs",0-1,2168,2430,40,40,2485.0264023350373,2553.548314368575,2468.92048242872,2569.6542342748926,"2026-01-24|II Rotary Club Rapid 2026|Szegedy, Matyas|Pasztor, Balazs|0-1|Rapid|LumbrasGigaBase_OTB_2026.pgn"
2026-01-24,II Rotary Club Rapid 2026,Rapid,"Tumo, Bence","Pribelszky, Bence",0-1,1900,2409,40,40,2500,2591.4400783771716,2485.1454561014534,2606.294622275718,"2026-01-24|II Rotary Club Rapid 2026|Tumo, Bence|Pribelszky, Bence|0-1|Rapid|LumbrasGigaBase_OTB_2026.pgn"
2026-01-24,II Rotary Club Rapid 2026,Rapid,"Vanczak, Tamas",Guivan Virtus,1/2-1/2,2393,2013,40,40,2543.0492627128237,2466.5205698523437,2538.713806699811,2470.8560258653565,"2026-01-24|II Rotary Club Rapid 2026|Vanczak, Tamas|Guivan Virtus|1/2-1/2|Rapid|LumbrasGigaBase_OTB_2026.pgn"
2026-01-24,II Rotary Club Rapid 2026,Rapid,"Vanczak, Tamas","Mizik, Zsolt",1-0,2393,1961,40,40,2538.713806699811,2482.1690107178806,2555.4872638188817,2465.39555359881,"2026-01-24|II Rotary Club Rapid 2026|Vanczak, Tamas|Mizik, Zsolt|1-0|Rapid|LumbrasGigaBase_OTB_2026.pgn"
2026-01-24,II Rotary Club Rapid 2026,Rapid,"Vanczak, Tamas","Pasztor, Balazs",1/2-1/2,2393,2430,40,40,2555.4872638188817,2569.6542342748926,2556.302328516402,2568.839169577372,"2026-01-24|II Rotary Club Rapid 2026|Vanczak, Tamas|Pasztor, Balazs|1/2-1/2|Rapid|LumbrasGigaBase_OTB_2026.pgn"
2026-01-24,II Rotary Club Rapid 2026,Rapid,"Vanczak, Tamas","Popovics, Adam",1-0,2393,2336,40,40,2556.302328516402,2558.144501379295,2576.408371516984,2538.038458378713,"2026-01-24|II Rotary Club Rapid 2026|Vanczak, Tamas|Popovics, Adam|1-0|Rapid|LumbrasGigaBase_OTB_2026.pgn"
2026-01-24,II Rotary Club Rapid 2026,Rapid,"Varga, Cs2","Pasztor, Balazs",1/2-1/2,2279,2430,40,40,2525.824768075838,2568.839169577372,2528.28830207776,2566.3756355754504,"2026-01-24|II Rotary Club Rapid 2026|Varga, Cs2|Pasztor, Balazs|1/2-1/2|Rapid|LumbrasGigaBase_OTB_2026.pgn"
2026-01-24,II Rotary Club Rapid 2026,Rapid,"Varga, Cs2","Pribelszky, Bence",1/2-1/2,2279,2409,40,40,2528.28830207776,2606.294622275718,2532.7047450420414,2601.8781793114367,"2026-01-24|II Rotary Club Rapid 2026|Varga, Cs2|Pribelszky, Bence|1/2-1/2|Rapid|LumbrasGigaBase_OTB_2026.pgn"
2026-01-24,II Rotary Club Rapid 2026,Rapid,"Varga, Cs2","Vanczak, Tamas",0-1,2279,2393,40,40,2532.7047450420414,2576.408371516984,2515.2073424576565,2593.905774101369,"2026-01-24|II Rotary Club Rapid 2026|Varga, Cs2|Vanczak, Tamas|0-1|Rapid|LumbrasGigaBase_OTB_2026.pgn"
2026-01-09,Tata Steel India Rapid,Rapid,Anand V,Praggnanandhaa R,1/2-1/2,2743,2758,40,40,2500,2500,2500,2500,2026-01-09|Tata Steel India Rapid|Anand V|Praggnanandhaa R|1/2-1/2|Rapid|LumbrasGigaBase_OTB_2026.pgn
2026-01-10,European Women Rapid 2026,Rapid,"Cramling Bellon, Anna","Guichard, Paul",1-0,2046,2333,40,40,2500,2500,2520,2480,"2026-01-10|European Women Rapid 2026|Cramling Bellon, Anna|Guichard, Paul|1-0|Rapid|LumbrasGigaBase_OTB_2026.pgn"
2026-01-10,European Women Rapid 2026,Rapid,"Hejazipour, Mitra","Atalik, Ekaterina",0-1,2338,2349,40,40,2500,2500,2480,2520,"2026-01-10|European Women Rapid 2026|Hejazipour, Mitra|Atalik, Ekaterina|0-1|Rapid|LumbrasGigaBase_OTB_2026.pgn"
2026-01-10,European Women Rapid 2026,Rapid,"Injac, Teodora","Manko, Mariia",0-1,2421,2262,40,40,2500,2500,2480,2520,"2026-01-10|European Women Rapid 2026|Injac, Teodora|Manko, Mariia|0-1|Rapid|LumbrasGigaBase_OTB_2026.pgn"
2026-01-10,European Women Rapid 2026,Rapid,"Narva Mallqui, Miguel","Tsatsalashvili, Keti",1-0,2413,2305,40,40,2500,2500,2520,2480,"2026-01-10|European Women Rapid 2026|Narva Mallqui, Miguel|Tsatsalashvili, Keti|1-0|Rapid|LumbrasGigaBase_OTB_2026.pgn"
2026-01-11,2026 New Zealand Congress | Rapid,Rapid,"Ashe, Michael","Fernandez, Dan",0-1,1639,2527,40,40,2500,2500,2480,2520,"2026-01-11|2026 New Zealand Congress | Rapid|Ashe, Michael|Fernandez, Dan|0-1|Rapid|LumbrasGigaBase_OTB_2026.pgn"
2026-01-11,2026 New Zealand Congress | Rapid,Rapid,"Fernandez, Dan","Sun, Nathan",1/2-1/2,2527,1858,40,40,2520,2500,2518.8499774443094,2501.1500225556906,"2026-01-11|2026 New Zealand Congress | Rapid|Fernandez, Dan|Sun, Nathan|1/2-1/2|Rapid|LumbrasGigaBase_OTB_2026.pgn"
2026-01-11,2026 New Zealand Congress | Rapid,Rapid,"Fernandez, Daniel Howard","Stopa, Jacek",1-0,2527,2330,40,40,2500,2500,2520,2480,"2026-01-11|2026 New Zealand Congress | Rapid|Fernandez, Daniel Howard|Stopa, Jacek|1-0|Rapid|LumbrasGigaBase_OTB_2026.pgn"
2026-01-11,2026 New Zealand Congress | Rapid,Rapid,"Forster Georgiou, William","Fernandez, Dan",0-1,1812,2527,40,40,2500,2518.8499774443094,2481.084028500577,2537.7659489437324,"2026-01-11|2026 New Zealand Congress | Rapid|Forster Georgiou, William|Fernandez, Dan|0-1|Rapid|LumbrasGigaBase_OTB_2026.pgn"
2026-01-11,2026 New Zealand Congress | Rapid,Rapid,Jadhav Pratik,"Xie, Felix",0-1,1629,2407,40,40,2500,2500,2480,2520,"2026-01-11|2026 New Zealand Congress | Rapid|Jadhav Pratik|Xie, Felix|0-1|Rapid|LumbrasGigaBase_OTB_2026.pgn"
2026-01-11,2026 New Zealand Congress | Rapid,Rapid,"Smith, Ro","Xie, Felix",0-1,2136,2407,40,40,2500,2520,2481.1500225556906,2538.8499774443094,"2026-01-11|2026 New Zealand Congress | Rapid|Smith, Ro|Xie, Felix|0-1|Rapid|LumbrasGigaBase_OTB_2026.pgn"
2026-01-11,2026 New Zealand Congress | Rapid,Rapid,"Steele, Hayden","Stopa, Jacek",1/2-1/2,1993,2330,40,40,2500,2480,2498.8499774443094,2481.1500225556906,"2026-01-11|2026 New Zealand Congress | Rapid|Steele, Hayden|Stopa, Jacek|1/2-1/2|Rapid|LumbrasGigaBase_OTB_2026.pgn"
2026-01-11,2026 New Zealand Congress | Rapid,Rapid,"Stopa, Jacek","Lee, Dylan E S",1-0,2330,1548,40,40,2481.1500225556906,2500,2502.2340510562676,2478.915971499423,"2026-01-11|2026 New Zealand Congress | Rapid|Stopa, Jacek|Lee, Dylan E S|1-0|Rapid|LumbrasGigaBase_OTB_2026.pgn"
2026-01-11,2026 New Zealand Congress | Rapid,Rapid,"Stopa, Jacek","Thurner, Anya",1-0,2330,1900,40,40,2502.2340510562676,2500,2522.1054505121733,2480.1286005440943,"2026-01-11|2026 New Zealand Congress | Rapid|Stopa, Jacek|Thurner, Anya|1-0|Rapid|LumbrasGigaBase_OTB_2026.pgn"
2026-01-11,2026 New Zealand Congress | Rapid,Rapid,"Xie, Felix","Gudoy, Paul",1-0,2407,1647,40,40,2538.8499774443094,2500,2556.6228674948247,2482.2271099494847,"2026-01-11|2026 New Zealand Congress | Rapid|Xie, Felix|Gudoy, Paul|1-0|Rapid|LumbrasGigaBase_OTB_2026.pgn"
2026-01-11,2026 New Zealand Congress | Rapid,Rapid,"Xie, Felix","Liu, William Rui",1-0,2407,2118,40,40,2556.6228674948247,2500,2573.391947582054,2483.230919912771,"2026-01-11|2026 New Zealand Congress | Rapid|Xie, Felix|Liu, William Rui|1-0|Rapid|LumbrasGigaBase_OTB_2026.pgn"
2026-01-12,2026 New Zealand Congress | Rapid,Rapid,"Fernandez, Dan","Van Meter, Lester",1-0,2527,1918,40,40,2537.7659489437324,2500,2555.600488126171,2482.1654608175613,"2026-01-12|2026 New Zealand Congress | Rapid|Fernandez, Dan|Van Meter, Lester|1-0|Rapid|LumbrasGigaBase_OTB_2026.pgn"
2026-01-12,2026 New Zealand Congress | Rapid,Rapid,"Fernandez, Dan","Xie, Felix",0-1,2527,2407,40,40,2555.600488126171,2573.391947582054,2536.623752596269,2592.368683111956,"2026-01-12|2026 New Zealand Congress | Rapid|Fernandez, Dan|Xie, Felix|0-1|Rapid|LumbrasGigaBase_OTB_2026.pgn"
2026-01-12,2026 New Zealand Congress | Rapid,Rapid,"Keith, Matthew","Xie, Felix",1/2-1/2,1965,2407,40,40,2500,2592.368683111956,2505.195338333357,2587.173344778599,"2026-01-12|2026 New Zealand Congress | Rapid|Keith, Matthew|Xie, Felix|1/2-1/2|Rapid|LumbrasGigaBase_OTB_2026.pgn"
2026-01-12,2026 New Zealand Congress | Rapid,Rapid,"Lee, Edward S","Fernandez, Dan",0-1,1989,2527,40,40,2500,2536.623752596269,2482.100458599123,2554.5232939971456,"2026-01-12|2026 New Zealand Congress | Rapid|Lee, Edward S|Fernandez, Dan|0-1|Rapid|LumbrasGigaBase_OTB_2026.pgn"
2026-01-12,2026 New Zealand Congress | Rapid,Rapid,"Liu, William Rui","Fernandez, Dan",0-1,2118,2527,40,40,2483.230919912771,2554.5232939971456,2467.278193675995,2570.476020233921,"2026-01-12|2026 New Zealand Congress | Rapid|Liu, William Rui|Fernandez, Dan|0-1|Rapid|LumbrasGigaBase_OTB_2026.pgn"
2026-01-12,2026 New Zealand Congress | Rapid,Rapid,"Xie, Felix","Ker, Anthony F",1-0,2407,2191,40,40,2587.173344778599,2500,2602.2579599986993,2484.9153847799,"2026-01-12|2026 New Zealand Congress | Rapid|Xie, Felix|Ker, Anthony F|1-0|Rapid|LumbrasGigaBase_OTB_2026.pgn"
2026-01-12,2026 New Zealand Congress | Rapid,Rapid,"Xie, Felix","Wang, Justin Zhide",1/2-1/2,2407,2066,40,40,2602.2579599986993,2500,2596.535800516366,2505.722159482333,"2026-01-12|2026 New Zealand Congress | Rapid|Xie, Felix|Wang, Justin Zhide|1/2-1/2|Rapid|LumbrasGigaBase_OTB_2026.pgn"
2026-01-17,Gotham vs. Song Rapid,Rapid,"Rozman, Levy","Song, Julien",0-1,2323,2320,40,40,2500,2500,2480,2520,"2026-01-17|Gotham vs. Song Rapid|Rozman, Levy|Song, Julien|0-1|Rapid|LumbrasGigaBase_OTB_2026.pgn"
2026-01-17,Gotham vs. Song Rapid,Rapid,"Rozman, Levy","Song, Julien",1-0,2323,2320,40,40,2480,2520,2502.2924653504915,2497.7075346495085,"2026-01-17|Gotham vs. Song Rapid|Rozman, Levy|Song, Julien|1-0|Rapid|LumbrasGigaBase_OTB_2026.pgn"
2026-01-17,Gotham vs. Song Rapid,Rapid,"Song, Julien","Rozman, Levy",0-1,2320,2323,40,40,2497.7075346495085,2502.2924653504915,2477.9714491567916,2522.0285508432084,"2026-01-17|Gotham vs. Song Rapid|Song, Julien|Rozman, Levy|0-1|Rapid|LumbrasGigaBase_OTB_2026.pgn"
2026-01-17,Gotham vs. Song Rapid,Rapid,"Song, Julien","Rozman, Levy",1/2-1/2,2320,2323,40,40,2477.9714491567916,2522.0285508432084,2480.4940730915264,2519.5059269084736,"2026-01-17|Gotham vs. Song Rapid|Song, Julien|Rozman, Levy|1/2-1/2|Rapid|LumbrasGigaBase_OTB_2026.pgn"
2026-01-24,Gelfand-Steinberg Rapid,Rapid,"Gelfand, Boris","Steinberg, Nitzan",1-0,2630,2557,40,40,2500,2500,2520,2480,"2026-01-24|Gelfand-Steinberg Rapid|Gelfand, Boris|Steinberg, Nitzan|1-0|Rapid|LumbrasGigaBase_OTB_2026.pgn"
2026-01-24,Gelfand-Steinberg Rapid,Rapid,"Gelfand, Boris","Steinberg, Nitzan",1-0,2630,2557,40,40,2520,2480,2537.7075346495085,2462.2924653504915,"2026-01-24|Gelfand-Steinberg Rapid|Gelfand, Boris|Steinberg, Nitzan|1-0|Rapid|LumbrasGigaBase_OTB_2026.pgn"
2026-01-24,Gelfand-Steinberg Rapid,Rapid,"Steinberg, Nitzan","Gelfand, Boris",1-0,2557,2630,40,40,2462.2924653504915,2537.7075346495085,2486.566786107803,2513.433213892197,"2026-01-24|Gelfand-Steinberg Rapid|Steinberg, Nitzan|Gelfand, Boris|1-0|Rapid|LumbrasGigaBase_OTB_2026.pgn"
2026-01-24,Gelfand-Steinberg Rapid,Rapid,"Steinberg, Nitzan","Gelfand, Boris",1/2-1/2,2557,2630,40,40,2486.566786107803,2513.433213892197,2488.1102667770156,2511.8897332229844,"2026-01-24|Gelfand-Steinberg Rapid|Steinberg, Nitzan|Gelfand, Boris|1/2-1/2|Rapid|LumbrasGigaBase_OTB_2026.pgn"
2026-01-24,II Rotary Club Rapid 2026,Rapid,"Bodrogi, Lajos","Pasztor, Balazs",0-1,1877,2430,40,40,2500,2500,2480,2520,"2026-01-24|II Rotary Club Rapid 2026|Bodrogi, Lajos|Pasztor, Balazs|0-1|Rapid|LumbrasGigaBase_OTB_2026.pgn"
2026-01-24,II Rotary Club Rapid 2026,Rapid,"Bodrogi, Lajos","Pribelszky, Bence",0-1,1877,2409,40,40,2480,2500,2461.1500225556906,2518.8499774443094,"2026-01-24|II Rotary Club Rapid 2026|Bodrogi, Lajos|Pribelszky, Bence|0-1|Rapid|LumbrasGigaBase_OTB_2026.pgn"
2026-01-24,II Rotary Club Rapid 2026,Rapid,"Borsavolgyi, Tamas","Popovics, Adam",0-1,2027,2336,40,40,2500,2500,2480,2520,"2026-01-24|II Rotary Club Rapid 2026|Borsavolgyi, Tamas|Popovics, Adam|0-1|Rapid|LumbrasGigaBase_OTB_2026.pgn"
2026-01-24,II Rotary Club Rapid 2026,Rapid,"Czebe, Attila","Pasztor, Balazs",1-0,2283,2430,40,40,2500,2520,2521.1500225556906,2498.8499774443094,"2026-01-24|II Rotary Club Rapid 2026|Czebe, Attila|Pasztor, Balazs|1-0|Rapid|LumbrasGigaBase_OTB_2026.pgn"
2026-01-24,II Rotary Club Rapid 2026,Rapid,"Czebe, Attila","Vanczak, Tamas",1/2-1/2,2283,2393,40,40,2521.1500225556906,2500,2519.934031061379,2501.2159914943118,"2026-01-24|II Rotary Club Rapid 2026|Czebe, Attila|Vanczak, Tamas|1/2-1/2|Rapid|LumbrasGigaBase_OTB_2026.pgn"
2026-01-24,II Rotary Club Rapid 2026,Rapid,"Kovacs, Balazs","Vanczak, Tamas",0-1,1806,2393,40,40,2500,2501.2159914943118,2480.0699978113917,2521.14599368292,"2026-01-24|II Rotary Club Rapid 2026|Kovacs, Balazs|Vanczak, Tamas|0-1|Rapid|LumbrasGigaBase_OTB_2026.pgn"
2026-01-24,II Rotary Club Rapid 2026,Rapid,"Kovacs, Kristof 2","Vanczak, Tamas",0-1,2126,2393,40,40,2500,2521.14599368292,2481.215760430904,2539.930233252016,"2026-01-24|II Rotary Club Rapid 2026|Kovacs, Kristof 2|Vanczak, Tamas|0-1|Rapid|LumbrasGigaBase_OTB_2026.pgn"
2026-01-24,II Rotary Club Rapid 2026,Rapid,"Molnar, Ja2","Popovics, Adam",0-1,1856,2336,40,40,2500,2520,2481.1500225556906,2538.8499774443094,"2026-01-24|II Rotary Club Rapid 2026|Molnar, Ja2|Popovics, Adam|0-1|Rapid|LumbrasGigaBase_OTB_2026.pgn"
2026-01-24,II Rotary Club Rapid 2026,Rapid,"Pasztor, Balazs","Korpas, Zoltan",1-0,2430,2094,40,40,2498.8499774443094,2500,2518.9161778223724,2479.933799621937,"2026-01-24|II Rotary Club Rapid 2026|Pasztor, Balazs|Korpas, Zoltan|1-0|Rapid|LumbrasGigaBase_OTB_2026.pgn"
2026-01-24,II Rotary Club Rapid 2026,Rapid,"Pasztor, Balazs","Lehocz, Jozsef",1-0,2430,2016,40,40,2518.9161778223724,2500,2537.828349756337,2481.0878280660354,"2026-01-24|II Rotary Club Rapid 2026|Pasztor, Balazs|Lehocz, Jozsef|1-0|Rapid|LumbrasGigaBase_OTB_2026.pgn"
2026-01-24,II Rotary Club Rapid 2026,Rapid,"Pasztor, Balazs","Mizik, Zsolt",1-0,2430,1961,40,40,2537.828349756337,2500,2555.6593390384564,2482.1690107178806,"2026-01-24|II Rotary Club Rapid 2026|Pasztor, Balazs|Mizik, Zsolt|1-0|Rapid|LumbrasGigaBase_OTB_2026.pgn"
2026-01-24,II Rotary Club Rapid 2026,Rapid,"Pasztor, Balazs","Pribelszky, Bence",1/2-1/2,2430,2409,40,40,2555.6593390384564,2518.8499774443094,2553.548314368575,2520.9610021141907,"2026-01-24|II Rotary Club Rapid 2026|Pasztor, Balazs|Pribelszky, Bence|1/2-1/2|Rapid|LumbrasGigaBase_OTB_2026.pgn"
2026-01-24,II Rotary Club Rapid 2026,Rapid,"Popovics, Adam","Diczko, Zsombor",1-0,2336,1851,40,40,2538.8499774443094,2500,2556.6228674948247,2482.2271099494847,"2026-01-24|II Rotary Club Rapid 2026|Popovics, Adam|Diczko, Zsombor|1-0|Rapid|LumbrasGigaBase_OTB_2026.pgn"
2026-01-24,II Rotary Club Rapid 2026,Rapid,"Popovics, Adam",Guivan Virtus,1-0,2336,2013,40,40,2556.6228674948247,2500,2573.391947582054,2483.230919912771,"2026-01-24|II Rotary Club Rapid 2026|Popovics, Adam|Guivan Virtus|1-0|Rapid|LumbrasGigaBase_OTB_2026.pgn"
2026-01-24,II Rotary Club Rapid 2026,Rapid,"Popovics, Adam","Morvai, Pal",1-0,2336,1815,40,40,2573.391947582054,2500,2589.228905028402,2484.163042553652,"2026-01-24|II Rotary Club Rapid 2026|Popovics, Adam|Morvai, Pal|1-0|Rapid|LumbrasGigaBase_OTB_2026.pgn"
2026-01-24,II Rotary Club Rapid 2026,Rapid,"Popovics, Adam","Szegedy, Matyas",1-0,2336,2168,40,40,2589.228905028402,2500,2604.2025026933647,2485.0264023350373,"2026-01-24|II Rotary Club Rapid 2026|Popovics, Adam|Szegedy, Matyas|1-0|Rapid|LumbrasGigaBase_OTB_2026.pgn"
2026-01-24,II Rotary Club Rapid 2026,Rapid,"Popovics, Adam","Varga, Cs2",0-1,2336,2279,40,40,2604.2025026933647,2500,2578.3777346175266,2525.824768075838,"2026-01-24|II Rotary Club Rapid 2026|Popovics, Adam|Varga, Cs2|0-1|Rapid|LumbrasGigaBase_OTB_2026.pgn"
2026-01-24,II Rotary Club Rapid 2026,Rapid,"Pribelszky, Bence","Czebe, Attila",1-0,2409,2283,40,40,2520.9610021141907,2519.934031061379,2540.9018850804327,2499.993148095137,"2026-01-24|II Rotary Club Rapid 2026|Pribelszky, Bence|Czebe, Attila|1-0|Rapid|LumbrasGigaBase_OTB_2026.pgn"
2026-01-24,II Rotary Club Rapid 2026,Rapid,"Pribelszky, Bence",Guivan Virtus,1-0,2409,2013,40,40,2540.9018850804327,2483.230919912771,2557.61223514086,2466.5205698523437,"2026-01-24|II Rotary Club Rapid 2026|Pribelszky, Bence|Guivan Virtus|1-0|Rapid|LumbrasGigaBase_OTB_2026.pgn"
2026-01-24,II Rotary Club Rapid 2026,Rapid,"Pribelszky, Bence","Markot, David Bence",1-0,2409,1738,40,40,2557.61223514086,2500,2574.3258745997477,2483.286360541112,"2026-01-24|II Rotary Club Rapid 2026|Pribelszky, Bence|Markot, David Bence|1-0|Rapid|LumbrasGigaBase_OTB_2026.pgn"
2026-01-24,II Rotary Club Rapid 2026,Rapid,"Pribelszky, Bence","Popovics, Adam",1-0,2409,2336,40,40,2574.3258745997477,2578.3777346175266,2594.5591078379794,2558.144501379295,"2026-01-24|II Rotary Club Rapid 2026|Pribelszky, Bence|Popovics, Adam|1-0|Rapid|LumbrasGigaBase_OTB_2026.pgn"
2026-01-24,II Rotary Club Rapid 2026,Rapid,"Pribelszky, Bence","Vanczak, Tamas",1/2-1/2,2409,2393,40,40,2594.5591078379794,2539.930233252016,2591.4400783771716,2543.0492627128237,"2026-01-24|II Rotary Club Rapid 2026|Pribelszky, Bence|Vanczak, Tamas|1/2-1/2|Rapid|LumbrasGigaBase_OTB_2026.pgn"
2026-01-24,II Rotary Club Rapid 2026,Rapid,"Szegedy, Matyas","Pasztor, Balazs",0-1,2168,2430,40,40,2485.0264023350373,2553.548314368575,2468.92048242872,2569.6542342748926,"2026-01-24|II Rotary Club Rapid 2026|Szegedy, Matyas|Pasztor, Balazs|0-1|Rapid|LumbrasGigaBase_OTB_2026.pgn"
2026-01-24,II Rotary Club Rapid 2026,Rapid,"Tumo, Bence","Pribelszky, Bence",0-1,1900,2409,40,40,2500,2591.4400783771716,2485.1454561014534,2606.294622275718,"2026-01-24|II Rotary Club Rapid 2026|Tumo, Bence|Pribelszky, Bence|0-1|Rapid|LumbrasGigaBase_OTB_2026.pgn"
2026-01-24,II Rotary Club Rapid 2026,Rapid,"Vanczak, Tamas",Guivan Virtus,1/2-1/2,2393,2013,40,40,2543.0492627128237,2466.5205698523437,2538.713806699811,2470.8560258653565,"2026-01-24|II Rotary Club Rapid 2026|Vanczak, Tamas|Guivan Virtus|1/2-1/2|Rapid|LumbrasGigaBase_OTB_2026.pgn"
2026-01-24,II Rotary Club Rapid 2026,Rapid,"Vanczak, Tamas","Mizik, Zsolt",1-0,2393,1961,40,40,2538.713806699811,2482.1690107178806,2555.4872638188817,2465.39555359881,"2026-01-24|II Rotary Club Rapid 2026|Vanczak, Tamas|Mizik, Zsolt|1-0|Rapid|LumbrasGigaBase_OTB_2026.pgn"
2026-01-24,II Rotary Club Rapid 2026,Rapid,"Vanczak, Tamas","Pasztor, Balazs",1/2-1/2,2393,2430,40,40,2555.4872638188817,2569.6542342748926,2556.302328516402,2568.839169577372,"2026-01-24|II Rotary Club Rapid 2026|Vanczak, Tamas|Pasztor, Balazs|1/2-1/2|Rapid|LumbrasGigaBase_OTB_2026.pgn"
2026-01-24,II Rotary Club Rapid 2026,Rapid,"Vanczak, Tamas","Popovics, Adam",1-0,2393,2336,40,40,2556.302328516402,2558.144501379295,2576.408371516984,2538.038458378713,"2026-01-24|II Rotary Club Rapid 2026|Vanczak, Tamas|Popovics, Adam|1-0|Rapid|LumbrasGigaBase_OTB_2026.pgn"
2026-01-24,II Rotary Club Rapid 2026,Rapid,"Varga, Cs2","Pasztor, Balazs",1/2-1/2,2279,2430,40,40,2525.824768075838,2568.839169577372,2528.28830207776,2566.3756355754504,"2026-01-24|II Rotary Club Rapid 2026|Varga, Cs2|Pasztor, Balazs|1/2-1/2|Rapid|LumbrasGigaBase_OTB_2026.pgn"
2026-01-24,II Rotary Club Rapid 2026,Rapid,"Varga, Cs2","Pribelszky, Bence",1/2-1/2,2279,2409,40,40,2528.28830207776,2606.294622275718,2532.7047450420414,2601.8781793114367,"2026-01-24|II Rotary Club Rapid 2026|Varga, Cs2|Pribelszky, Bence|1/2-1/2|Rapid|LumbrasGigaBase_OTB_2026.pgn"
2026-01-24,II Rotary Club Rapid 2026,Rapid,"Varga, Cs2","Vanczak, Tamas",0-1,2279,2393,40,40,2532.7047450420414,2576.408371516984,2515.2073424576565,2593.905774101369,"2026-01-24|II Rotary Club Rapid 2026|Varga, Cs2|Vanczak, Tamas|0-1|Rapid|LumbrasGigaBase_OTB_2026.pgn"
