"Country","Season","SeasonStartYear","Matches","Teams","FirstDate","LastDate","UniqueDates","MaxMatchesOnOneDate","MaxShareOneDatePct","TeamDoubleBookedDates","MissingDateRows","SuspiciousDates","Status"
"England","1888-89",1888,132,12,1888-09-08,1889-04-20,36,6,4.5,0,0,FALSE,"DATE_STRUCTURE_LOOKS_PLAUSIBLE"
"England","1889-90",1889,132,12,1889-09-07,1890-03-31,43,6,4.5,0,0,FALSE,"DATE_STRUCTURE_LOOKS_PLAUSIBLE"
"England","1890-91",1890,132,12,1890-09-06,1891-04-18,39,6,4.5,0,0,FALSE,"DATE_STRUCTURE_LOOKS_PLAUSIBLE"
"England","1891-92",1891,182,14,1891-09-05,1892-04-30,49,7,3.8,0,0,FALSE,"DATE_STRUCTURE_LOOKS_PLAUSIBLE"
"England","1892-93",1892,240,16,1892-09-03,1893-04-17,58,8,3.3,0,0,FALSE,"DATE_STRUCTURE_LOOKS_PLAUSIBLE"
"England","1893-94",1893,240,16,1893-09-02,1894-04-23,62,8,3.3,0,0,FALSE,"DATE_STRUCTURE_LOOKS_PLAUSIBLE"
"England","1894-95",1894,240,16,1894-09-01,1895-04-24,61,8,3.3,0,0,FALSE,"DATE_STRUCTURE_LOOKS_PLAUSIBLE"
"England","1895-96",1895,240,16,1895-09-02,1896-04-29,57,8,3.3,0,0,FALSE,"DATE_STRUCTURE_LOOKS_PLAUSIBLE"
"England","1896-97",1896,240,16,1896-09-01,1897-04-26,58,8,3.3,0,0,FALSE,"DATE_STRUCTURE_LOOKS_PLAUSIBLE"
"England","1897-98",1897,240,16,1897-09-01,1898-04-30,56,8,3.3,0,0,FALSE,"DATE_STRUCTURE_LOOKS_PLAUSIBLE"
"England","1898-99",1898,306,18,1898-09-01,1899-04-29,59,9,2.9,0,0,FALSE,"DATE_STRUCTURE_LOOKS_PLAUSIBLE"
"England","1899-00",1899,306,18,1899-09-02,1900-04-30,59,9,2.9,0,0,FALSE,"DATE_STRUCTURE_LOOKS_PLAUSIBLE"
"England","1900-01",1900,306,18,1900-09-01,1901-04-30,56,9,2.9,0,0,FALSE,"DATE_STRUCTURE_LOOKS_PLAUSIBLE"
"England","1901-02",1901,306,18,1901-09-02,1902-04-28,56,9,2.9,0,0,FALSE,"DATE_STRUCTURE_LOOKS_PLAUSIBLE"
"England","1902-03",1902,306,18,1902-09-01,1903-04-27,53,9,2.9,0,0,FALSE,"DATE_STRUCTURE_LOOKS_PLAUSIBLE"
"England","1903-04",1903,306,18,1903-09-01,1904-04-30,53,9,2.9,0,0,FALSE,"DATE_STRUCTURE_LOOKS_PLAUSIBLE"
"England","1904-05",1904,306,18,1904-09-01,1905-04-29,51,9,2.9,0,0,FALSE,"DATE_STRUCTURE_LOOKS_PLAUSIBLE"
"England","1905-06",1905,380,20,1905-09-02,1906-04-30,65,10,2.6,0,0,FALSE,"DATE_STRUCTURE_LOOKS_PLAUSIBLE"
"England","1906-07",1906,380,20,1906-09-01,1907-04-27,62,10,2.6,0,0,FALSE,"DATE_STRUCTURE_LOOKS_PLAUSIBLE"
"England","1907-08",1907,380,20,1907-09-02,1908-04-29,63,10,2.6,0,0,FALSE,"DATE_STRUCTURE_LOOKS_PLAUSIBLE"
"England","1908-09",1908,380,20,1908-09-01,1909-04-30,68,10,2.6,0,0,FALSE,"DATE_STRUCTURE_LOOKS_PLAUSIBLE"
"England","1909-10",1909,380,20,1909-09-01,1910-04-30,63,10,2.6,0,0,FALSE,"DATE_STRUCTURE_LOOKS_PLAUSIBLE"
"England","1910-11",1910,380,20,1910-09-01,1911-04-29,59,10,2.6,0,0,FALSE,"DATE_STRUCTURE_LOOKS_PLAUSIBLE"
"England","1911-12",1911,380,20,1911-09-02,1912-04-29,59,10,2.6,0,0,FALSE,"DATE_STRUCTURE_LOOKS_PLAUSIBLE"
"England","1912-13",1912,380,20,1912-09-02,1913-04-30,63,10,2.6,0,0,FALSE,"DATE_STRUCTURE_LOOKS_PLAUSIBLE"
"England","1913-14",1913,380,20,1913-09-01,1914-04-27,58,10,2.6,0,0,FALSE,"DATE_STRUCTURE_LOOKS_PLAUSIBLE"
"England","1914-15",1914,380,20,1914-09-01,1915-04-28,68,10,2.6,0,0,FALSE,"DATE_STRUCTURE_LOOKS_PLAUSIBLE"
"England","1919-20",1919,462,22,1919-08-30,1920-05-01,72,11,2.4,0,0,FALSE,"DATE_STRUCTURE_LOOKS_PLAUSIBLE"
"England","1920-21",1920,462,22,1920-08-28,1921-05-07,65,11,2.4,0,0,FALSE,"DATE_STRUCTURE_LOOKS_PLAUSIBLE"
"England","1921-22",1921,462,22,1921-08-27,1922-05-06,69,11,2.4,0,0,FALSE,"DATE_STRUCTURE_LOOKS_PLAUSIBLE"
"England","1922-23",1922,462,22,1922-08-26,1923-05-05,66,11,2.4,0,0,FALSE,"DATE_STRUCTURE_LOOKS_PLAUSIBLE"
"England","1923-24",1923,462,22,1923-08-25,1924-05-03,71,11,2.4,0,0,FALSE,"DATE_STRUCTURE_LOOKS_PLAUSIBLE"
"England","1924-25",1924,462,22,1924-08-30,1925-05-02,79,11,2.4,0,0,FALSE,"DATE_STRUCTURE_LOOKS_PLAUSIBLE"
"England","1925-26",1925,462,22,1925-08-29,1926-05-01,84,11,2.4,0,0,FALSE,"DATE_STRUCTURE_LOOKS_PLAUSIBLE"
"England","1926-27",1926,462,22,1926-08-28,1927-05-07,77,11,2.4,0,0,FALSE,"DATE_STRUCTURE_LOOKS_PLAUSIBLE"
"England","1927-28",1927,462,22,1927-08-27,1928-05-05,71,11,2.4,0,0,FALSE,"DATE_STRUCTURE_LOOKS_PLAUSIBLE"
"England","1928-29",1928,462,22,1928-08-25,1929-05-04,68,11,2.4,0,0,FALSE,"DATE_STRUCTURE_LOOKS_PLAUSIBLE"
"England","1929-30",1929,462,22,1929-08-31,1930-05-03,74,11,2.4,0,0,FALSE,"DATE_STRUCTURE_LOOKS_PLAUSIBLE"
"England","1930-31",1930,462,22,1930-08-30,1931-05-02,67,11,2.4,0,0,FALSE,"DATE_STRUCTURE_LOOKS_PLAUSIBLE"
"England","1931-32",1931,462,22,1931-08-29,1932-05-07,69,11,2.4,0,0,FALSE,"DATE_STRUCTURE_LOOKS_PLAUSIBLE"
"England","1932-33",1932,462,22,1932-08-27,1933-05-06,65,11,2.4,0,0,FALSE,"DATE_STRUCTURE_LOOKS_PLAUSIBLE"
"England","1933-34",1933,462,22,1933-08-26,1934-05-05,68,11,2.4,0,0,FALSE,"DATE_STRUCTURE_LOOKS_PLAUSIBLE"
"England","1934-35",1934,462,22,1934-08-25,1935-05-04,64,11,2.4,0,0,FALSE,"DATE_STRUCTURE_LOOKS_PLAUSIBLE"
"England","1935-36",1935,462,22,1935-08-31,1936-05-02,66,11,2.4,0,0,FALSE,"DATE_STRUCTURE_LOOKS_PLAUSIBLE"
"England","1936-37",1936,462,22,1936-08-29,1937-05-01,68,11,2.4,0,0,FALSE,"DATE_STRUCTURE_LOOKS_PLAUSIBLE"
"England","1937-38",1937,462,22,1937-08-28,1938-05-07,62,11,2.4,0,0,FALSE,"DATE_STRUCTURE_LOOKS_PLAUSIBLE"
"England","1938-39",1938,462,22,1938-08-27,1939-05-06,66,11,2.4,0,0,FALSE,"DATE_STRUCTURE_LOOKS_PLAUSIBLE"
"England","1946-47",1946,462,22,1946-08-31,1947-06-14,64,11,2.4,0,0,FALSE,"DATE_STRUCTURE_LOOKS_PLAUSIBLE"
"England","1947-48",1947,462,22,1947-08-23,1948-05-01,61,11,2.4,0,0,FALSE,"DATE_STRUCTURE_LOOKS_PLAUSIBLE"
"England","1948-49",1948,462,22,1948-08-21,1949-05-07,57,11,2.4,0,0,FALSE,"DATE_STRUCTURE_LOOKS_PLAUSIBLE"
"England","1949-50",1949,462,22,1949-08-20,1950-05-06,54,11,2.4,0,0,FALSE,"DATE_STRUCTURE_LOOKS_PLAUSIBLE"
"England","1950-51",1950,462,22,1950-08-19,1951-05-05,59,11,2.4,0,0,FALSE,"DATE_STRUCTURE_LOOKS_PLAUSIBLE"
"England","1951-52",1951,462,22,1951-08-18,1952-05-03,64,11,2.4,0,0,FALSE,"DATE_STRUCTURE_LOOKS_PLAUSIBLE"
"England","1952-53",1952,462,22,1952-08-23,1953-05-02,70,11,2.4,0,0,FALSE,"DATE_STRUCTURE_LOOKS_PLAUSIBLE"
"England","1953-54",1953,462,22,1953-08-19,1954-04-26,66,11,2.4,0,0,FALSE,"DATE_STRUCTURE_LOOKS_PLAUSIBLE"
"England","1954-55",1954,462,22,1954-08-21,1955-05-05,69,11,2.4,0,0,FALSE,"DATE_STRUCTURE_LOOKS_PLAUSIBLE"
"England","1955-56",1955,462,22,1955-08-20,1956-05-02,63,11,2.4,0,0,FALSE,"DATE_STRUCTURE_LOOKS_PLAUSIBLE"
"England","1956-57",1956,462,22,1956-08-18,1957-05-01,72,11,2.4,0,0,FALSE,"DATE_STRUCTURE_LOOKS_PLAUSIBLE"
"England","1957-58",1957,462,22,1957-08-24,1958-04-30,68,11,2.4,0,0,FALSE,"DATE_STRUCTURE_LOOKS_PLAUSIBLE"
"England","1958-59",1958,462,22,1958-08-23,1959-05-04,72,11,2.4,0,0,FALSE,"DATE_STRUCTURE_LOOKS_PLAUSIBLE"
"England","1959-60",1959,462,22,1959-08-22,1960-05-02,63,11,2.4,0,0,FALSE,"DATE_STRUCTURE_LOOKS_PLAUSIBLE"
"England","1960-61",1960,462,22,1960-08-20,1961-04-29,78,11,2.4,0,0,FALSE,"DATE_STRUCTURE_LOOKS_PLAUSIBLE"
"England","1961-62",1961,462,22,1961-08-19,1962-05-01,82,11,2.4,0,0,FALSE,"DATE_STRUCTURE_LOOKS_PLAUSIBLE"
"England","1962-63",1962,462,22,1962-08-18,1963-05-21,96,11,2.4,0,0,FALSE,"DATE_STRUCTURE_LOOKS_PLAUSIBLE"
"England","1963-64",1963,462,22,1963-08-24,1964-04-29,85,11,2.4,0,0,FALSE,"DATE_STRUCTURE_LOOKS_PLAUSIBLE"
"England","1964-65",1964,462,22,1964-08-22,1965-04-28,81,11,2.4,0,0,FALSE,"DATE_STRUCTURE_LOOKS_PLAUSIBLE"
"England","1965-66",1965,462,22,1965-08-21,1966-05-19,90,11,2.4,0,0,FALSE,"DATE_STRUCTURE_LOOKS_PLAUSIBLE"
"England","1966-67",1966,462,22,1966-08-20,1967-05-16,77,11,2.4,0,0,FALSE,"DATE_STRUCTURE_LOOKS_PLAUSIBLE"
"England","1967-68",1967,462,22,1967-08-19,1968-05-21,83,11,2.4,0,0,FALSE,"DATE_STRUCTURE_LOOKS_PLAUSIBLE"
"England","1968-69",1968,462,22,1968-08-10,1969-05-17,87,11,2.4,0,0,FALSE,"DATE_STRUCTURE_LOOKS_PLAUSIBLE"
"England","1969-70",1969,462,22,1969-08-09,1970-05-02,92,11,2.4,0,0,FALSE,"DATE_STRUCTURE_LOOKS_PLAUSIBLE"
"England","1970-71",1970,462,22,1970-08-15,1971-05-05,75,11,2.4,0,0,FALSE,"DATE_STRUCTURE_LOOKS_PLAUSIBLE"
"England","1971-72",1971,462,22,1971-08-14,1972-05-11,79,11,2.4,0,0,FALSE,"DATE_STRUCTURE_LOOKS_PLAUSIBLE"
"England","1972-73",1972,462,22,1972-08-12,1973-05-09,74,11,2.4,0,0,FALSE,"DATE_STRUCTURE_LOOKS_PLAUSIBLE"
"England","1973-74",1973,462,22,1973-08-25,1974-05-11,74,11,2.4,0,0,FALSE,"DATE_STRUCTURE_LOOKS_PLAUSIBLE"
"England","1974-75",1974,462,22,1974-08-17,1975-04-29,67,11,2.4,0,0,FALSE,"DATE_STRUCTURE_LOOKS_PLAUSIBLE"
"England","1975-76",1975,462,22,1975-08-16,1976-05-04,69,11,2.4,0,0,FALSE,"DATE_STRUCTURE_LOOKS_PLAUSIBLE"
"England","1976-77",1976,462,22,1976-08-21,1977-05-24,93,11,2.4,0,0,FALSE,"DATE_STRUCTURE_LOOKS_PLAUSIBLE"
"England","1977-78",1977,462,22,1977-08-20,1978-05-09,71,11,2.4,0,0,FALSE,"DATE_STRUCTURE_LOOKS_PLAUSIBLE"
"England","1978-79",1978,462,22,1978-08-19,1979-05-18,84,11,2.4,0,0,FALSE,"DATE_STRUCTURE_LOOKS_PLAUSIBLE"
"England","1979-80",1979,462,22,1979-08-18,1980-05-19,74,11,2.4,0,0,FALSE,"DATE_STRUCTURE_LOOKS_PLAUSIBLE"
"England","1980-81",1980,462,22,1980-08-16,1981-05-19,70,11,2.4,0,0,FALSE,"DATE_STRUCTURE_LOOKS_PLAUSIBLE"
"England","1981-82",1981,462,22,1981-08-29,1982-05-21,89,11,2.4,0,0,FALSE,"DATE_STRUCTURE_LOOKS_PLAUSIBLE"
"England","1982-83",1982,462,22,1982-08-28,1983-05-14,65,11,2.4,0,0,FALSE,"DATE_STRUCTURE_LOOKS_PLAUSIBLE"
"England","1983-84",1983,462,22,1983-08-27,1984-05-17,81,11,2.4,0,0,FALSE,"DATE_STRUCTURE_LOOKS_PLAUSIBLE"
"England","1984-85",1984,462,22,1984-08-25,1985-05-28,86,11,2.4,0,0,FALSE,"DATE_STRUCTURE_LOOKS_PLAUSIBLE"
"England","1985-86",1985,462,22,1985-08-17,1986-05-05,82,11,2.4,0,0,FALSE,"DATE_STRUCTURE_LOOKS_PLAUSIBLE"
"England","1986-87",1986,462,22,1986-08-23,1987-05-11,88,11,2.4,0,0,FALSE,"DATE_STRUCTURE_LOOKS_PLAUSIBLE"
"England","1987-88",1987,420,21,1987-08-15,1988-05-15,85,10,2.4,0,0,FALSE,"DATE_STRUCTURE_LOOKS_PLAUSIBLE"
"England","1988-89",1988,380,20,1988-08-27,1989-05-26,85,10,2.6,0,0,FALSE,"DATE_STRUCTURE_LOOKS_PLAUSIBLE"
"England","1989-90",1989,380,21,1989-08-19,1990-05-05,74,10,2.6,0,0,FALSE,"DATE_STRUCTURE_LOOKS_PLAUSIBLE"
"England","1990-91",1990,380,20,1990-08-25,1991-05-20,74,10,2.6,0,0,FALSE,"DATE_STRUCTURE_LOOKS_PLAUSIBLE"
"England","1991-92",1991,462,22,1991-08-17,1992-05-02,86,11,2.4,0,0,FALSE,"DATE_STRUCTURE_LOOKS_PLAUSIBLE"
"Spain","1929",1928,90,10,1929-02-10,1929-06-30,22,5,5.6,0,0,FALSE,"DATE_STRUCTURE_LOOKS_PLAUSIBLE"
"Spain","1929-30",1929,90,10,1929-12-01,1930-03-30,22,5,5.6,0,0,FALSE,"DATE_STRUCTURE_LOOKS_PLAUSIBLE"
"Spain","1930-31",1930,90,10,1930-12-07,1931-04-05,22,5,5.6,0,0,FALSE,"DATE_STRUCTURE_LOOKS_PLAUSIBLE"
"Spain","1931-32",1931,90,10,1931-11-22,1932-04-03,20,5,5.6,0,0,FALSE,"DATE_STRUCTURE_LOOKS_PLAUSIBLE"
"Spain","1932-33",1932,90,10,1932-11-27,1933-03-28,22,5,5.6,0,0,FALSE,"DATE_STRUCTURE_LOOKS_PLAUSIBLE"
"Spain","1933-34",1933,90,10,1933-11-05,1934-03-04,20,5,5.6,0,0,FALSE,"DATE_STRUCTURE_LOOKS_PLAUSIBLE"
"Spain","1934-35",1934,132,12,1934-12-02,1935-04-28,23,6,4.5,0,0,FALSE,"DATE_STRUCTURE_LOOKS_PLAUSIBLE"
"Spain","1935-36",1935,132,12,1935-11-10,1936-04-19,26,6,4.5,0,0,FALSE,"DATE_STRUCTURE_LOOKS_PLAUSIBLE"
"Spain","1939-40",1939,132,12,1939-12-03,1940-04-28,24,6,4.5,0,0,FALSE,"DATE_STRUCTURE_LOOKS_PLAUSIBLE"
"Spain","1940-41",1940,132,12,1940-09-29,1941-03-30,26,6,4.5,0,0,FALSE,"DATE_STRUCTURE_LOOKS_PLAUSIBLE"
"Spain","1941-42",1941,182,14,1941-09-28,1942-04-05,28,7,3.8,0,0,FALSE,"DATE_STRUCTURE_LOOKS_PLAUSIBLE"
"Spain","1942-43",1942,182,14,1942-09-27,1943-04-04,28,7,3.8,0,0,FALSE,"DATE_STRUCTURE_LOOKS_PLAUSIBLE"
"Spain","1943-44",1943,182,14,1943-09-26,1944-04-09,28,7,3.8,0,0,FALSE,"DATE_STRUCTURE_LOOKS_PLAUSIBLE"
"Spain","1944-45",1944,182,14,1944-09-24,1945-05-20,27,7,3.8,0,0,FALSE,"DATE_STRUCTURE_LOOKS_PLAUSIBLE"
"Spain","1945-46",1945,182,14,1945-09-23,1946-03-31,26,7,3.8,0,0,FALSE,"DATE_STRUCTURE_LOOKS_PLAUSIBLE"
"Spain","1946-47",1946,182,14,1946-09-22,1947-04-23,30,7,3.8,0,0,FALSE,"DATE_STRUCTURE_LOOKS_PLAUSIBLE"
"Spain","1947-48",1947,182,14,1947-09-21,1948-04-11,29,7,3.8,0,0,FALSE,"DATE_STRUCTURE_LOOKS_PLAUSIBLE"
"Spain","1948-49",1948,182,14,1948-09-12,1949-04-17,26,7,3.8,0,0,FALSE,"DATE_STRUCTURE_LOOKS_PLAUSIBLE"
"Spain","1949-50",1949,182,14,1949-09-04,1950-04-23,27,7,3.8,0,0,FALSE,"DATE_STRUCTURE_LOOKS_PLAUSIBLE"
"Spain","1950-51",1950,240,16,1950-09-10,1951-04-22,32,8,3.3,0,0,FALSE,"DATE_STRUCTURE_LOOKS_PLAUSIBLE"
"Spain","1951-52",1951,240,16,1951-09-09,1952-04-13,30,8,3.3,0,0,FALSE,"DATE_STRUCTURE_LOOKS_PLAUSIBLE"
"Spain","1952-53",1952,240,16,1952-09-14,1953-05-03,30,8,3.3,0,0,FALSE,"DATE_STRUCTURE_LOOKS_PLAUSIBLE"
"Spain","1953-54",1953,240,16,1953-09-13,1954-04-25,31,8,3.3,0,0,FALSE,"DATE_STRUCTURE_LOOKS_PLAUSIBLE"
"Spain","1954-55",1954,240,16,1954-09-12,1955-04-10,30,8,3.3,0,0,FALSE,"DATE_STRUCTURE_LOOKS_PLAUSIBLE"
"Spain","1955-56",1955,240,16,1955-09-11,1956-04-22,35,8,3.3,0,0,FALSE,"DATE_STRUCTURE_LOOKS_PLAUSIBLE"
"Spain","1956-57",1956,240,16,1956-09-09,1957-04-21,45,8,3.3,0,0,FALSE,"DATE_STRUCTURE_LOOKS_PLAUSIBLE"
"Spain","1957-58",1957,240,16,1957-09-15,1958-05-04,38,8,3.3,0,0,FALSE,"DATE_STRUCTURE_LOOKS_PLAUSIBLE"
"Spain","1958-59",1958,240,16,1958-09-14,1959-04-19,32,8,3.3,0,0,FALSE,"DATE_STRUCTURE_LOOKS_PLAUSIBLE"
"Spain","1959-60",1959,240,16,1959-09-13,1960-04-17,30,8,3.3,0,0,FALSE,"DATE_STRUCTURE_LOOKS_PLAUSIBLE"
"Spain","1960-61",1960,240,16,1960-09-11,1961-04-30,38,8,3.3,0,0,FALSE,"DATE_STRUCTURE_LOOKS_PLAUSIBLE"
"Spain","1961-62",1961,240,16,1961-09-02,1962-04-01,41,8,3.3,0,0,FALSE,"DATE_STRUCTURE_LOOKS_PLAUSIBLE"
"Spain","1962-63",1962,240,16,1962-09-16,1963-04-21,36,8,3.3,0,0,FALSE,"DATE_STRUCTURE_LOOKS_PLAUSIBLE"
"Spain","1963-64",1963,240,16,1963-09-15,1964-04-26,43,8,3.3,0,0,FALSE,"DATE_STRUCTURE_LOOKS_PLAUSIBLE"
"Spain","1964-65",1964,240,16,1964-09-13,1965-04-18,35,8,3.3,0,0,FALSE,"DATE_STRUCTURE_LOOKS_PLAUSIBLE"
"Spain","1965-66",1965,240,16,1965-09-04,1966-04-03,40,8,3.3,0,0,FALSE,"DATE_STRUCTURE_LOOKS_PLAUSIBLE"
"Spain","1966-67",1966,240,16,1966-09-10,1967-04-23,42,8,3.3,0,0,FALSE,"DATE_STRUCTURE_LOOKS_PLAUSIBLE"
"Spain","1967-68",1967,240,16,1967-09-09,1968-04-28,40,8,3.3,0,0,FALSE,"DATE_STRUCTURE_LOOKS_PLAUSIBLE"
"Spain","1968-69",1968,240,16,1968-09-14,1969-04-20,43,8,3.3,0,0,FALSE,"DATE_STRUCTURE_LOOKS_PLAUSIBLE"
"Spain","1969-70",1969,240,16,1969-09-13,1970-04-19,39,8,3.3,0,0,FALSE,"DATE_STRUCTURE_LOOKS_PLAUSIBLE"
"Spain","1970-71",1970,240,16,1970-09-12,1971-04-18,39,8,3.3,0,0,FALSE,"DATE_STRUCTURE_LOOKS_PLAUSIBLE"
"Spain","1971-72",1971,306,18,1971-09-04,1972-05-14,52,9,2.9,0,0,FALSE,"DATE_STRUCTURE_LOOKS_PLAUSIBLE"
"Spain","1972-73",1972,306,18,1972-09-02,1973-05-20,57,9,2.9,0,0,FALSE,"DATE_STRUCTURE_LOOKS_PLAUSIBLE"
"Spain","1973-74",1973,306,18,1973-09-01,1974-05-20,62,9,2.9,0,0,FALSE,"DATE_STRUCTURE_LOOKS_PLAUSIBLE"
"Spain","1974-75",1974,306,18,1974-09-07,1975-05-25,55,9,2.9,0,0,FALSE,"DATE_STRUCTURE_LOOKS_PLAUSIBLE"
"Spain","1975-76",1975,306,18,1975-09-06,1976-05-16,51,9,2.9,0,0,FALSE,"DATE_STRUCTURE_LOOKS_PLAUSIBLE"
"Spain","1976-77",1976,306,18,1976-09-04,1977-06-08,57,9,2.9,0,0,FALSE,"DATE_STRUCTURE_LOOKS_PLAUSIBLE"
"Spain","1977-78",1977,306,18,1977-09-03,1978-05-07,52,9,2.9,0,0,FALSE,"DATE_STRUCTURE_LOOKS_PLAUSIBLE"
"Spain","1978-79",1978,306,18,1978-09-02,1979-06-03,61,9,2.9,0,0,FALSE,"DATE_STRUCTURE_LOOKS_PLAUSIBLE"
"Spain","1979-80",1979,305,18,1979-09-08,1980-05-18,52,9,3,0,0,FALSE,"DATE_STRUCTURE_LOOKS_PLAUSIBLE"
"Spain","1980-81",1980,306,18,1980-09-06,1981-04-26,56,9,2.9,0,0,FALSE,"DATE_STRUCTURE_LOOKS_PLAUSIBLE"
"Spain","1981-82",1981,306,18,1981-09-19,1982-04-25,59,9,2.9,0,0,FALSE,"DATE_STRUCTURE_LOOKS_PLAUSIBLE"
"Spain","1982-83",1982,306,18,1982-09-04,1983-05-01,63,9,2.9,0,0,FALSE,"DATE_STRUCTURE_LOOKS_PLAUSIBLE"
"Spain","1983-84",1983,306,18,1983-09-03,1984-04-29,62,9,2.9,0,0,FALSE,"DATE_STRUCTURE_LOOKS_PLAUSIBLE"
"Spain","1984-85",1984,306,18,1984-09-01,1985-04-21,44,9,2.9,0,0,FALSE,"DATE_STRUCTURE_LOOKS_PLAUSIBLE"
"Spain","1985-86",1985,306,18,1985-08-31,1986-04-20,62,9,2.9,0,0,FALSE,"DATE_STRUCTURE_LOOKS_PLAUSIBLE"
"Spain","1986-87",1986,396,18,1986-08-30,1987-06-21,82,9,2.3,0,0,FALSE,"DATE_STRUCTURE_LOOKS_PLAUSIBLE"
"Spain","1987-88",1987,380,20,1987-08-29,1988-05-22,74,10,2.6,0,0,FALSE,"DATE_STRUCTURE_LOOKS_PLAUSIBLE"
"Spain","1988-89",1988,380,20,1988-09-03,1989-06-25,77,10,2.6,0,0,FALSE,"DATE_STRUCTURE_LOOKS_PLAUSIBLE"
"Spain","1989-90",1989,380,20,1989-09-02,1990-05-06,74,10,2.6,0,0,FALSE,"DATE_STRUCTURE_LOOKS_PLAUSIBLE"
"Spain","1990-91",1990,380,20,1990-09-01,1991-06-09,77,10,2.6,0,0,FALSE,"DATE_STRUCTURE_LOOKS_PLAUSIBLE"
"Spain","1991-92",1991,380,20,1991-08-31,1992-06-07,77,9,2.4,0,0,FALSE,"DATE_STRUCTURE_LOOKS_PLAUSIBLE"
"Spain","1992-93",1992,380,20,1992-09-05,1993-06-20,80,9,2.4,0,0,FALSE,"DATE_STRUCTURE_LOOKS_PLAUSIBLE"
"Spain","1993-94",1993,380,20,1993-09-05,1994-05-15,38,10,2.6,0,0,FALSE,"DATE_STRUCTURE_LOOKS_PLAUSIBLE"
"Spain","1994-95",1994,380,20,1994-09-03,1995-06-18,74,10,2.6,0,0,FALSE,"DATE_STRUCTURE_LOOKS_PLAUSIBLE"
"Spain","1995-96",1995,462,22,1995-09-02,1996-05-26,84,11,2.4,0,0,FALSE,"DATE_STRUCTURE_LOOKS_PLAUSIBLE"
"Spain","1996-97",1996,462,22,1996-08-31,1997-06-23,126,10,2.2,0,0,FALSE,"DATE_STRUCTURE_LOOKS_PLAUSIBLE"
"Spain","1997-98",1997,380,20,1997-08-30,1998-05-16,101,9,2.4,0,0,FALSE,"DATE_STRUCTURE_LOOKS_PLAUSIBLE"
"Spain","1998-99",1998,380,20,1998-08-29,1999-06-20,80,9,2.4,0,0,FALSE,"DATE_STRUCTURE_LOOKS_PLAUSIBLE"
"Spain","1999-00",1999,380,20,1999-08-21,2000-05-20,82,9,2.4,0,0,FALSE,"DATE_STRUCTURE_LOOKS_PLAUSIBLE"
"Spain","2000-01",2000,380,20,2000-09-09,2001-06-17,79,10,2.6,0,0,FALSE,"DATE_STRUCTURE_LOOKS_PLAUSIBLE"
"Spain","2001-02",2001,380,20,2001-08-25,2002-05-11,76,10,2.6,0,0,FALSE,"DATE_STRUCTURE_LOOKS_PLAUSIBLE"
"Spain","2002-03",2002,380,20,2002-08-31,2003-06-22,79,9,2.4,0,0,FALSE,"DATE_STRUCTURE_LOOKS_PLAUSIBLE"
"Spain","2003-04",2003,380,20,2003-08-30,2004-05-23,79,10,2.6,0,0,FALSE,"DATE_STRUCTURE_LOOKS_PLAUSIBLE"
"Spain","2004-05",2004,380,20,2004-08-28,2005-05-29,81,9,2.4,0,0,FALSE,"DATE_STRUCTURE_LOOKS_PLAUSIBLE"
"Spain","2005-06",2005,380,20,2005-08-27,2006-05-20,80,9,2.4,0,0,FALSE,"DATE_STRUCTURE_LOOKS_PLAUSIBLE"
"Spain","2006-07",2006,380,20,2006-08-26,2007-06-17,79,10,2.6,0,0,FALSE,"DATE_STRUCTURE_LOOKS_PLAUSIBLE"
"Spain","2007-08",2007,380,20,2007-08-25,2008-05-18,77,10,2.6,0,0,FALSE,"DATE_STRUCTURE_LOOKS_PLAUSIBLE"
"Spain","2008-09",2008,380,20,2008-08-30,2009-05-31,77,9,2.4,0,0,FALSE,"DATE_STRUCTURE_LOOKS_PLAUSIBLE"
"Spain","2009-10",2009,380,20,2009-08-29,2010-05-16,87,10,2.6,0,0,FALSE,"DATE_STRUCTURE_LOOKS_PLAUSIBLE"
"Spain","2010-11",2010,380,20,2010-08-28,2011-05-21,103,10,2.6,0,0,FALSE,"DATE_STRUCTURE_LOOKS_PLAUSIBLE"
"Spain","2011-12",2011,380,20,2011-08-27,2012-05-13,102,10,2.6,0,0,FALSE,"DATE_STRUCTURE_LOOKS_PLAUSIBLE"
"Italy","1929-30",1929,297,18,1929-10-06,1930-06-29,33,9,3,0,0,FALSE,"DATE_STRUCTURE_LOOKS_PLAUSIBLE"
"Italy","1930-31",1930,315,20,1930-07-06,1931-06-28,35,9,2.9,0,0,FALSE,"DATE_STRUCTURE_LOOKS_PLAUSIBLE"
"Italy","1931-32",1931,306,18,1931-09-20,1932-06-12,34,9,2.9,0,0,FALSE,"DATE_STRUCTURE_LOOKS_PLAUSIBLE"
"Italy","1932-33",1932,306,18,1932-09-18,1933-06-25,34,9,2.9,0,0,FALSE,"DATE_STRUCTURE_LOOKS_PLAUSIBLE"
"Italy","1933-34",1933,306,18,1933-09-10,1934-05-15,34,9,2.9,0,0,FALSE,"DATE_STRUCTURE_LOOKS_PLAUSIBLE"
"Italy","1934-35",1934,240,16,1934-09-30,1935-06-02,29,16,6.7,16,0,TRUE,"CHECK"
"Italy","1935-36",1935,240,16,1935-09-22,1936-05-10,30,8,3.3,0,0,FALSE,"DATE_STRUCTURE_LOOKS_PLAUSIBLE"
"Italy","1936-37",1936,240,16,1936-09-13,1937-05-16,30,8,3.3,0,0,FALSE,"DATE_STRUCTURE_LOOKS_PLAUSIBLE"
"Italy","1937-38",1937,240,16,1937-09-12,1938-04-24,30,8,3.3,0,0,FALSE,"DATE_STRUCTURE_LOOKS_PLAUSIBLE"
"Italy","1938-39",1938,240,16,1938-09-18,1939-05-28,30,8,3.3,0,0,FALSE,"DATE_STRUCTURE_LOOKS_PLAUSIBLE"
"Italy","1939-40",1939,240,16,1939-09-17,1940-06-02,30,8,3.3,0,0,FALSE,"DATE_STRUCTURE_LOOKS_PLAUSIBLE"
"Italy","1940-41",1940,240,16,1940-10-06,1941-05-04,30,8,3.3,0,0,FALSE,"DATE_STRUCTURE_LOOKS_PLAUSIBLE"
"Italy","1941-42",1941,240,16,1941-10-26,1942-06-14,30,8,3.3,0,0,FALSE,"DATE_STRUCTURE_LOOKS_PLAUSIBLE"
"Italy","1942-43",1942,240,16,1942-10-04,1943-05-07,30,8,3.3,0,0,FALSE,"DATE_STRUCTURE_LOOKS_PLAUSIBLE"
"Italy","1946-47",1946,386,20,1946-07-07,1947-06-29,41,10,2.6,0,0,FALSE,"DATE_STRUCTURE_LOOKS_PLAUSIBLE"
"Italy","1947-48",1947,390,23,1947-08-06,1948-06-20,39,10,2.6,0,0,FALSE,"DATE_STRUCTURE_LOOKS_PLAUSIBLE"
"Italy","1948-49",1948,380,20,1948-09-19,1949-06-05,38,10,2.6,0,0,FALSE,"DATE_STRUCTURE_LOOKS_PLAUSIBLE"
"Italy","1949-50",1949,380,20,1949-09-11,1950-05-28,38,10,2.6,0,0,FALSE,"DATE_STRUCTURE_LOOKS_PLAUSIBLE"
"Italy","1950-51",1950,380,20,1950-09-10,1951-06-17,38,10,2.6,0,0,FALSE,"DATE_STRUCTURE_LOOKS_PLAUSIBLE"
"Italy","1951-52",1951,380,20,1951-09-09,1952-06-22,38,10,2.6,0,0,FALSE,"DATE_STRUCTURE_LOOKS_PLAUSIBLE"
"Italy","1952-53",1952,306,18,1952-09-14,1953-05-31,34,9,2.9,0,0,FALSE,"DATE_STRUCTURE_LOOKS_PLAUSIBLE"
"Italy","1953-54",1953,306,18,1953-09-13,1954-05-30,34,9,2.9,0,0,FALSE,"DATE_STRUCTURE_LOOKS_PLAUSIBLE"
"Italy","1954-55",1954,306,18,1954-09-19,1955-06-19,34,9,2.9,0,0,FALSE,"DATE_STRUCTURE_LOOKS_PLAUSIBLE"
"Italy","1955-56",1955,306,18,1955-09-18,1956-06-03,34,9,2.9,0,0,FALSE,"DATE_STRUCTURE_LOOKS_PLAUSIBLE"
"Italy","1956-57",1956,306,18,1956-09-16,1957-06-16,34,9,2.9,0,0,FALSE,"DATE_STRUCTURE_LOOKS_PLAUSIBLE"
"Italy","1957-58",1957,306,18,1957-09-08,1958-05-25,34,9,2.9,0,0,FALSE,"DATE_STRUCTURE_LOOKS_PLAUSIBLE"
"Italy","1958-59",1958,306,18,1958-09-21,1959-06-07,34,9,2.9,0,0,FALSE,"DATE_STRUCTURE_LOOKS_PLAUSIBLE"
"Italy","1959-60",1959,306,18,1959-09-20,1960-06-05,34,9,2.9,0,0,FALSE,"DATE_STRUCTURE_LOOKS_PLAUSIBLE"
"Italy","1960-61",1960,306,18,1960-09-25,1961-06-04,34,9,2.9,0,0,FALSE,"DATE_STRUCTURE_LOOKS_PLAUSIBLE"
"Italy","1961-62",1961,306,18,1961-08-27,1962-04-15,34,9,2.9,0,0,FALSE,"DATE_STRUCTURE_LOOKS_PLAUSIBLE"
"Italy","1962-63",1962,306,18,1962-09-16,1963-05-26,34,9,2.9,0,0,FALSE,"DATE_STRUCTURE_LOOKS_PLAUSIBLE"
"Italy","1963-64",1963,306,18,1963-09-15,1964-05-31,39,9,2.9,0,0,FALSE,"DATE_STRUCTURE_LOOKS_PLAUSIBLE"
"Italy","1964-65",1964,306,18,1964-09-13,1965-06-06,35,9,2.9,0,0,FALSE,"DATE_STRUCTURE_LOOKS_PLAUSIBLE"
"Italy","1965-66",1965,306,18,1965-09-06,1966-05-22,34,9,2.9,0,0,FALSE,"DATE_STRUCTURE_LOOKS_PLAUSIBLE"
"Italy","1966-67",1966,306,18,1966-09-18,1967-05-28,34,9,2.9,0,0,FALSE,"DATE_STRUCTURE_LOOKS_PLAUSIBLE"
"Italy","1967-68",1967,240,16,1967-09-24,1968-05-12,30,8,3.3,0,0,FALSE,"DATE_STRUCTURE_LOOKS_PLAUSIBLE"
"Italy","1968-69",1968,240,16,1968-09-29,1969-05-18,30,8,3.3,0,0,FALSE,"DATE_STRUCTURE_LOOKS_PLAUSIBLE"
"Italy","1969-70",1969,240,16,1969-09-14,1970-04-26,30,8,3.3,0,0,FALSE,"DATE_STRUCTURE_LOOKS_PLAUSIBLE"
"Italy","1970-71",1970,240,16,1970-09-27,1971-05-23,30,8,3.3,0,0,FALSE,"DATE_STRUCTURE_LOOKS_PLAUSIBLE"
"Italy","1971-72",1971,240,16,1971-10-03,1972-05-28,30,8,3.3,0,0,FALSE,"DATE_STRUCTURE_LOOKS_PLAUSIBLE"
"Italy","1972-73",1972,240,16,1972-09-24,1973-05-20,30,8,3.3,0,0,FALSE,"DATE_STRUCTURE_LOOKS_PLAUSIBLE"
"Italy","1973-74",1973,240,16,1973-10-07,1974-05-19,30,8,3.3,0,0,FALSE,"DATE_STRUCTURE_LOOKS_PLAUSIBLE"
"Italy","1974-75",1974,240,16,1974-09-30,1975-05-18,30,8,3.3,0,0,FALSE,"DATE_STRUCTURE_LOOKS_PLAUSIBLE"
"Italy","1975-76",1975,240,16,1975-10-05,1976-05-16,30,8,3.3,0,0,FALSE,"DATE_STRUCTURE_LOOKS_PLAUSIBLE"
"Italy","1976-77",1976,240,16,1976-10-03,1977-05-22,30,8,3.3,0,0,FALSE,"DATE_STRUCTURE_LOOKS_PLAUSIBLE"
"Italy","1977-78",1977,240,16,1977-09-11,1978-05-07,30,8,3.3,0,0,FALSE,"DATE_STRUCTURE_LOOKS_PLAUSIBLE"
"Italy","1978-79",1978,240,16,1978-10-01,1979-05-13,30,8,3.3,0,0,FALSE,"DATE_STRUCTURE_LOOKS_PLAUSIBLE"
"Italy","1979-80",1979,240,16,1979-09-16,1980-05-11,30,8,3.3,0,0,FALSE,"DATE_STRUCTURE_LOOKS_PLAUSIBLE"
"Italy","1980-81",1980,240,16,1980-09-14,1981-05-24,30,8,3.3,0,0,FALSE,"DATE_STRUCTURE_LOOKS_PLAUSIBLE"
"Italy","1981-82",1981,240,16,1981-09-13,1982-05-16,30,8,3.3,0,0,FALSE,"DATE_STRUCTURE_LOOKS_PLAUSIBLE"
"Italy","1982-83",1982,240,16,1982-09-12,1983-05-15,30,8,3.3,0,0,FALSE,"DATE_STRUCTURE_LOOKS_PLAUSIBLE"
"Italy","1983-84",1983,240,16,1983-09-12,1984-05-13,30,8,3.3,0,0,FALSE,"DATE_STRUCTURE_LOOKS_PLAUSIBLE"
"Italy","1984-85",1984,240,16,1984-09-16,1985-05-19,30,8,3.3,0,0,FALSE,"DATE_STRUCTURE_LOOKS_PLAUSIBLE"
"Italy","1985-86",1985,240,16,1985-09-08,1986-04-27,30,8,3.3,0,0,FALSE,"DATE_STRUCTURE_LOOKS_PLAUSIBLE"
"Italy","1986-87",1986,240,16,1986-09-14,1987-05-17,30,8,3.3,0,0,FALSE,"DATE_STRUCTURE_LOOKS_PLAUSIBLE"
"Italy","1987-88",1987,240,16,1987-09-13,1988-05-15,30,8,3.3,0,0,FALSE,"DATE_STRUCTURE_LOOKS_PLAUSIBLE"
"Italy","1988-89",1988,306,18,1988-10-09,1989-06-25,34,9,2.9,0,0,FALSE,"DATE_STRUCTURE_LOOKS_PLAUSIBLE"
"Italy","1989-90",1989,306,18,1989-08-27,1990-04-29,34,9,2.9,0,0,FALSE,"DATE_STRUCTURE_LOOKS_PLAUSIBLE"
"Italy","1990-91",1990,306,18,1990-09-09,1991-05-26,34,9,2.9,0,0,FALSE,"DATE_STRUCTURE_LOOKS_PLAUSIBLE"
"Italy","1991-92",1991,306,18,1991-09-01,1992-05-24,36,18,5.9,18,0,TRUE,"CHECK"
"Italy","1992-93",1992,306,18,1992-09-06,1993-06-06,35,9,2.9,0,0,FALSE,"DATE_STRUCTURE_LOOKS_PLAUSIBLE"
"Italy","1993-94",1993,306,18,1993-08-29,1994-05-01,34,9,2.9,0,0,FALSE,"DATE_STRUCTURE_LOOKS_PLAUSIBLE"
"Italy","1994-95",1994,306,18,1994-09-04,1995-06-04,41,9,2.9,0,0,FALSE,"DATE_STRUCTURE_LOOKS_PLAUSIBLE"
"Italy","1995-96",1995,306,18,1995-08-27,1996-05-12,35,9,2.9,0,0,FALSE,"DATE_STRUCTURE_LOOKS_PLAUSIBLE"
"Italy","1996-97",1996,306,18,1996-09-08,1997-06-01,36,9,2.9,0,0,FALSE,"DATE_STRUCTURE_LOOKS_PLAUSIBLE"
"Italy","1997-98",1997,306,18,1997-08-31,1998-05-16,45,9,2.9,0,0,FALSE,"DATE_STRUCTURE_LOOKS_PLAUSIBLE"
"Italy","1998-99",1998,306,18,1998-09-12,1999-05-23,47,9,2.9,0,0,FALSE,"DATE_STRUCTURE_LOOKS_PLAUSIBLE"
"Italy","1999-00",1999,306,18,1999-08-28,2000-05-14,64,9,2.9,0,0,FALSE,"DATE_STRUCTURE_LOOKS_PLAUSIBLE"
"Italy","2000-01",2000,306,18,2000-09-30,2001-06-17,64,9,2.9,0,0,FALSE,"DATE_STRUCTURE_LOOKS_PLAUSIBLE"
"Italy","2001-02",2001,306,18,2001-08-25,2002-05-05,62,9,2.9,0,0,FALSE,"DATE_STRUCTURE_LOOKS_PLAUSIBLE"
"Italy","2002-03",2002,306,18,2002-09-14,2003-05-24,64,9,2.9,0,0,FALSE,"DATE_STRUCTURE_LOOKS_PLAUSIBLE"
"Italy","2003-04",2003,306,18,2003-08-30,2004-05-16,64,9,2.9,0,0,FALSE,"DATE_STRUCTURE_LOOKS_PLAUSIBLE"
"Italy","2004-05",2004,382,20,2004-09-11,2005-06-18,71,10,2.6,0,0,FALSE,"DATE_STRUCTURE_LOOKS_PLAUSIBLE"
"Italy","2005-06",2005,380,20,2005-08-27,2006-05-14,68,10,2.6,0,0,FALSE,"DATE_STRUCTURE_LOOKS_PLAUSIBLE"
"Italy","2006-07",2006,380,20,2006-09-09,2007-05-27,68,10,2.6,0,0,FALSE,"DATE_STRUCTURE_LOOKS_PLAUSIBLE"
"Italy","2007-08",2007,380,20,2007-08-25,2008-05-18,75,10,2.6,0,0,FALSE,"DATE_STRUCTURE_LOOKS_PLAUSIBLE"
"Italy","2008-09",2008,380,20,2008-08-30,2009-05-31,74,10,2.6,0,0,FALSE,"DATE_STRUCTURE_LOOKS_PLAUSIBLE"
"Italy","2009-10",2009,380,20,2009-08-22,2010-05-16,78,10,2.6,0,0,FALSE,"DATE_STRUCTURE_LOOKS_PLAUSIBLE"
"Italy","2010-11",2010,380,20,2010-08-28,2011-05-22,87,10,2.6,0,0,FALSE,"DATE_STRUCTURE_LOOKS_PLAUSIBLE"
"Italy","2011-12",2011,380,20,2011-09-09,2012-05-13,93,10,2.6,0,0,FALSE,"DATE_STRUCTURE_LOOKS_PLAUSIBLE"
"Italy","2012-13",2012,380,20,2012-08-25,2013-05-19,92,10,2.6,0,0,FALSE,"DATE_STRUCTURE_LOOKS_PLAUSIBLE"
"Germany","1963-64",1963,240,16,1963-08-24,1964-05-09,39,8,3.3,0,0,FALSE,"DATE_STRUCTURE_LOOKS_PLAUSIBLE"
"Germany","1964-65",1964,240,16,1964-08-22,1965-05-15,39,8,3.3,0,0,FALSE,"DATE_STRUCTURE_LOOKS_PLAUSIBLE"
"Germany","1965-66",1965,306,18,1965-08-14,1966-05-28,49,9,2.9,0,0,FALSE,"DATE_STRUCTURE_LOOKS_PLAUSIBLE"
"Germany","1966-67",1966,306,18,1966-08-20,1967-06-03,39,9,2.9,0,0,FALSE,"DATE_STRUCTURE_LOOKS_PLAUSIBLE"
"Germany","1967-68",1967,306,18,1967-08-18,1968-05-28,44,9,2.9,0,0,FALSE,"DATE_STRUCTURE_LOOKS_PLAUSIBLE"
"Germany","1968-69",1968,306,18,1968-08-17,1969-06-07,55,9,2.9,0,0,FALSE,"DATE_STRUCTURE_LOOKS_PLAUSIBLE"
"Germany","1969-70",1969,306,18,1969-08-16,1970-05-03,70,9,2.9,0,0,FALSE,"DATE_STRUCTURE_LOOKS_PLAUSIBLE"
"Germany","1970-71",1970,306,18,1970-08-15,1971-06-05,56,9,2.9,0,0,FALSE,"DATE_STRUCTURE_LOOKS_PLAUSIBLE"
"Germany","1971-72",1971,306,18,1971-08-14,1972-06-28,45,9,2.9,0,0,FALSE,"DATE_STRUCTURE_LOOKS_PLAUSIBLE"
"Germany","1972-73",1972,306,18,1972-09-16,1973-06-09,56,9,2.9,0,0,FALSE,"DATE_STRUCTURE_LOOKS_PLAUSIBLE"
"Germany","1973-74",1973,306,18,1973-08-11,1974-05-18,57,9,2.9,0,0,FALSE,"DATE_STRUCTURE_LOOKS_PLAUSIBLE"
"Germany","1974-75",1974,306,18,1974-08-24,1975-06-14,63,9,2.9,0,0,FALSE,"DATE_STRUCTURE_LOOKS_PLAUSIBLE"
"Germany","1975-76",1975,306,18,1975-08-09,1976-06-12,58,9,2.9,0,0,FALSE,"DATE_STRUCTURE_LOOKS_PLAUSIBLE"
"Germany","1976-77",1976,306,18,1976-08-14,1977-05-21,63,9,2.9,0,0,FALSE,"DATE_STRUCTURE_LOOKS_PLAUSIBLE"
"Germany","1977-78",1977,306,18,1977-08-06,1978-04-29,56,9,2.9,0,0,FALSE,"DATE_STRUCTURE_LOOKS_PLAUSIBLE"
"Germany","1978-79",1978,306,18,1978-08-11,1979-06-09,69,9,2.9,0,0,FALSE,"DATE_STRUCTURE_LOOKS_PLAUSIBLE"
"Germany","1979-80",1979,306,18,1979-08-11,1980-05-31,59,9,2.9,0,0,FALSE,"DATE_STRUCTURE_LOOKS_PLAUSIBLE"
"Germany","1980-81",1980,306,18,1980-08-15,1981-06-13,66,9,2.9,0,0,FALSE,"DATE_STRUCTURE_LOOKS_PLAUSIBLE"
"Germany","1981-82",1981,306,18,1981-08-08,1982-05-29,69,9,2.9,0,0,FALSE,"DATE_STRUCTURE_LOOKS_PLAUSIBLE"
"Germany","1982-83",1982,306,18,1982-08-17,1983-06-04,66,9,2.9,0,0,FALSE,"DATE_STRUCTURE_LOOKS_PLAUSIBLE"
"Germany","1983-84",1983,306,18,1983-08-12,1984-05-26,69,9,2.9,0,0,FALSE,"DATE_STRUCTURE_LOOKS_PLAUSIBLE"
"Germany","1984-85",1984,306,18,1984-08-24,1985-06-08,78,9,2.9,0,0,FALSE,"DATE_STRUCTURE_LOOKS_PLAUSIBLE"
"Germany","1985-86",1985,306,18,1985-08-09,1986-04-26,75,9,2.9,0,0,FALSE,"DATE_STRUCTURE_LOOKS_PLAUSIBLE"
"Germany","1986-87",1986,306,18,1986-08-08,1987-06-17,72,9,2.9,0,0,FALSE,"DATE_STRUCTURE_LOOKS_PLAUSIBLE"
"Germany","1987-88",1987,306,18,1987-07-31,1988-05-21,71,9,2.9,0,0,FALSE,"DATE_STRUCTURE_LOOKS_PLAUSIBLE"
"Germany","1988-89",1988,306,18,1988-07-22,1989-06-17,73,9,2.9,0,0,FALSE,"DATE_STRUCTURE_LOOKS_PLAUSIBLE"
"Germany","1989-90",1989,306,18,1989-07-28,1990-05-12,72,9,2.9,0,0,FALSE,"DATE_STRUCTURE_LOOKS_PLAUSIBLE"
"Germany","1990-91",1990,306,18,1990-08-08,1991-06-15,83,9,2.9,0,0,FALSE,"DATE_STRUCTURE_LOOKS_PLAUSIBLE"
"Germany","1991-92",1991,380,20,1991-08-02,1992-05-16,87,10,2.6,0,0,FALSE,"DATE_STRUCTURE_LOOKS_PLAUSIBLE"
"Germany","1992-93",1992,306,18,1992-08-14,1993-06-05,74,9,2.9,0,0,FALSE,"DATE_STRUCTURE_LOOKS_PLAUSIBLE"
"Germany","1993-94",1993,306,18,1993-08-07,1994-05-07,35,9,2.9,0,0,FALSE,"DATE_STRUCTURE_LOOKS_PLAUSIBLE"
"Germany","1994-95",1994,306,18,1994-08-19,1995-06-17,82,9,2.9,0,0,FALSE,"DATE_STRUCTURE_LOOKS_PLAUSIBLE"
"Germany","1995-96",1995,306,18,1995-08-11,1996-05-18,99,9,2.9,0,0,FALSE,"DATE_STRUCTURE_LOOKS_PLAUSIBLE"
"Germany","1996-97",1996,306,18,1996-08-16,1997-05-31,90,9,2.9,0,0,FALSE,"DATE_STRUCTURE_LOOKS_PLAUSIBLE"
"Germany","1997-98",1997,306,18,1997-08-01,1998-05-09,97,9,2.9,0,0,FALSE,"DATE_STRUCTURE_LOOKS_PLAUSIBLE"
"Germany","1998-99",1998,306,18,1998-08-14,1999-05-29,100,9,2.9,0,0,FALSE,"DATE_STRUCTURE_LOOKS_PLAUSIBLE"
"Germany","1999-00",1999,306,18,1999-08-13,2000-05-20,98,9,2.9,0,0,FALSE,"DATE_STRUCTURE_LOOKS_PLAUSIBLE"
"Germany","2000-01",2000,306,18,2000-08-11,2001-05-19,97,9,2.9,0,0,FALSE,"DATE_STRUCTURE_LOOKS_PLAUSIBLE"
"Germany","2001-02",2001,306,18,2001-07-28,2002-05-04,68,9,2.9,0,0,FALSE,"DATE_STRUCTURE_LOOKS_PLAUSIBLE"
"Germany","2002-03",2002,306,18,2002-08-09,2003-05-24,69,9,2.9,0,0,FALSE,"DATE_STRUCTURE_LOOKS_PLAUSIBLE"
"Germany","2003-04",2003,306,18,2003-08-01,2004-05-22,69,9,2.9,0,0,FALSE,"DATE_STRUCTURE_LOOKS_PLAUSIBLE"
"Germany","2004-05",2004,306,18,2004-08-06,2005-05-21,69,9,2.9,0,0,FALSE,"DATE_STRUCTURE_LOOKS_PLAUSIBLE"
"Germany","2005-06",2005,306,18,2005-08-05,2006-05-13,71,9,2.9,0,0,FALSE,"DATE_STRUCTURE_LOOKS_PLAUSIBLE"
"Germany","2006-07",2006,306,18,2006-08-11,2007-05-19,95,9,2.9,0,0,FALSE,"DATE_STRUCTURE_LOOKS_PLAUSIBLE"
"Germany","2007-08",2007,306,18,2007-08-10,2008-05-17,96,9,2.9,0,0,FALSE,"DATE_STRUCTURE_LOOKS_PLAUSIBLE"
"Germany","2008-09",2008,306,18,2008-08-15,2009-05-23,95,9,2.9,0,0,FALSE,"DATE_STRUCTURE_LOOKS_PLAUSIBLE"
"Germany","2009-10",2009,306,18,2009-08-07,2010-05-08,92,9,2.9,0,0,FALSE,"DATE_STRUCTURE_LOOKS_PLAUSIBLE"
"France","1932-33",1932,0,0,,,0,0,,0,0,TRUE,"MISSING"
"France","1933-34",1933,182,14,1933-07-01,1933-07-01,1,182,100,14,0,TRUE,"CHECK"
"France","1934-35",1934,240,16,1934-07-01,1934-07-01,1,240,100,16,0,TRUE,"CHECK"
"France","1935-36",1935,240,16,1935-07-01,1935-07-01,1,240,100,16,0,TRUE,"CHECK"
"France","1936-37",1936,240,16,1936-07-01,1936-07-01,1,240,100,16,0,TRUE,"CHECK"
"France","1937-38",1937,240,15,1937-07-01,1937-07-01,1,240,100,15,0,TRUE,"CHECK"
"France","1938-39",1938,240,15,1938-09-04,1939-05-07,30,8,3.3,30,0,TRUE,"CHECK"
"France","1945-46",1945,316,22,1945-08-26,1946-06-02,34,19,6,48,0,TRUE,"CHECK"
"France","1946-47",1946,330,19,1946-08-18,1947-05-18,33,10,3,33,0,TRUE,"CHECK"
"France","1947-48",1947,306,18,1947-08-24,1948-05-30,35,9,2.9,0,0,FALSE,"DATE_STRUCTURE_LOOKS_PLAUSIBLE"
"France","1948-49",1948,306,18,1948-08-22,1949-06-01,42,9,2.9,0,0,FALSE,"DATE_STRUCTURE_LOOKS_PLAUSIBLE"
"France","1949-50",1949,306,17,1949-08-21,1950-05-21,49,9,2.9,31,0,TRUE,"CHECK"
"France","1950-51",1950,306,17,1950-08-26,1951-05-27,44,9,2.9,31,0,TRUE,"CHECK"
"France","1951-52",1951,306,17,1951-08-26,1952-05-25,39,9,2.9,32,0,TRUE,"CHECK"
"France","1952-53",1952,306,17,1952-08-24,1953-05-24,40,9,2.9,33,0,TRUE,"CHECK"
"France","1953-54",1953,306,18,1953-08-23,1954-05-16,37,9,2.9,0,0,FALSE,"DATE_STRUCTURE_LOOKS_PLAUSIBLE"
"France","1954-55",1954,306,17,1954-08-22,1955-05-22,43,9,2.9,32,0,TRUE,"CHECK"
"France","1955-56",1955,306,17,1955-08-21,1956-06-03,37,9,2.9,34,0,TRUE,"CHECK"
"France","1956-57",1956,306,17,1956-08-19,1957-05-19,39,9,2.9,33,0,TRUE,"CHECK"
"France","1957-58",1957,306,17,1957-08-18,1958-05-11,44,9,2.9,33,0,TRUE,"CHECK"
"France","1958-59",1958,380,19,1958-07-21,1959-05-31,59,10,2.6,35,0,TRUE,"CHECK"
"France","1959-60",1959,380,19,1959-08-15,1960-05-29,64,10,2.6,30,0,TRUE,"CHECK"
"France","1960-61",1960,380,19,1960-08-20,1961-06-04,72,10,2.6,28,0,TRUE,"CHECK"
"France","1961-62",1961,380,19,1961-08-19,1962-05-20,69,10,2.6,29,0,TRUE,"CHECK"
"France","1962-63",1962,380,19,1962-08-18,1963-05-30,69,10,2.6,30,0,TRUE,"CHECK"
"France","1963-64",1963,306,17,1963-09-01,1964-06-07,66,9,2.9,27,0,TRUE,"CHECK"
"France","1964-65",1964,306,18,1964-08-29,1965-05-30,64,9,2.9,0,0,FALSE,"DATE_STRUCTURE_LOOKS_PLAUSIBLE"
"France","1965-66",1965,380,20,1965-08-21,1966-06-15,80,10,2.6,0,0,FALSE,"DATE_STRUCTURE_LOOKS_PLAUSIBLE"
"France","1966-67",1966,380,20,1966-08-18,1967-06-11,86,10,2.6,0,0,FALSE,"DATE_STRUCTURE_LOOKS_PLAUSIBLE"
"France","1967-68",1967,370,20,1967-08-17,1968-06-28,89,10,2.7,0,0,FALSE,"DATE_STRUCTURE_LOOKS_PLAUSIBLE"
"France","1968-69",1968,316,22,1968-07-03,1969-06-14,93,9,2.8,0,0,FALSE,"DATE_STRUCTURE_LOOKS_PLAUSIBLE"
"France","1969-70",1969,306,18,1969-08-05,1970-06-23,84,9,2.9,1,0,TRUE,"CHECK"
"France","1970-71",1970,380,20,1970-08-12,1971-06-26,78,12,3.2,4,0,TRUE,"CHECK"
"France","1971-72",1971,380,20,1971-08-11,1972-05-27,67,10,2.6,0,0,FALSE,"DATE_STRUCTURE_LOOKS_PLAUSIBLE"
"France","1972-73",1972,380,20,1972-08-09,1973-06-02,66,10,2.6,0,0,FALSE,"DATE_STRUCTURE_LOOKS_PLAUSIBLE"
"France","1973-74",1973,380,20,1973-08-07,1974-05-25,44,10,2.6,0,0,FALSE,"DATE_STRUCTURE_LOOKS_PLAUSIBLE"
"France","1974-75",1974,380,20,1974-08-02,1975-06-03,53,10,2.6,0,0,FALSE,"DATE_STRUCTURE_LOOKS_PLAUSIBLE"
"France","1975-76",1975,380,20,1975-08-07,1976-06-19,72,10,2.6,0,0,FALSE,"DATE_STRUCTURE_LOOKS_PLAUSIBLE"
"France","1976-77",1976,380,20,1976-08-06,1977-06-08,58,10,2.6,0,0,FALSE,"DATE_STRUCTURE_LOOKS_PLAUSIBLE"
"France","1977-78",1977,380,20,1977-08-03,1978-05-12,68,10,2.6,1,0,TRUE,"CHECK"
"France","1978-79",1978,380,20,1978-07-19,1979-06-01,56,10,2.6,0,0,FALSE,"DATE_STRUCTURE_LOOKS_PLAUSIBLE"
"France","1979-80",1979,380,20,1979-07-26,1980-05-27,59,10,2.6,0,0,FALSE,"DATE_STRUCTURE_LOOKS_PLAUSIBLE"
"France","1980-81",1980,380,20,1980-07-24,1981-06-02,57,10,2.6,0,0,FALSE,"DATE_STRUCTURE_LOOKS_PLAUSIBLE"
"France","1981-82",1981,380,20,1981-07-24,1982-05-07,64,10,2.6,0,0,FALSE,"DATE_STRUCTURE_LOOKS_PLAUSIBLE"
"France","1982-83",1982,380,20,1982-08-10,1983-06-03,51,10,2.6,0,0,FALSE,"DATE_STRUCTURE_LOOKS_PLAUSIBLE"
"France","1983-84",1983,380,20,1983-07-20,1984-05-02,58,10,2.6,0,0,FALSE,"DATE_STRUCTURE_LOOKS_PLAUSIBLE"
"France","1984-85",1984,380,19,1984-08-17,1985-05-28,66,10,2.6,30,0,TRUE,"CHECK"
"France","1985-86",1985,380,20,1985-07-16,1986-04-25,68,10,2.6,0,0,FALSE,"DATE_STRUCTURE_LOOKS_PLAUSIBLE"
"France","1986-87",1986,380,20,1986-08-05,1987-06-05,56,10,2.6,22,0,TRUE,"CHECK"
"France","1987-88",1987,380,20,1987-07-18,1988-06-04,57,10,2.6,0,0,FALSE,"DATE_STRUCTURE_LOOKS_PLAUSIBLE"
"France","1988-89",1988,380,20,1988-07-15,1989-05-31,61,10,2.6,12,0,TRUE,"CHECK"
"France","1989-90",1989,380,20,1989-07-21,1990-05-19,62,10,2.6,0,0,FALSE,"DATE_STRUCTURE_LOOKS_PLAUSIBLE"
"France","1990-91",1990,380,20,1990-07-21,1991-05-24,77,10,2.6,0,0,FALSE,"DATE_STRUCTURE_LOOKS_PLAUSIBLE"
"France","1991-92",1991,380,20,1991-07-20,1992-05-01,79,10,2.6,0,0,FALSE,"DATE_STRUCTURE_LOOKS_PLAUSIBLE"
"France","1992-93",1992,380,20,1992-08-08,1993-06-02,61,10,2.6,0,0,FALSE,"DATE_STRUCTURE_LOOKS_PLAUSIBLE"
"France","1993-94",1993,380,20,1993-07-23,1994-05-21,76,10,2.6,0,0,FALSE,"DATE_STRUCTURE_LOOKS_PLAUSIBLE"
"France","1994-95",1994,380,20,1994-07-28,1995-05-31,80,10,2.6,0,0,FALSE,"DATE_STRUCTURE_LOOKS_PLAUSIBLE"
"France","1995-96",1995,380,20,1995-07-19,1996-05-18,81,10,2.6,0,0,FALSE,"DATE_STRUCTURE_LOOKS_PLAUSIBLE"
"France","1996-97",1996,380,20,1996-08-11,1997-05-24,74,10,2.6,0,0,FALSE,"DATE_STRUCTURE_LOOKS_PLAUSIBLE"
"France","1997-98",1997,306,18,1997-08-01,1998-05-09,68,9,2.9,0,0,FALSE,"DATE_STRUCTURE_LOOKS_PLAUSIBLE"
"France","1998-99",1998,306,18,1998-08-07,1999-05-29,69,9,2.9,0,0,FALSE,"DATE_STRUCTURE_LOOKS_PLAUSIBLE"
"France","1999-00",1999,306,18,1999-07-30,2000-05-13,73,9,2.9,0,0,FALSE,"DATE_STRUCTURE_LOOKS_PLAUSIBLE"
"France","2000-01",2000,306,18,2000-07-28,2001-05-19,76,9,2.9,0,0,FALSE,"DATE_STRUCTURE_LOOKS_PLAUSIBLE"
"France","2001-02",2001,306,18,2001-07-27,2002-05-04,74,9,2.9,0,0,FALSE,"DATE_STRUCTURE_LOOKS_PLAUSIBLE"
"France","2002-03",2002,380,20,2002-08-02,2003-05-24,86,10,2.6,0,0,FALSE,"DATE_STRUCTURE_LOOKS_PLAUSIBLE"
"France","2003-04",2003,380,20,2003-08-01,2004-05-23,87,10,2.6,0,0,FALSE,"DATE_STRUCTURE_LOOKS_PLAUSIBLE"
"France","2004-05",2004,380,20,2004-08-06,2005-05-28,86,10,2.6,0,0,FALSE,"DATE_STRUCTURE_LOOKS_PLAUSIBLE"
"France","2005-06",2005,380,20,2005-07-29,2006-05-13,87,10,2.6,0,0,FALSE,"DATE_STRUCTURE_LOOKS_PLAUSIBLE"
"France","2006-07",2006,380,20,2006-08-04,2007-05-26,79,10,2.6,0,0,FALSE,"DATE_STRUCTURE_LOOKS_PLAUSIBLE"
"France","2007-08",2007,380,20,2007-08-04,2008-05-17,83,10,2.6,0,0,FALSE,"DATE_STRUCTURE_LOOKS_PLAUSIBLE"
"France","2008-09",2008,380,20,2008-08-09,2009-05-30,78,10,2.6,0,0,FALSE,"DATE_STRUCTURE_LOOKS_PLAUSIBLE"
"France","2009-10",2009,380,20,2009-08-08,2010-05-15,84,10,2.6,0,0,FALSE,"DATE_STRUCTURE_LOOKS_PLAUSIBLE"
"France","2010-11",2010,380,20,2010-08-07,2011-05-29,83,10,2.6,0,0,FALSE,"DATE_STRUCTURE_LOOKS_PLAUSIBLE"
"France","2011-12",2011,380,20,2011-08-06,2012-05-20,83,10,2.6,0,0,FALSE,"DATE_STRUCTURE_LOOKS_PLAUSIBLE"
"France","2012-13",2012,380,20,2012-08-10,2013-05-26,113,10,2.6,0,0,FALSE,"DATE_STRUCTURE_LOOKS_PLAUSIBLE"
"France","2013-14",2013,380,20,2013-08-09,2014-05-17,112,10,2.6,0,0,FALSE,"DATE_STRUCTURE_LOOKS_PLAUSIBLE"
