Country,SourceName,CanonicalName
England,AFC Bournemouth,Bournemouth
England,AFC Wimbledon,Wimbledon
England,Accrington,Accrington Stanley
England,Accrington Stanley,Accrington Stanley
England,Aldershot,Aldershot Town
England,Aldershot Town,Aldershot Town
England,Arsenal FC,Arsenal
England,Arsenal.FC,Arsenal
England,Aston Villa,Aston Villa
England,Aston Villa FC,Aston Villa
England,Barnet,Barnet
England,Barnet FC,Barnet
England,Barnsley,Barnsley
England,Barnsley FC,Barnsley
England,Barrow,Barrow
England,Barrow AFC,Barrow
England,Birmingham,Birmingham City
England,Birmingham City,Birmingham City
England,Birmingham City FC,Birmingham City
England,Blackburn,Blackburn Rovers
England,Blackburn Rovers,Blackburn Rovers
England,Blackburn Rovers FC,Blackburn Rovers
England,Blackpool,Blackpool
England,Blackpool FC,Blackpool
England,Bolton,Bolton Wanderers
England,Bolton Wanderers,Bolton Wanderers
England,Bolton Wanderers FC,Bolton Wanderers
England,Bournemouth,Bournemouth
England,Bradford,Bradford City
England,Bradford City,Bradford City
England,Brentford,Brentford
England,Brentford FC,Brentford
England,Brighton,Brighton & Hove Albion
England,Brighton & Hove Albion,Brighton & Hove Albion
England,Brighton & Hove Albion FC,Brighton & Hove Albion
England,Bristol City FC,Bristol City
England,Bristol Rovers,Bristol Rovers
England,Bristol Rvs,Bristol Rovers
England,Bromley,Bromley
England,Bromley FC,Bromley
England,Burnley,Burnley
England,Burnley FC,Burnley
England,Burton,Burton Albion
England,Burton Albion,Burton Albion
England,Bury,Bury
England,Cambridge,Cambridge United
England,Cambridge United,Cambridge United
England,Cambridge United FC,Cambridge United
England,Cambridge Utd,Cambridge United
England,Cardiff,Cardiff City
England,Cardiff City,Cardiff City
England,Cardiff City FC,Cardiff City
England,Carlisle,Carlisle United
England,Carlisle United,Carlisle United
England,Charlton,Charlton Athletic
England,Charlton Athletic,Charlton Athletic
England,Charlton Athletic FC,Charlton Athletic
England,Chelsea,Chelsea
England,Chelsea FC,Chelsea
England,Cheltenham,Cheltenham Town
England,Chester,Chester City
England,Chester City,Chester City
England,Chesterfield,Chesterfield
England,Chesterfield FC,Chesterfield
England,Colchester,Colchester United
England,Colchester United,Colchester United
England,Coventry,Coventry City
England,Coventry City FC,Coventry City
England,Crawley Town,Crawley Town
England,Crewe,Crewe Alexandra
England,Crewe Alexandra,Crewe Alexandra
England,Crystal Palace,Crystal Palace
England,Crystal Palace FC,Crystal Palace
England,Dag and Red,Dagenham & Redbridge
England,Dagenham & Redbridge,Dagenham & Redbridge
England,Dagenham and Redbridge,Dagenham & Redbridge
England,Darlington,Darlington
England,Derby,Derby County
England,Derby County,Derby County
England,Derby County FC,Derby County
England,Doncaster Rovers,Doncaster Rovers
England,Ebbsfleet,Ebbsfleet United
England,Everton,Everton
England,Everton FC,Everton
England,Exeter,Exeter City
England,Exeter City,Exeter City
England,Fleetwood Town,Fleetwood Town
England,Forest Green,Forest Green Rovers
England,Forest Green Rovers,Forest Green Rovers
England,Fulham,Fulham
England,Fulham FC,Fulham
England,Gillingham,Gillingham
England,Gillingham FC,Gillingham
England,Gravesend,Ebbsfleet United
England,Grays,Grays Athletic
England,Grimsby,Grimsby Town
England,Grimsby Town,Grimsby Town
England,Grimsby Town FC,Grimsby Town
England,Halifax,Halifax Town
England,Halifax Town,Halifax Town
England,Harrogate Town,Harrogate Town
England,Hartlepool,Hartlepool United
England,Hartlepool United,Hartlepool United
England,Hayes & Yeading,Hayes & Yeading United
England,Hereford,Hereford United
England,Hereford United,Hereford United
England,Huddersfield,Huddersfield Town
England,Huddersfield Town,Huddersfield Town
England,Huddersfield Town AFC,Huddersfield Town
England,Hull City,Hull City
England,Hull City AFC,Hull City
England,Hyde,Hyde United
England,Ipswich,Ipswich Town
England,Ipswich Town FC,Ipswich Town
England,Kidderminster,Kidderminster Harriers
England,King's Lynn,King's Lynn Town
England,Leeds,Leeds United
England,Leeds United FC,Leeds United
England,Leicester,Leicester City
England,Leicester City,Leicester City
England,Leicester City FC,Leicester City
England,Leyton Orient,Leyton Orient
England,Lincoln,Lincoln City
England,Lincoln City,Lincoln City
England,Liverpool,Liverpool
England,Liverpool FC,Liverpool
England,Luton,Luton Town
England,Luton Town,Luton Town
England,Luton Town FC,Luton Town
England,Macclesfield,Macclesfield Town
England,Macclesfield Town,Macclesfield Town
England,Manchester City,Manchester City
England,Manchester City FC,Manchester City
England,Manchester United,Manchester United
England,Manchester United FC,Manchester United
England,Mansfield,Mansfield Town
England,Mansfield Town,Mansfield Town
England,Middlesbrough FC,Middlesbrough
England,Millwall,Millwall
England,Millwall FC,Millwall
England,Milton Keynes Dons,Milton Keynes Dons
England,Morecambe,Morecambe
England,Morecambe FC,Morecambe
England,Newcastle United,Newcastle United
England,Newcastle United FC,Newcastle United
England,Newcastle Utd,Newcastle United
England,Newport County,Newport County
England,Newport County AFC,Newport County
England,Northampton,Northampton Town
England,Northampton Town,Northampton Town
England,Northwich,Northwich Victoria
England,Norwich,Norwich City
England,Norwich City FC,Norwich City
England,Nottingham Forest,Nottingham Forest
England,Nottingham Forest FC,Nottingham Forest
England,Oldham,Oldham Athletic
England,Oldham Athletic,Oldham Athletic
England,Oldham Athletic AFC,Oldham Athletic
England,Oxford,Oxford United
England,Oxford United,Oxford United
England,Oxford United FC,Oxford United
England,Oxford Utd,Oxford United
England,Peterborough,Peterborough United
England,Peterborough United,Peterborough United
England,Peterborough United FC,Peterborough United
England,Plymouth,Plymouth Argyle
England,Plymouth Argyle,Plymouth Argyle
England,Plymouth Argyle FC,Plymouth Argyle
England,Port Vale,Port Vale
England,Port Vale FC,Port Vale
England,Portsmouth,Portsmouth
England,Portsmouth FC,Portsmouth
England,Preston,Preston North End
England,Preston North End,Preston North End
England,Preston North End FC,Preston North End
England,QPR,Queens Park Rangers
England,Queens Park Rangers,Queens Park Rangers
England,Queens Park Rangers FC,Queens Park Rangers
England,Reading,Reading
England,Reading FC,Reading
England,Rochdale,Rochdale
England,Rochdale AFC,Rochdale
England,Rotherham,Rotherham United
England,Rotherham United,Rotherham United
England,Rotherham United FC,Rotherham United
England,Rushden & D,Rushden & Diamonds
England,Salford City,Salford City
England,Salisbury,Salisbury City
England,Scarborough FC,Scarborough
England,Scunthorpe,Scunthorpe United
England,Scunthorpe United,Scunthorpe United
England,Sheffield United FC,Sheffield United
England,Sheffield Utd,Sheffield United
England,Sheffield Wed,Sheffield Wednesday
England,Sheffield Wednesday,Sheffield Wednesday
England,Sheffield Wednesday FC,Sheffield Wednesday
England,Shrewsbury,Shrewsbury Town
England,Shrewsbury Town,Shrewsbury Town
England,Southampton,Southampton
England,Southampton FC,Southampton
England,Southend,Southend United
England,Southend United,Southend United
England,Stevenage,Stevenage
England,Stevenage FC,Stevenage
England,Stockport,Stockport County
England,Stoke City,Stoke City
England,Stoke City FC,Stoke City
England,Sunderland,Sunderland
England,Sunderland AFC,Sunderland
England,Sutton United,Sutton United
England,Swansea,Swansea City
England,Swansea City,Swansea City
England,Swansea City AFC,Swansea City
England,Swindon,Swindon Town
England,Swindon Town,Swindon Town
England,Swindon Town FC,Swindon Town
England,Torquay,Torquay United
England,Torquay United,Torquay United
England,Tottenham,Tottenham Hotspur
England,Tottenham Hotspur,Tottenham Hotspur
England,Tottenham Hotspur FC,Tottenham Hotspur
England,Tranmere,Tranmere Rovers
England,Walsall,Walsall
England,Walsall FC,Walsall
England,Watford,Watford
England,Watford FC,Watford
England,West Brom,West Bromwich Albion
England,West Bromwich Albion,West Bromwich Albion
England,West Bromwich Albion FC,West Bromwich Albion
England,West Ham,West Ham United
England,West Ham United,West Ham United
England,West Ham United FC,West Ham United
England,Wigan,Wigan Athletic
England,Wigan Athletic,Wigan Athletic
England,Wigan Athletic FC,Wigan Athletic
England,Wimbledon FC,Wimbledon
England,Wolverhampton Wanderers,Wolverhampton Wanderers
England,Wolverhampton Wanderers FC,Wolverhampton Wanderers
England,Wolves,Wolverhampton Wanderers
England,Wrexham,Wrexham
England,Wrexham AFC,Wrexham
England,Wrexham FC,Wrexham
England,Wycombe,Wycombe Wanderers
England,Wycombe Wanderers,Wycombe Wanderers
England,Wycombe Wanderers FC,Wycombe Wanderers
England,Yeovil Town,Yeovil Town
England,York,York City
England,York City,York City
France,AC Ajaccio,Ajaccio
France,AC Arles-Avignon,Arles-Avignon
France,AJ Auxerre,Auxerre
France,AS Béziers,Béziers
France,AS Monaco,Monaco
France,AS Monaco FC,Monaco
France,AS Nancy Lorraine,Nancy
France,AS Saint-Étienne,Saint-Étienne
France,Amiens SC,Amiens
France,Angers SCO,Angers
France,Auxerre,Auxerre
France,Chamois Niortais,Niort
France,Clermont Foot 63,Clermont
France,Dijon FCO,Dijon
France,EA Guingamp,Guingamp
France,ES Troyes AC,Troyes
France,ESTAC Troyes,Troyes
France,FC Annecy,Annecy
France,FC Bourg-Péronnas,Bourg-Péronnas
France,FC Chambly,Chambly
France,FC Lorient,Lorient
France,FC Martigues,Martigues
France,FC Metz,Metz
France,FC Nantes,Nantes
France,FC Sochaux,Sochaux
France,Gazélec FC Ajaccio,Gazélec Ajaccio
France,Girondins Bordeaux,Bordeaux
France,Grenoble Foot 38,Grenoble
France,Havre AC,Le Havre
France,LB Châteauroux,Châteauroux
France,Le Havre,Le Havre
France,Le Havre AC,Le Havre
France,Le Mans FC,Le Mans
France,Lens,Lens
France,Lille,Lille
France,Lille OSC,Lille
France,Montpellier HSC,Montpellier
France,Nîmes Olympique,Nîmes
France,OGC Nice,Nice
France,Olympique Lyonnais,Lyon
France,Olympique Marseille,Marseille
France,Olympique de Marseille,Marseille
France,Paris FC,Paris FC
France,Paris Saint-Germain,Paris Saint-Germain
France,Paris Saint-Germain FC,Paris Saint-Germain
France,Pau FC,Pau
France,RC Lens,Lens
France,RC Strasbourg,Strasbourg
France,RC Strasbourg Alsace,Strasbourg
France,Racing Club de Lens,Lens
France,Red Star FC,Red Star
France,Rennes,Rennes
France,Rodez AF,Rodez
France,SC Bastia,Bastia
France,SM Caen,Caen
France,Stade Brestois,Brest
France,Stade Brestois 29,Brest
France,Stade Lavallois,Laval
France,Stade Rennais,Rennes
France,Stade Rennais FC 1901,Rennes
France,Stade de Reims,Reims
France,Toulouse FC,Toulouse
France,Tours FC,Tours
France,US Boulogne,Boulogne
France,US Concarneau,Concarneau
France,US Créteil-Lusitanos,Créteil
France,US Orléans,Orléans
France,US Quevilly-Rouen,Quevilly-Rouen
France,USL Dunkerque,Dunkerque
France,Valenciennes FC,Valenciennes
France,Évian Thonon Gaillard,Évian
Germany,1. FC Heidenheim 1846,Heidenheim
Germany,1. FC Kaiserslautern,Kaiserslautern
Germany,1. FC Köln,Köln
Germany,1. FC Magdeburg,Magdeburg
Germany,1. FC Nürnberg,Nürnberg
Germany,1. FC Union Berlin,Union Berlin
Germany,1. FSV Mainz 05,Mainz 05
Germany,1899 Hoffenheim,Hoffenheim
Germany,Arminia Bielefeld,Arminia Bielefeld
Germany,Bayer 04 Leverkusen,Bayer Leverkusen
Germany,Bayer Leverkusen,Bayer Leverkusen
Germany,Bayern München,Bayern Munich
Germany,Bor. Mönchengladbach,Borussia Mönchengladbach
Germany,Borussia Dortmund,Borussia Dortmund
Germany,Borussia M'gladbach,Borussia Mönchengladbach
Germany,Borussia Mönchengladbach,Borussia Mönchengladbach
Germany,Dynamo Dresden,Dynamo Dresden
Germany,Eintracht Braunschweig,Eintracht Braunschweig
Germany,Eintracht Frankfurt,Eintracht Frankfurt
Germany,Energie Cottbus,Energie Cottbus
Germany,Erzgebirge Aue,Erzgebirge Aue
Germany,FC Augsburg,Augsburg
Germany,FC Bayern München,Bayern Munich
Germany,FC Ingolstadt 04,Ingolstadt
Germany,FC Schalke 04,Schalke 04
Germany,FC St. Pauli,St. Pauli
Germany,FC St. Pauli 1910,St. Pauli
Germany,FSV Frankfurt,FSV Frankfurt
Germany,Fortuna Düsseldorf,Fortuna Düsseldorf
Germany,Hamburger SV,Hamburg
Germany,Hannover 96,Hannover 96
Germany,Hansa Rostock,Hansa Rostock
Germany,Heidenheim,Heidenheim
Germany,Hertha BSC,Hertha Berlin
Germany,Holstein Kiel,Holstein Kiel
Germany,Jahn Regensburg,Jahn Regensburg
Germany,Karlsruher SC,Karlsruher SC
Germany,MSV Duisburg,MSV Duisburg
Germany,Preußen Münster,Preußen Münster
Germany,RB Leipzig,RB Leipzig
Germany,SC Freiburg,Freiburg
Germany,SC Paderborn 07,Paderborn
Germany,SSV Ulm 1846,Ulm
Germany,SV 07 Elversberg,Elversberg
Germany,SV Darmstadt 98,Darmstadt 98
Germany,SV Sandhausen,Sandhausen
Germany,SV Wehen Wiesbaden,Wehen Wiesbaden
Germany,SV Werder Bremen,Werder Bremen
Germany,SpVgg Greuther Fürth,Greuther Fürth
Germany,SpVgg Greuther Fürth 1903,Greuther Fürth
Germany,St. Pauli,St. Pauli
Germany,TSG 1899 Hoffenheim,Hoffenheim
Germany,TSV 1860 München,1860 Munich
Germany,Union Berlin,Union Berlin
Germany,VfB Stuttgart,VfB Stuttgart
Germany,VfL Bochum,Bochum
Germany,VfL Bochum 1848,Bochum
Germany,VfL Osnabrück,Osnabrück
Germany,VfL Wolfsburg,Wolfsburg
Germany,VfR Aalen,Aalen
Germany,Werder Bremen,Werder Bremen
Germany,Wolfsburg,Wolfsburg
Germany,Würzburger Kickers,Würzburger Kickers
Italy,AC Cesena,Cesena
Italy,AC Milan,AC Milan
Italy,AC Monza,Monza
Italy,AC Perugia Calcio,Perugia
Italy,AC Pisa,Pisa
Italy,AC Reggiana 1919,Reggiana
Italy,AC Siena,Siena
Italy,ACF Fiorentina,Fiorentina
Italy,AS Avellino,Avellino
Italy,AS Bari,Bari
Italy,AS Cittadella,Cittadella
Italy,AS Livorno,Livorno
Italy,AS Roma,Roma
Italy,AS Varese 1910,Varese
Italy,Ascoli Calcio,Ascoli
Italy,Ascoli Picchio FC,Ascoli
Italy,Atalanta,Atalanta
Italy,Atalanta BC,Atalanta
Italy,Benevento Calcio,Benevento
Italy,Bologna,Bologna
Italy,Bologna FC,Bologna
Italy,Bologna FC 1909,Bologna
Italy,Brescia Calcio,Brescia
Italy,Cagliari,Cagliari
Italy,Cagliari Calcio,Cagliari
Italy,Calcio Catania,Catania
Italy,Calcio Lecco 1912,Lecco
Italy,Calcio Padova,Padova
Italy,Carpi FC,Carpi
Italy,Carrarese Calcio,Carrarese
Italy,Cesena FC,Cesena
Italy,Chievo Verona,Chievo Verona
Italy,Como,Como
Italy,Como 1907,Como
Italy,Como Calcio,Como
Italy,Cosenza Calcio,Cosenza
Italy,Cremonese,Cremonese
Italy,Delfino Pescara,Pescara
Italy,Empoli FC,Empoli
Italy,FC Bari 1908,Bari
Italy,FC Crotone,Crotone
Italy,FC Internazionale Milano,Inter Milan
Italy,FC Südtirol,Südtirol
Italy,Feralpisalò,Feralpisalò
Italy,Fiorentina,Fiorentina
Italy,Foggia Calcio,Foggia
Italy,Frosinone Calcio,Frosinone
Italy,Genoa,Genoa
Italy,Genoa CFC,Genoa
Italy,Hellas Verona,Hellas Verona
Italy,Hellas Verona FC,Hellas Verona
Italy,Inter,Inter Milan
Italy,Juve Stabia,Juve Stabia
Italy,Juventus,Juventus
Italy,Juventus FC,Juventus
Italy,L.R. Vicenza,Vicenza
Italy,L.R. Vicenza Virtus,Vicenza
Italy,Latina Calcio,Latina
Italy,Lazio,Lazio
Italy,Lazio Roma,Lazio
Italy,Lecce,Lecce
Italy,Mantova 1911 SSD,Mantova
Italy,Milan,AC Milan
Italy,Modena FC,Modena
Italy,Napoli,Napoli
Italy,Novara Calcio,Novara
Italy,Palermo FC,Palermo
Italy,Parma,Parma
Italy,Parma Calcio 1913,Parma
Italy,Parma FC,Parma
Italy,Pisa,Pisa
Italy,Pisa SC,Pisa
Italy,Pordenone Calcio,Pordenone
Italy,Pro Vercelli,Pro Vercelli
Italy,Reggina 1914,Reggina
Italy,Reggina Calcio,Reggina
Italy,SPAL 2013 Ferrara,SPAL
Italy,SS Lazio,Lazio
Italy,SSC Bari,Bari
Italy,SSC Napoli,Napoli
Italy,Sampdoria,Sampdoria
Italy,Sassuolo,Sassuolo
Italy,Sassuolo Calcio,Sassuolo
Italy,Spezia Calcio,Spezia
Italy,Ternana Calcio,Ternana
Italy,Torino,Torino
Italy,Torino FC,Torino
Italy,Trapani Calcio,Trapani
Italy,UC Sampdoria,Sampdoria
Italy,US Alessandria 1912,Alessandria
Italy,US Avellino,Avellino
Italy,US Catanzaro,Catanzaro
Italy,US Cremonese,Cremonese
Italy,US Lecce,Lecce
Italy,US Palermo,Palermo
Italy,US Salernitana 1919,Salernitana
Italy,US Sassuolo Calcio,Sassuolo
Italy,Udinese,Udinese
Italy,Udinese Calcio,Udinese
Italy,Venezia FC,Venezia
Italy,Vicenza Calcio,Vicenza
Italy,Virtus Entella,Virtus Entella
Italy,Virtus Lanciano,Virtus Lanciano
Spain,AD Alcorcón,Alcorcón
Spain,AD Ceuta FC,Ceuta
Spain,Albacete,Albacete
Spain,Athletic Club,Athletic Club
Spain,Athletic Club B,Athletic Club B
Spain,Atlético Madrid,Atlético Madrid
Spain,Atlético de Madrid,Atlético Madrid
Spain,Barcelona,Barcelona
Spain,Burgos CF,Burgos
Spain,CA Osasuna,Osasuna
Spain,CD Alavés,Alavés
Spain,CD Castellón,Castellón
Spain,CD Eldense,Eldense
Spain,CD Guadalajara,Guadalajara
Spain,CD Leganés,Leganés
Spain,CD Lugo,Lugo
Spain,CD Mirandés,Mirandés
Spain,CD Numancia,Numancia
Spain,CD Tenerife,Tenerife
Spain,CE Sabadell,Sabadell
Spain,CF Fuenlabrada,Fuenlabrada
Spain,CF Reus Deportiu,Reus
Spain,Club Atlético de Madrid,Atlético Madrid
Spain,Cultural Leonesa,Cultural Leonesa
Spain,Cádiz CF,Cádiz
Spain,Córdoba CF,Córdoba
Spain,Deportivo Alavés,Alavés
Spain,Deportivo La Coruña,Deportivo La Coruña
Spain,Elche CF,Elche
Spain,Espanyol Barcelona,Espanyol
Spain,Extremadura UD,Extremadura
Spain,FC Andorra,Andorra
Spain,FC Barcelona,Barcelona
Spain,FC Barcelona B,Barcelona B
Spain,FC Cartagena,Cartagena
Spain,Getafe CF,Getafe
Spain,Gimnàstic de Tarragona,Gimnàstic Tarragona
Spain,Girona FC,Girona
Spain,Granada CF,Granada
Spain,Hércules CF,Hércules
Spain,Levante UD,Levante
Spain,Lorca FC,Lorca
Spain,Málaga CF,Málaga
Spain,RC Celta,Celta Vigo
Spain,RC Celta de Vigo,Celta Vigo
Spain,RC Deportivo La Coruña,Deportivo La Coruña
Spain,RCD Espanyol,Espanyol
Spain,RCD Espanyol de Barcelona,Espanyol
Spain,RCD Mallorca,Mallorca
Spain,Racing Ferrol,Racing Ferrol
Spain,Racing Santander,Racing Santander
Spain,Rayo Majadahonda,Rayo Majadahonda
Spain,Rayo Vallecano,Rayo Vallecano
Spain,Rayo Vallecano de Madrid,Rayo Vallecano
Spain,Real Betis,Real Betis
Spain,Real Betis Balompié,Real Betis
Spain,Real Jaén,Real Jaén
Spain,Real Madrid,Real Madrid
Spain,Real Madrid C.F.,Real Madrid
Spain,Real Madrid CF,Real Madrid
Spain,Real Madrid Castilla,Real Madrid Castilla
Spain,Real Murcia,Real Murcia
Spain,Real Oviedo,Real Oviedo
Spain,Real Racing Club de Santander,Racing Santander
Spain,Real Sociedad,Real Sociedad
Spain,Real Sociedad B,Real Sociedad B
Spain,Real Sociedad de Fútbol,Real Sociedad
Spain,Real Valladolid,Real Valladolid
Spain,Real Valladolid CF,Real Valladolid
Spain,Real Zaragoza,Real Zaragoza
Spain,Recreativo Huelva,Recreativo Huelva
Spain,SD Amorebieta,Amorebieta
Spain,SD Eibar,Eibar
Spain,SD Huesca,Huesca
Spain,SD Ponferradina,Ponferradina
Spain,Sevilla,Sevilla
Spain,Sevilla Atlético,Sevilla Atlético
Spain,Sevilla FC,Sevilla
Spain,Sporting Gijón,Sporting Gijón
Spain,UCAM Murcia CF,UCAM Murcia
Spain,UD Almería,Almería
Spain,UD Ibiza,Ibiza
Spain,UD Las Palmas,Las Palmas
Spain,UD Logroñés,Logroñés
Spain,UE Llagostera,Llagostera
Spain,Valencia CF,Valencia
Spain,Villarreal,Villarreal
Spain,Villarreal CF,Villarreal
Spain,Villarreal CF B,Villarreal B
Spain,Xerez CD,Xerez
