issue,date,black_id,black_name,white_id,white_name,winner_id,reported_by_black,reported_by_white,details
Profile observation counts differ,2026-01-06,1090,Park Junghwan,2581,Pyo Hyeonwoo,1090,1,0,Black profile rows: 1; White profile rows: 0
Profile observation counts differ,2026-01-08,14898301,Lucas Neirynck,1711,Thomas Debarre,14898301,0,1,Black profile rows: 0; White profile rows: 1
Profile observation counts differ,2026-01-08,1663,Mateusz Surma,14898301,Lucas Neirynck,1663,1,0,Black profile rows: 1; White profile rows: 0
Profile observation counts differ,2026-01-08,1876,Andrii Kravets,14898301,Lucas Neirynck,1876,1,0,Black profile rows: 1; White profile rows: 0
Profile observation counts differ,2026-01-08,2450,Benjamin Dréan-Guénaïzia,14898301,Lucas Neirynck,2450,1,0,Black profile rows: 1; White profile rows: 0
Profile observation counts differ,2026-01-23,186,Han Chongjin,10000133,Lee Jihyeon (f),186,1,0,Black profile rows: 1; White profile rows: 0
Profile observation counts differ,2026-01-24,14898301,Lucas Neirynck,2450,Benjamin Dréan-Guénaïzia,14898301,0,1,Black profile rows: 0; White profile rows: 1
Profile observation counts differ,2026-01-24,1711,Thomas Debarre,14898301,Lucas Neirynck,1711,1,0,Black profile rows: 1; White profile rows: 0
Profile observation counts differ,2026-01-24,17937964,Kim Dohyup,1711,Thomas Debarre,17937964,0,1,Black profile rows: 0; White profile rows: 1
Profile observation counts differ,2026-02-19,10001368,Yang Gyebong,2393,Lee Nakyeong,10001368,0,1,Black profile rows: 0; White profile rows: 1
Profile observation counts differ,2026-02-20,10000938,Lee Seungjoon,1257,Kang Seungmin,1257,0,1,Black profile rows: 0; White profile rows: 1
Profile observation counts differ,2026-02-21,10001232,이서영(大),18,Lee Changho,18,0,1,Black profile rows: 0; White profile rows: 1
Profile observation counts differ,2026-02-28,1711,Thomas Debarre,17937964,Kim Dohyup,17937964,1,0,Black profile rows: 1; White profile rows: 0
Profile observation counts differ,2026-03-05,14962706,Tanguy Le Calvé,1218,Li Ting,14962706,0,1,Black profile rows: 0; White profile rows: 1
Profile observation counts differ,2026-03-05,14962706,Tanguy Le Calvé,2002,StanisÅaw Frejlak,14962706,0,1,Black profile rows: 0; White profile rows: 1
Profile observation counts differ,2026-03-05,14962706,Tanguy Le Calvé,2488,Jan Simara,14962706,0,1,Black profile rows: 0; White profile rows: 1
Profile observation counts differ,2026-03-05,1543,Ali Jabarin,14962706,Tanguy Le Calvé,1543,1,0,Black profile rows: 1; White profile rows: 0
Profile observation counts differ,2026-03-05,1663,Mateusz Surma,14962706,Tanguy Le Calvé,1663,1,0,Black profile rows: 1; White profile rows: 0
Profile observation counts differ,2026-03-05,1876,Andrii Kravets,14962706,Tanguy Le Calvé,1876,1,0,Black profile rows: 1; White profile rows: 0
Profile observation counts differ,2026-03-05,2450,Benjamin Dréan-Guénaïzia,14962706,Tanguy Le Calvé,2450,1,0,Black profile rows: 1; White profile rows: 0
Profile observation counts differ,2026-03-06,10001368,Yang Gyebong,2492,Cho Sangyeon (s),2492,0,1,Black profile rows: 0; White profile rows: 1
Profile observation counts differ,2026-03-06,2137,Nakamura Sumire,10001330,박태준,2137,1,0,Black profile rows: 1; White profile rows: 0
Profile observation counts differ,2026-03-06,2137,Nakamura Sumire,10001352,김단유,2137,1,0,Black profile rows: 1; White profile rows: 0
Profile observation counts differ,2026-03-07,10001341,Kim Sangyeong,2137,Nakamura Sumire,2137,0,1,Black profile rows: 0; White profile rows: 1
Profile observation counts differ,2026-03-07,2446,Jeong Junwoo,10001281,Yoon Seowon,2446,1,0,Black profile rows: 1; White profile rows: 0
Profile observation counts differ,2026-03-17,1832,Zeng Yuanhai,2574,Ma Nate,1832,1,0,Black profile rows: 1; White profile rows: 0
Profile observation counts differ,2026-03-25,2038,Li Haotong,001377,邱启航,2038,1,0,Black profile rows: 1; White profile rows: 0
Profile observation counts differ,2026-04-02,000546,Kunimatsu So,870,Takei Takashi,000546,0,1,Black profile rows: 0; White profile rows: 1
Profile observation counts differ,2026-04-03,10001372,Jeong Wonchan,2602,Kim Juhyeong,10001372,0,1,Black profile rows: 0; White profile rows: 1
Profile observation counts differ,2026-04-06,2299,Omote Yuto,000531,Seki Ryosuke,2299,1,0,Black profile rows: 1; White profile rows: 0
Profile observation counts differ,2026-04-08,1282,Li Qincheng,2403,Zheng Yuhao,1282,1,0,Black profile rows: 1; White profile rows: 0
Profile observation counts differ,2026-04-10,10001185,Lim Kyeongchan,1194,Fan Tingyu,1194,0,1,Black profile rows: 0; White profile rows: 1
Profile observation counts differ,2026-04-17,10001372,Jeong Wonchan,2491,Kang Jaewoo,2491,0,1,Black profile rows: 0; White profile rows: 1
Profile observation counts differ,2026-04-20,10001232,이서영(大),1315,Oh Yujin,1315,0,1,Black profile rows: 0; White profile rows: 1
Profile observation counts differ,2026-04-20,2372,Hsiao Yu-Yang,000546,Kunimatsu So,2372,1,0,Black profile rows: 1; White profile rows: 0
Profile observation counts differ,2026-04-20,2373,Kumaki Teruya,000546,Kunimatsu So,000546,1,0,Black profile rows: 1; White profile rows: 0
Profile observation counts differ,2026-04-23,36,Lin Hai Fong,2599,Kikuchi Yoshio,2599,1,0,Black profile rows: 1; White profile rows: 0
Profile observation counts differ,2026-04-26,2586,Lyu Zhengyi,2600,Zhang Wenzheng,2600,1,0,Black profile rows: 1; White profile rows: 0
Profile observation counts differ,2026-04-26,2603,Zou Ziyang,2604,Xiong Mingrui,2603,1,0,Black profile rows: 1; White profile rows: 0
Profile observation counts differ,2026-04-30,1530,Otani Naoki,000546,Kunimatsu So,1530,1,0,Black profile rows: 1; White profile rows: 0
Profile observation counts differ,2026-05-01,1524,Lukas Podpera,14898301,Lucas Neirynck,1524,1,0,Black profile rows: 1; White profile rows: 0
Profile observation counts differ,2026-05-01,1524,Lukas Podpera,17937964,Kim Dohyup,17937964,1,0,Black profile rows: 1; White profile rows: 0
Profile observation counts differ,2026-05-01,1543,Ali Jabarin,17937964,Kim Dohyup,17937964,1,0,Black profile rows: 1; White profile rows: 0
Profile observation counts differ,2026-05-08,10001328,Kang Kyeonghyeon,2378,Im Sanggyu,2378,0,1,Black profile rows: 0; White profile rows: 1
Profile observation counts differ,2026-05-15,17937964,Kim Dohyup,1524,Lukas Podpera,17937964,0,1,Black profile rows: 0; White profile rows: 1
Profile observation counts differ,2026-05-15,17937964,Kim Dohyup,1543,Ali Jabarin,17937964,0,1,Black profile rows: 0; White profile rows: 1
Profile observation counts differ,2026-05-15,2588,Kim Sawoo,10001328,Kang Kyeonghyeon,2588,1,0,Black profile rows: 1; White profile rows: 0
Profile observation counts differ,2026-05-18,2586,Lyu Zhengyi,2604,Xiong Mingrui,2586,1,0,Black profile rows: 1; White profile rows: 0
Profile observation counts differ,2026-05-21,000546,Kunimatsu So,2374,Konishi Yoshiakira,000546,0,1,Black profile rows: 0; White profile rows: 1
Profile observation counts differ,2026-05-22,2515,Lee Seungmin,10001328,Kang Kyeonghyeon,2515,1,0,Black profile rows: 1; White profile rows: 0
Profile observation counts differ,2026-05-26,000550,Kohhara Nono,2487,Takeshita Nana,2487,0,1,Black profile rows: 0; White profile rows: 1
Profile observation counts differ,2026-05-26,000550,Kohhara Nono,2519,Takayama Nonoka,000550,0,1,Black profile rows: 0; White profile rows: 1
Profile observation counts differ,2026-05-26,000551,Katayama Toko,2561,Obata Minori,2561,0,1,Black profile rows: 0; White profile rows: 1
Profile observation counts differ,2026-05-26,10001259,노우진,2605,Lee Yoon,2605,0,1,Black profile rows: 0; White profile rows: 1
Profile observation counts differ,2026-05-26,2419,Yanagihara Saki,000551,Katayama Toko,2419,1,0,Black profile rows: 1; White profile rows: 0
Profile observation counts differ,2026-05-26,2554,Saga Shuntaro,000546,Kunimatsu So,000546,1,0,Black profile rows: 1; White profile rows: 0
Profile observation counts differ,2026-05-26,2589,Mizokami Daisuke,000546,Kunimatsu So,000546,1,0,Black profile rows: 1; White profile rows: 0
Profile observation counts differ,2026-05-27,000546,Kunimatsu So,2487,Takeshita Nana,000546,0,1,Black profile rows: 0; White profile rows: 1
Profile observation counts differ,2026-05-27,2361,Shinoda Yuya,000551,Katayama Toko,2361,1,0,Black profile rows: 1; White profile rows: 0
Profile observation counts differ,2026-05-27,2430,Arai Kanta,000550,Kohhara Nono,2430,1,0,Black profile rows: 1; White profile rows: 0
Profile observation counts differ,2026-05-27,2562,Sekiyama Honoka,000551,Katayama Toko,2562,1,0,Black profile rows: 1; White profile rows: 0
Profile observation counts differ,2026-05-27,2589,Mizokami Daisuke,000550,Kohhara Nono,2589,1,0,Black profile rows: 1; White profile rows: 0
Profile observation counts differ,2026-05-28,10001281,Yoon Seowon,2568,Lim Jiho,10001281,0,1,Black profile rows: 0; White profile rows: 1
Profile observation counts differ,2026-05-28,10001360,윤서율,2446,Jeong Junwoo,2446,0,1,Black profile rows: 0; White profile rows: 1
Profile observation counts differ,2026-05-28,2610,Yoo Hajoon,2581,Pyo Hyeonwoo,2610,1,0,Black profile rows: 1; White profile rows: 0
Profile observation counts differ,2026-05-29,2476,Ki Minchan,10001364,전종찬,2476,1,0,Black profile rows: 1; White profile rows: 0
Profile observation counts differ,2026-05-30,12874356,Motoki Noguchi,1543,Ali Jabarin,1543,0,1,Black profile rows: 0; White profile rows: 1
Profile observation counts differ,2026-05-30,2450,Benjamin Dréan-Guénaïzia,12874356,Motoki Noguchi,2450,1,0,Black profile rows: 1; White profile rows: 0
Profile observation counts differ,2026-06-01,10001259,노우진,2513,Kim Hayoon,2513,0,1,Black profile rows: 0; White profile rows: 1
Profile observation counts differ,2026-06-01,10001281,Yoon Seowon,2607,Kim Wondae,2607,0,1,Black profile rows: 0; White profile rows: 1
Profile observation counts differ,2026-06-01,10001281,Yoon Seowon,30,Yoo Changhyuk,10001281,0,1,Black profile rows: 0; White profile rows: 1
Profile observation counts differ,2026-06-01,10001367,악지우,2493,Lee Minseok,2493,0,1,Black profile rows: 0; White profile rows: 1
Profile observation counts differ,2026-06-01,1162,Han Wonggyu,10001341,Kim Sangyeong,1162,1,0,Black profile rows: 1; White profile rows: 0
Profile observation counts differ,2026-06-02,100,Cho Hyeyeon,10001281,Yoon Seowon,10001281,1,0,Black profile rows: 1; White profile rows: 0
Profile observation counts differ,2026-06-02,10001185,Lim Kyeongchan,2607,Kim Wondae,10001185,0,1,Black profile rows: 0; White profile rows: 1
Profile observation counts differ,2026-06-02,2193,Cho Wankyu,10001259,노우진,2193,1,0,Black profile rows: 1; White profile rows: 0
Profile observation counts differ,2026-06-02,2601,Xu Yuhao,2497,Wang Junliang,2601,1,0,Black profile rows: 1; White profile rows: 0
Profile observation counts differ,2026-06-03,2588,Kim Sawoo,10001372,Jeong Wonchan,10001372,1,0,Black profile rows: 1; White profile rows: 0
Profile observation counts differ,2026-06-04,10001328,Kang Kyeonghyeon,2377,Won Jehun,2377,0,1,Black profile rows: 0; White profile rows: 1
Profile observation counts differ,2026-06-08,10001281,Yoon Seowon,337,Lee Yongchan,10001281,0,1,Black profile rows: 0; White profile rows: 1
Profile observation counts differ,2026-06-09,1896,Kim Kyeongeun,10001281,Yoon Seowon,10001281,1,0,Black profile rows: 1; White profile rows: 0
Profile observation counts differ,2026-06-12,2532,Ma Jiate,2604,Xiong Mingrui,2532,1,0,Black profile rows: 1; White profile rows: 0
Profile observation counts differ,2026-06-14,1534,Chen Qirui,2613,Wang Xiaolong,1534,1,0,Black profile rows: 1; White profile rows: 0
Profile observation counts differ,2026-06-15,10001281,Yoon Seowon,144,An Joyeong,144,0,1,Black profile rows: 0; White profile rows: 1
Profile observation counts differ,2026-06-19,2503,Han Jooyoung,10001281,Yoon Seowon,10001281,1,0,Black profile rows: 1; White profile rows: 0
Profile observation counts differ,2026-06-22,10001185,Lim Kyeongchan,2308,Heo Youngrak,2308,0,1,Black profile rows: 0; White profile rows: 1
Profile observation counts differ,2026-06-22,10001281,Yoon Seowon,121,Mok Jinseok,121,0,1,Black profile rows: 0; White profile rows: 1
Profile observation counts differ,2026-06-22,1735,Park Hyunsoo,10001259,노우진,1735,1,0,Black profile rows: 1; White profile rows: 0
Profile observation counts differ,2026-06-22,2592,Lee Jooyoung,10001341,Kim Sangyeong,10001341,1,0,Black profile rows: 1; White profile rows: 0
Profile observation counts differ,2026-06-23,2560,Lee Seungseok,10001367,악지우,2560,1,0,Black profile rows: 1; White profile rows: 0
Profile observation counts differ,2026-06-24,10001281,Yoon Seowon,2476,Ki Minchan,2476,0,1,Black profile rows: 0; White profile rows: 1
Profile observation counts differ,2026-06-26,2265,Wu Yanchen,2414,Kim Seunggu,2414,0,1,Black profile rows: 0; White profile rows: 1
Profile observation counts differ,2026-06-29,10001259,노우진,267,Yun Junsang,267,0,1,Black profile rows: 0; White profile rows: 1
Profile observation counts differ,2026-06-29,2515,Lee Seungmin,10001185,Lim Kyeongchan,10001185,1,0,Black profile rows: 1; White profile rows: 0
Profile observation counts differ,2026-06-30,2415,Choi Seungcheol,10001367,악지우,2415,1,0,Black profile rows: 1; White profile rows: 0
Profile observation counts differ,2026-06-30,2509,Kim Dabin,10001259,노우진,2509,1,0,Black profile rows: 1; White profile rows: 0
Profile observation counts differ,2026-06-30,2515,Lee Seungmin,10001281,Yoon Seowon,10001281,1,0,Black profile rows: 1; White profile rows: 0
Profile observation counts differ,2026-06-30,2615,Xie Qisen,1082,Lian Xiao,1082,0,1,Black profile rows: 0; White profile rows: 1
Profile observation counts differ,2026-07-06,2415,Choi Seungcheol,10001281,Yoon Seowon,10001281,1,0,Black profile rows: 1; White profile rows: 0
Profile observation counts differ,2026-07-09,000546,Kunimatsu So,93,Hane Naoki,93,0,1,Black profile rows: 0; White profile rows: 1
Profile observation counts differ,2026-07-10,10001372,Jeong Wonchan,2515,Lee Seungmin,2515,0,1,Black profile rows: 0; White profile rows: 1
Profile observation counts differ,2026-07-13,2455,Kim Junghyun (s),10001375,심효준,2455,1,0,Black profile rows: 1; White profile rows: 0
Profile observation counts differ,2026-07-14,2576,Yoshida Toma,000546,Kunimatsu So,2576,1,0,Black profile rows: 1; White profile rows: 0
Profile observation counts differ,2026-07-14,2576,Yoshida Toma,000550,Kohhara Nono,2576,1,0,Black profile rows: 1; White profile rows: 0
Profile observation counts differ,2026-07-15,000550,Kohhara Nono,2461,Otani Kensuke,2461,0,1,Black profile rows: 0; White profile rows: 1
Profile observation counts differ,2026-07-15,000551,Katayama Toko,2364,Cho Koharu,2364,0,1,Black profile rows: 0; White profile rows: 1
Profile observation counts differ,2026-07-15,000551,Katayama Toko,2430,Arai Kanta,2430,0,1,Black profile rows: 0; White profile rows: 1
Profile observation counts differ,2026-07-15,2519,Takayama Nonoka,000546,Kunimatsu So,000546,1,0,Black profile rows: 1; White profile rows: 0
Profile observation counts differ,2026-07-20,10001185,Lim Kyeongchan,2609,Lee Seoyoung (b),10001185,0,1,Black profile rows: 0; White profile rows: 1
Profile observation counts differ,2026-07-20,10001281,Yoon Seowon,2414,Kim Seunggu,10001281,0,1,Black profile rows: 0; White profile rows: 1
Profile observation counts differ,2026-07-20,10001367,악지우,267,Yun Junsang,267,0,1,Black profile rows: 0; White profile rows: 1
Profile observation counts differ,2026-07-20,1631,Park Jinyoung,10001259,노우진,1631,1,0,Black profile rows: 1; White profile rows: 0
Profile observation counts differ,2026-07-20,2414,Kim Seunggu,10001367,악지우,2414,1,0,Black profile rows: 1; White profile rows: 0
Profile observation counts differ,2026-07-20,2455,Kim Junghyun (s),10001259,노우진,2455,1,0,Black profile rows: 1; White profile rows: 0
Profile observation counts differ,2026-07-20,2513,Kim Hayoon,10001341,Kim Sangyeong,2513,1,0,Black profile rows: 1; White profile rows: 0
Profile observation counts differ,2026-07-20,2515,Lee Seungmin,10001341,Kim Sangyeong,2515,1,0,Black profile rows: 1; White profile rows: 0
Profile observation counts differ,2026-07-23,779,Nakamura Shinya,000546,Kunimatsu So,000546,1,0,Black profile rows: 1; White profile rows: 0
Profile observation counts differ,2026-07-24,2490,Yang Jongchan,10001328,Kang Kyeonghyeon,2490,1,0,Black profile rows: 1; White profile rows: 0
Profile observation counts differ,2026-07-27,2378,Im Sanggyu,10001372,Jeong Wonchan,2378,1,0,Black profile rows: 1; White profile rows: 0
Profile observation counts differ,2026-07-27,2448,Choi Hwanyoung,10001259,노우진,2448,1,0,Black profile rows: 1; White profile rows: 0
Profile observation counts differ,2026-07-27,2454,Kim Kieon,10001281,Yoon Seowon,10001281,1,0,Black profile rows: 1; White profile rows: 0
Profile observation counts differ,2026-07-31,10001376,지유환,2491,Kang Jaewoo,2491,0,1,Black profile rows: 0; White profile rows: 1
