"Country","Season","StartYear","PageTitle","URL","DownloadStatus","ExpectedMatches","DatedFootballBoxes","DatedTableRows","UndatedScoreRows","BestDatedCount","CoveragePct","Assessment"
"England","1888-89",1888,"1888–89 Football League","https://en.wikipedia.org/wiki/1888%E2%80%9389_Football_League","cached",132,0,3,12,3,2.3,"SOME_DATED_MATCHES"
"England","1889-90",1889,"1889–90 Football League","https://en.wikipedia.org/wiki/1889%E2%80%9390_Football_League","cached",132,0,3,12,3,2.3,"SOME_DATED_MATCHES"
"England","1890-91",1890,"1890–91 Football League","https://en.wikipedia.org/wiki/1890%E2%80%9391_Football_League","cached",132,0,3,12,3,2.3,"SOME_DATED_MATCHES"
"England","1891-92",1891,"1891–92 Football League","https://en.wikipedia.org/wiki/1891%E2%80%9392_Football_League","cached",182,0,3,14,3,1.6,"SOME_DATED_MATCHES"
"England","1892-93",1892,"1892–93 Football League","https://en.wikipedia.org/wiki/1892%E2%80%9393_Football_League","cached",240,0,8,28,8,3.3,"SOME_DATED_MATCHES"
"England","1893-94",1893,"1893–94 Football League","https://en.wikipedia.org/wiki/1893%E2%80%9394_Football_League","cached",240,0,8,31,8,3.3,"SOME_DATED_MATCHES"
"England","1894-95",1894,"1894–95 Football League","https://en.wikipedia.org/wiki/1894%E2%80%9395_Football_League","cached",240,0,8,32,8,3.3,"SOME_DATED_MATCHES"
"England","1895-96",1895,"1895–96 Football League","https://en.wikipedia.org/wiki/1895%E2%80%9396_Football_League","cached",240,0,12,32,12,5,"SOME_DATED_MATCHES"
"England","1896-97",1896,"1896–97 Football League","https://en.wikipedia.org/wiki/1896%E2%80%9397_Football_League","cached",240,0,12,32,12,5,"SOME_DATED_MATCHES"
"England","1897-98",1897,"1897–98 Football League","https://en.wikipedia.org/wiki/1897%E2%80%9398_Football_League","cached",240,0,12,32,12,5,"SOME_DATED_MATCHES"
"England","1898-99",1898,"1898–99 Football League","https://en.wikipedia.org/wiki/1898%E2%80%9399_Football_League","cached",306,0,8,36,8,2.6,"SOME_DATED_MATCHES"
"England","1899-00",1899,"1899–00 Football League","https://en.wikipedia.org/wiki/1899%E2%80%9300_Football_League","download_failed",,,,,,,"PAGE_MISSING_OR_FAILED"
"England","1900-01",1900,"1900–01 Football League","https://en.wikipedia.org/wiki/1900%E2%80%9301_Football_League","cached",306,0,8,36,8,2.6,"SOME_DATED_MATCHES"
"England","1901-02",1901,"1901–02 Football League","https://en.wikipedia.org/wiki/1901%E2%80%9302_Football_League","cached",306,0,8,36,8,2.6,"SOME_DATED_MATCHES"
"England","1902-03",1902,"1902–03 Football League","https://en.wikipedia.org/wiki/1902%E2%80%9303_Football_League","cached",306,0,8,36,8,2.6,"SOME_DATED_MATCHES"
"England","1903-04",1903,"1903–04 Football League","https://en.wikipedia.org/wiki/1903%E2%80%9304_Football_League","cached",306,0,8,36,8,2.6,"SOME_DATED_MATCHES"
"England","1904-05",1904,"1904–05 Football League","https://en.wikipedia.org/wiki/1904%E2%80%9305_Football_League","cached",306,0,8,36,8,2.6,"SOME_DATED_MATCHES"
"England","1905-06",1905,"1905–06 Football League","https://en.wikipedia.org/wiki/1905%E2%80%9306_Football_League","cached",380,0,8,40,8,2.1,"SOME_DATED_MATCHES"
"England","1906-07",1906,"1906–07 Football League","https://en.wikipedia.org/wiki/1906%E2%80%9307_Football_League","cached",380,0,8,40,8,2.1,"SOME_DATED_MATCHES"
"England","1907-08",1907,"1907–08 Football League","https://en.wikipedia.org/wiki/1907%E2%80%9308_Football_League","cached",380,0,3,40,3,0.8,"SOME_DATED_MATCHES"
"England","1908-09",1908,"1908–09 Football League","https://en.wikipedia.org/wiki/1908%E2%80%9309_Football_League","cached",380,0,6,40,6,1.6,"SOME_DATED_MATCHES"
"England","1909-10",1909,"1909–10 Football League","https://en.wikipedia.org/wiki/1909%E2%80%9310_Football_League","cached",380,0,6,40,6,1.6,"SOME_DATED_MATCHES"
"England","1910-11",1910,"1910–11 Football League","https://en.wikipedia.org/wiki/1910%E2%80%9311_Football_League","cached",380,0,6,40,6,1.6,"SOME_DATED_MATCHES"
"England","1911-12",1911,"1911–12 Football League","https://en.wikipedia.org/wiki/1911%E2%80%9312_Football_League","cached",380,0,6,40,6,1.6,"SOME_DATED_MATCHES"
"England","1912-13",1912,"1912–13 Football League","https://en.wikipedia.org/wiki/1912%E2%80%9313_Football_League","cached",380,0,6,20,6,1.6,"SOME_DATED_MATCHES"
"England","1913-14",1913,"1913–14 Football League","https://en.wikipedia.org/wiki/1913%E2%80%9314_Football_League","cached",380,0,6,40,6,1.6,"SOME_DATED_MATCHES"
"England","1914-15",1914,"1914–15 Football League","https://en.wikipedia.org/wiki/1914%E2%80%9315_Football_League","cached",380,0,6,40,6,1.6,"SOME_DATED_MATCHES"
"England","1919-20",1919,"1919–20 Football League","https://en.wikipedia.org/wiki/1919%E2%80%9320_Football_League","cached",462,0,6,45,6,1.3,"SOME_DATED_MATCHES"
"England","1920-21",1920,"1920–21 Football League","https://en.wikipedia.org/wiki/1920%E2%80%9321_Football_League","cached",462,0,6,66,6,1.3,"SOME_DATED_MATCHES"
"England","1921-22",1921,"1921–22 Football League","https://en.wikipedia.org/wiki/1921%E2%80%9322_Football_League","cached",462,0,0,86,0,0,"RESULTS_PRESENT_BUT_NO_MATCH_DATES_FOUND"
"England","1922-23",1922,"1922–23 Football League","https://en.wikipedia.org/wiki/1922%E2%80%9323_Football_League","cached",462,0,6,86,6,1.3,"SOME_DATED_MATCHES"
"England","1923-24",1923,"1923–24 Football League","https://en.wikipedia.org/wiki/1923%E2%80%9324_Football_League","cached",462,0,6,88,6,1.3,"SOME_DATED_MATCHES"
"England","1924-25",1924,"1924–25 Football League","https://en.wikipedia.org/wiki/1924%E2%80%9325_Football_League","cached",462,0,6,88,6,1.3,"SOME_DATED_MATCHES"
"England","1925-26",1925,"1925–26 Football League","https://en.wikipedia.org/wiki/1925%E2%80%9326_Football_League","cached",462,0,6,88,6,1.3,"SOME_DATED_MATCHES"
"England","1926-27",1926,"1926–27 Football League","https://en.wikipedia.org/wiki/1926%E2%80%9327_Football_League","cached",462,0,6,88,6,1.3,"SOME_DATED_MATCHES"
"England","1927-28",1927,"1927–28 Football League","https://en.wikipedia.org/wiki/1927%E2%80%9328_Football_League","cached",462,0,6,88,6,1.3,"SOME_DATED_MATCHES"
"England","1928-29",1928,"1928–29 Football League","https://en.wikipedia.org/wiki/1928%E2%80%9329_Football_League","cached",462,0,6,88,6,1.3,"SOME_DATED_MATCHES"
"England","1929-30",1929,"1929–30 Football League","https://en.wikipedia.org/wiki/1929%E2%80%9330_Football_League","cached",462,0,6,88,6,1.3,"SOME_DATED_MATCHES"
"England","1930-31",1930,"1930–31 Football League","https://en.wikipedia.org/wiki/1930%E2%80%9331_Football_League","cached",462,0,6,88,6,1.3,"SOME_DATED_MATCHES"
"England","1931-32",1931,"1931–32 Football League","https://en.wikipedia.org/wiki/1931%E2%80%9332_Football_League","cached",462,0,6,89,6,1.3,"SOME_DATED_MATCHES"
"England","1932-33",1932,"1932–33 Football League","https://en.wikipedia.org/wiki/1932%E2%80%9333_Football_League","cached",462,0,6,88,6,1.3,"SOME_DATED_MATCHES"
"England","1933-34",1933,"1933–34 Football League","https://en.wikipedia.org/wiki/1933%E2%80%9334_Football_League","cached",462,0,6,88,6,1.3,"SOME_DATED_MATCHES"
"England","1934-35",1934,"1934–35 Football League","https://en.wikipedia.org/wiki/1934%E2%80%9335_Football_League","cached",462,0,6,88,6,1.3,"SOME_DATED_MATCHES"
"England","1935-36",1935,"1935–36 Football League","https://en.wikipedia.org/wiki/1935%E2%80%9336_Football_League","cached",462,0,6,88,6,1.3,"SOME_DATED_MATCHES"
"England","1936-37",1936,"1936–37 Football League","https://en.wikipedia.org/wiki/1936%E2%80%9337_Football_League","cached",462,0,6,88,6,1.3,"SOME_DATED_MATCHES"
"England","1937-38",1937,"1937–38 Football League","https://en.wikipedia.org/wiki/1937%E2%80%9338_Football_League","cached",462,0,6,88,6,1.3,"SOME_DATED_MATCHES"
"England","1938-39",1938,"1938–39 Football League","https://en.wikipedia.org/wiki/1938%E2%80%9339_Football_League","cached",462,0,6,88,6,1.3,"SOME_DATED_MATCHES"
"England","1946-47",1946,"1946–47 Football League","https://en.wikipedia.org/wiki/1946%E2%80%9347_Football_League","cached",462,0,0,88,0,0,"RESULTS_PRESENT_BUT_NO_MATCH_DATES_FOUND"
"England","1947-48",1947,"1947–48 Football League","https://en.wikipedia.org/wiki/1947%E2%80%9348_Football_League","cached",462,0,0,88,0,0,"RESULTS_PRESENT_BUT_NO_MATCH_DATES_FOUND"
"England","1948-49",1948,"1948–49 Football League","https://en.wikipedia.org/wiki/1948%E2%80%9349_Football_League","cached",462,0,0,88,0,0,"RESULTS_PRESENT_BUT_NO_MATCH_DATES_FOUND"
"England","1949-50",1949,"1949–50 Football League","https://en.wikipedia.org/wiki/1949%E2%80%9350_Football_League","cached",462,0,0,88,0,0,"RESULTS_PRESENT_BUT_NO_MATCH_DATES_FOUND"
"England","1950-51",1950,"1950–51 Football League","https://en.wikipedia.org/wiki/1950%E2%80%9351_Football_League","cached",462,0,0,92,0,0,"RESULTS_PRESENT_BUT_NO_MATCH_DATES_FOUND"
"England","1951-52",1951,"1951–52 Football League","https://en.wikipedia.org/wiki/1951%E2%80%9352_Football_League","cached",462,0,3,92,3,0.6,"SOME_DATED_MATCHES"
"England","1952-53",1952,"1952–53 Football League","https://en.wikipedia.org/wiki/1952%E2%80%9353_Football_League","cached",462,0,3,92,3,0.6,"SOME_DATED_MATCHES"
"England","1953-54",1953,"1953–54 Football League","https://en.wikipedia.org/wiki/1953%E2%80%9354_Football_League","cached",462,0,3,93,3,0.6,"SOME_DATED_MATCHES"
"England","1954-55",1954,"1954–55 Football League","https://en.wikipedia.org/wiki/1954%E2%80%9355_Football_League","cached",462,0,3,92,3,0.6,"SOME_DATED_MATCHES"
"England","1955-56",1955,"1955–56 Football League","https://en.wikipedia.org/wiki/1955%E2%80%9356_Football_League","cached",462,0,3,92,3,0.6,"SOME_DATED_MATCHES"
"England","1956-57",1956,"1956–57 Football League","https://en.wikipedia.org/wiki/1956%E2%80%9357_Football_League","cached",462,0,3,92,3,0.6,"SOME_DATED_MATCHES"
"England","1957-58",1957,"1957–58 Football League","https://en.wikipedia.org/wiki/1957%E2%80%9358_Football_League","cached",462,0,3,92,3,0.6,"SOME_DATED_MATCHES"
"England","1958-59",1958,"1958–59 Football League","https://en.wikipedia.org/wiki/1958%E2%80%9359_Football_League","cached",462,0,3,92,3,0.6,"SOME_DATED_MATCHES"
"England","1959-60",1959,"1959–60 Football League","https://en.wikipedia.org/wiki/1959%E2%80%9360_Football_League","cached",462,0,3,92,3,0.6,"SOME_DATED_MATCHES"
"England","1960-61",1960,"1960–61 Football League","https://en.wikipedia.org/wiki/1960%E2%80%9361_Football_League","cached",462,0,0,92,0,0,"RESULTS_PRESENT_BUT_NO_MATCH_DATES_FOUND"
"England","1961-62",1961,"1961–62 Football League","https://en.wikipedia.org/wiki/1961%E2%80%9362_Football_League","cached",462,0,0,93,0,0,"RESULTS_PRESENT_BUT_NO_MATCH_DATES_FOUND"
"England","1962-63",1962,"1962–63 Football League","https://en.wikipedia.org/wiki/1962%E2%80%9363_Football_League","cached",462,0,3,92,3,0.6,"SOME_DATED_MATCHES"
"England","1963-64",1963,"1963–64 Football League","https://en.wikipedia.org/wiki/1963%E2%80%9364_Football_League","cached",462,0,6,98,6,1.3,"SOME_DATED_MATCHES"
"England","1964-65",1964,"1964–65 Football League","https://en.wikipedia.org/wiki/1964%E2%80%9365_Football_League","cached",462,0,0,92,0,0,"RESULTS_PRESENT_BUT_NO_MATCH_DATES_FOUND"
"England","1965-66",1965,"1965–66 Football League","https://en.wikipedia.org/wiki/1965%E2%80%9366_Football_League","cached",462,0,0,92,0,0,"RESULTS_PRESENT_BUT_NO_MATCH_DATES_FOUND"
"England","1966-67",1966,"1966–67 Football League","https://en.wikipedia.org/wiki/1966%E2%80%9367_Football_League","cached",462,0,0,92,0,0,"RESULTS_PRESENT_BUT_NO_MATCH_DATES_FOUND"
"England","1967-68",1967,"1967–68 Football League","https://en.wikipedia.org/wiki/1967%E2%80%9368_Football_League","cached",462,0,0,92,0,0,"RESULTS_PRESENT_BUT_NO_MATCH_DATES_FOUND"
"England","1968-69",1968,"1968–69 Football League","https://en.wikipedia.org/wiki/1968%E2%80%9369_Football_League","cached",462,0,0,96,0,0,"RESULTS_PRESENT_BUT_NO_MATCH_DATES_FOUND"
"England","1969-70",1969,"1969–70 Football League","https://en.wikipedia.org/wiki/1969%E2%80%9370_Football_League","cached",462,0,0,96,0,0,"RESULTS_PRESENT_BUT_NO_MATCH_DATES_FOUND"
"England","1970-71",1970,"1970–71 Football League","https://en.wikipedia.org/wiki/1970%E2%80%9371_Football_League","cached",462,0,9,97,9,1.9,"SOME_DATED_MATCHES"
"England","1971-72",1971,"1971–72 Football League","https://en.wikipedia.org/wiki/1971%E2%80%9372_Football_League","cached",462,0,6,96,6,1.3,"SOME_DATED_MATCHES"
"England","1972-73",1972,"1972–73 Football League","https://en.wikipedia.org/wiki/1972%E2%80%9373_Football_League","cached",462,0,6,96,6,1.3,"SOME_DATED_MATCHES"
"England","1973-74",1973,"1973–74 Football League","https://en.wikipedia.org/wiki/1973%E2%80%9374_Football_League","cached",462,0,6,96,6,1.3,"SOME_DATED_MATCHES"
"England","1974-75",1974,"1974–75 Football League","https://en.wikipedia.org/wiki/1974%E2%80%9375_Football_League","cached",462,0,6,96,6,1.3,"SOME_DATED_MATCHES"
"England","1975-76",1975,"1975–76 Football League","https://en.wikipedia.org/wiki/1975%E2%80%9376_Football_League","cached",462,0,6,96,6,1.3,"SOME_DATED_MATCHES"
"England","1976-77",1976,"1976–77 Football League","https://en.wikipedia.org/wiki/1976%E2%80%9377_Football_League","cached",462,0,6,96,6,1.3,"SOME_DATED_MATCHES"
"England","1977-78",1977,"1977–78 Football League","https://en.wikipedia.org/wiki/1977%E2%80%9378_Football_League","cached",462,0,6,96,6,1.3,"SOME_DATED_MATCHES"
"England","1978-79",1978,"1978–79 Football League","https://en.wikipedia.org/wiki/1978%E2%80%9379_Football_League","cached",462,0,6,97,6,1.3,"SOME_DATED_MATCHES"
"England","1979-80",1979,"1979–80 Football League","https://en.wikipedia.org/wiki/1979%E2%80%9380_Football_League","cached",462,0,6,96,6,1.3,"SOME_DATED_MATCHES"
"England","1980-81",1980,"1980–81 Football League","https://en.wikipedia.org/wiki/1980%E2%80%9381_Football_League","cached",462,0,6,96,6,1.3,"SOME_DATED_MATCHES"
"England","1981-82",1981,"1981–82 Football League","https://en.wikipedia.org/wiki/1981%E2%80%9382_Football_League","cached",462,0,6,96,6,1.3,"SOME_DATED_MATCHES"
"England","1982-83",1982,"1982–83 Football League","https://en.wikipedia.org/wiki/1982%E2%80%9383_Football_League","cached",462,0,3,96,3,0.6,"SOME_DATED_MATCHES"
"England","1983-84",1983,"1983–84 Football League","https://en.wikipedia.org/wiki/1983%E2%80%9384_Football_League","cached",462,0,3,96,3,0.6,"SOME_DATED_MATCHES"
"England","1984-85",1984,"1984–85 Football League","https://en.wikipedia.org/wiki/1984%E2%80%9385_Football_League","cached",462,0,3,96,3,0.6,"SOME_DATED_MATCHES"
"England","1985-86",1985,"1985–86 Football League","https://en.wikipedia.org/wiki/1985%E2%80%9386_Football_League","cached",462,0,3,96,3,0.6,"SOME_DATED_MATCHES"
"England","1986-87",1986,"1986–87 Football League","https://en.wikipedia.org/wiki/1986%E2%80%9387_Football_League","cached",462,0,3,96,3,0.6,"SOME_DATED_MATCHES"
"England","1987-88",1987,"1987–88 Football League","https://en.wikipedia.org/wiki/1987%E2%80%9388_Football_League","cached",420,0,3,96,3,0.7,"SOME_DATED_MATCHES"
"England","1988-89",1988,"1988–89 Football League","https://en.wikipedia.org/wiki/1988%E2%80%9389_Football_League","cached",380,0,6,96,6,1.6,"SOME_DATED_MATCHES"
"England","1989-90",1989,"1989–90 Football League","https://en.wikipedia.org/wiki/1989%E2%80%9390_Football_League","cached",380,0,3,96,3,0.8,"SOME_DATED_MATCHES"
"England","1990-91",1990,"1990–91 Football League","https://en.wikipedia.org/wiki/1990%E2%80%9391_Football_League","cached",380,0,3,96,3,0.8,"SOME_DATED_MATCHES"
"England","1991-92",1991,"1991–92 Football League","https://en.wikipedia.org/wiki/1991%E2%80%9392_Football_League","cached",462,0,6,96,6,1.3,"SOME_DATED_MATCHES"
"France","1932-33",1932,"1932–33 French Division 1","https://en.wikipedia.org/wiki/1932%E2%80%9333_French_Division_1","cached",,0,0,20,0,,"RESULTS_PRESENT_BUT_NO_MATCH_DATES_FOUND"
"France","1933-34",1933,"1933–34 French Division 1","https://en.wikipedia.org/wiki/1933%E2%80%9334_French_Division_1","cached",,0,0,14,0,,"RESULTS_PRESENT_BUT_NO_MATCH_DATES_FOUND"
"France","1934-35",1934,"1934–35 French Division 1","https://en.wikipedia.org/wiki/1934%E2%80%9335_French_Division_1","cached",,0,0,16,0,,"RESULTS_PRESENT_BUT_NO_MATCH_DATES_FOUND"
"France","1935-36",1935,"1935–36 French Division 1","https://en.wikipedia.org/wiki/1935%E2%80%9336_French_Division_1","cached",,0,0,16,0,,"RESULTS_PRESENT_BUT_NO_MATCH_DATES_FOUND"
"France","1936-37",1936,"1936–37 French Division 1","https://en.wikipedia.org/wiki/1936%E2%80%9337_French_Division_1","cached",,0,0,16,0,,"RESULTS_PRESENT_BUT_NO_MATCH_DATES_FOUND"
"France","1937-38",1937,"1937–38 French Division 1","https://en.wikipedia.org/wiki/1937%E2%80%9338_French_Division_1","cached",,0,0,16,0,,"RESULTS_PRESENT_BUT_NO_MATCH_DATES_FOUND"
"France","1938-39",1938,"1938–39 French Division 1","https://en.wikipedia.org/wiki/1938%E2%80%9339_French_Division_1","cached",240,0,0,16,0,0,"RESULTS_PRESENT_BUT_NO_MATCH_DATES_FOUND"
"France","1945-46",1945,"1945–46 French Division 1","https://en.wikipedia.org/wiki/1945%E2%80%9346_French_Division_1","cached",306,0,0,18,0,0,"RESULTS_PRESENT_BUT_NO_MATCH_DATES_FOUND"
"France","1946-47",1946,"1946–47 French Division 1","https://en.wikipedia.org/wiki/1946%E2%80%9347_French_Division_1","cached",380,0,0,20,0,0,"RESULTS_PRESENT_BUT_NO_MATCH_DATES_FOUND"
"France","1947-48",1947,"1947–48 French Division 1","https://en.wikipedia.org/wiki/1947%E2%80%9348_French_Division_1","cached",306,0,0,18,0,0,"RESULTS_PRESENT_BUT_NO_MATCH_DATES_FOUND"
"France","1948-49",1948,"1948–49 French Division 1","https://en.wikipedia.org/wiki/1948%E2%80%9349_French_Division_1","cached",,0,0,18,0,,"RESULTS_PRESENT_BUT_NO_MATCH_DATES_FOUND"
"France","1949-50",1949,"1949–50 French Division 1","https://en.wikipedia.org/wiki/1949%E2%80%9350_French_Division_1","cached",,0,0,18,0,,"RESULTS_PRESENT_BUT_NO_MATCH_DATES_FOUND"
"France","1950-51",1950,"1950–51 French Division 1","https://en.wikipedia.org/wiki/1950%E2%80%9351_French_Division_1","cached",,0,0,21,0,,"RESULTS_PRESENT_BUT_NO_MATCH_DATES_FOUND"
"France","1951-52",1951,"1951–52 French Division 1","https://en.wikipedia.org/wiki/1951%E2%80%9352_French_Division_1","cached",,0,0,19,0,,"RESULTS_PRESENT_BUT_NO_MATCH_DATES_FOUND"
"France","1952-53",1952,"1952–53 French Division 1","https://en.wikipedia.org/wiki/1952%E2%80%9353_French_Division_1","cached",,0,0,19,0,,"RESULTS_PRESENT_BUT_NO_MATCH_DATES_FOUND"
"France","1953-54",1953,"1953–54 French Division 1","https://en.wikipedia.org/wiki/1953%E2%80%9354_French_Division_1","cached",,0,0,19,0,,"RESULTS_PRESENT_BUT_NO_MATCH_DATES_FOUND"
"France","1954-55",1954,"1954–55 French Division 1","https://en.wikipedia.org/wiki/1954%E2%80%9355_French_Division_1","cached",,0,0,19,0,,"RESULTS_PRESENT_BUT_NO_MATCH_DATES_FOUND"
"France","1955-56",1955,"1955–56 French Division 1","https://en.wikipedia.org/wiki/1955%E2%80%9356_French_Division_1","cached",,0,0,19,0,,"RESULTS_PRESENT_BUT_NO_MATCH_DATES_FOUND"
"France","1956-57",1956,"1956–57 French Division 1","https://en.wikipedia.org/wiki/1956%E2%80%9357_French_Division_1","cached",,0,0,19,0,,"RESULTS_PRESENT_BUT_NO_MATCH_DATES_FOUND"
"France","1957-58",1957,"1957–58 French Division 1","https://en.wikipedia.org/wiki/1957%E2%80%9358_French_Division_1","cached",,0,0,18,0,,"RESULTS_PRESENT_BUT_NO_MATCH_DATES_FOUND"
"France","1958-59",1958,"1958–59 French Division 1","https://en.wikipedia.org/wiki/1958%E2%80%9359_French_Division_1","cached",380,0,0,23,0,0,"RESULTS_PRESENT_BUT_NO_MATCH_DATES_FOUND"
"France","1959-60",1959,"1959–60 French Division 1","https://en.wikipedia.org/wiki/1959%E2%80%9360_French_Division_1","cached",,0,0,20,0,,"RESULTS_PRESENT_BUT_NO_MATCH_DATES_FOUND"
"France","1960-61",1960,"1960–61 French Division 1","https://en.wikipedia.org/wiki/1960%E2%80%9361_French_Division_1","cached",380,0,0,20,0,0,"RESULTS_PRESENT_BUT_NO_MATCH_DATES_FOUND"
"France","1961-62",1961,"1961–62 French Division 1","https://en.wikipedia.org/wiki/1961%E2%80%9362_French_Division_1","cached",380,0,0,20,0,0,"RESULTS_PRESENT_BUT_NO_MATCH_DATES_FOUND"
"France","1962-63",1962,"1962–63 French Division 1","https://en.wikipedia.org/wiki/1962%E2%80%9363_French_Division_1","cached",380,0,0,20,0,0,"RESULTS_PRESENT_BUT_NO_MATCH_DATES_FOUND"
"France","1963-64",1963,"1963–64 French Division 1","https://en.wikipedia.org/wiki/1963%E2%80%9364_French_Division_1","cached",,0,0,22,0,,"RESULTS_PRESENT_BUT_NO_MATCH_DATES_FOUND"
"France","1964-65",1964,"1964–65 French Division 1","https://en.wikipedia.org/wiki/1964%E2%80%9365_French_Division_1","cached",,0,0,22,0,,"RESULTS_PRESENT_BUT_NO_MATCH_DATES_FOUND"
"France","1965-66",1965,"1965–66 French Division 1","https://en.wikipedia.org/wiki/1965%E2%80%9366_French_Division_1","cached",380,0,0,24,0,0,"RESULTS_PRESENT_BUT_NO_MATCH_DATES_FOUND"
"France","1966-67",1966,"1966–67 French Division 1","https://en.wikipedia.org/wiki/1966%E2%80%9367_French_Division_1","cached",380,0,0,24,0,0,"RESULTS_PRESENT_BUT_NO_MATCH_DATES_FOUND"
"France","1967-68",1967,"1967–68 French Division 1","https://en.wikipedia.org/wiki/1967%E2%80%9368_French_Division_1","cached",380,0,0,24,0,0,"RESULTS_PRESENT_BUT_NO_MATCH_DATES_FOUND"
"France","1968-69",1968,"1968–69 French Division 1","https://en.wikipedia.org/wiki/1968%E2%80%9369_French_Division_1","cached",306,0,0,19,0,0,"RESULTS_PRESENT_BUT_NO_MATCH_DATES_FOUND"
"France","1969-70",1969,"1969–70 French Division 1","https://en.wikipedia.org/wiki/1969%E2%80%9370_French_Division_1","cached",306,0,0,22,0,0,"RESULTS_PRESENT_BUT_NO_MATCH_DATES_FOUND"
"France","1970-71",1970,"1970–71 French Division 1","https://en.wikipedia.org/wiki/1970%E2%80%9371_French_Division_1","cached",380,0,0,20,0,0,"RESULTS_PRESENT_BUT_NO_MATCH_DATES_FOUND"
"France","1971-72",1971,"1971–72 French Division 1","https://en.wikipedia.org/wiki/1971%E2%80%9372_French_Division_1","cached",380,0,0,20,0,0,"RESULTS_PRESENT_BUT_NO_MATCH_DATES_FOUND"
"France","1972-73",1972,"1972–73 French Division 1","https://en.wikipedia.org/wiki/1972%E2%80%9373_French_Division_1","cached",380,0,0,20,0,0,"RESULTS_PRESENT_BUT_NO_MATCH_DATES_FOUND"
"France","1973-74",1973,"1973–74 French Division 1","https://en.wikipedia.org/wiki/1973%E2%80%9374_French_Division_1","cached",380,0,0,20,0,0,"RESULTS_PRESENT_BUT_NO_MATCH_DATES_FOUND"
"France","1974-75",1974,"1974–75 French Division 1","https://en.wikipedia.org/wiki/1974%E2%80%9375_French_Division_1","cached",380,0,0,20,0,0,"RESULTS_PRESENT_BUT_NO_MATCH_DATES_FOUND"
"France","1975-76",1975,"1975–76 French Division 1","https://en.wikipedia.org/wiki/1975%E2%80%9376_French_Division_1","cached",380,0,0,20,0,0,"RESULTS_PRESENT_BUT_NO_MATCH_DATES_FOUND"
"France","1976-77",1976,"1976–77 French Division 1","https://en.wikipedia.org/wiki/1976%E2%80%9377_French_Division_1","cached",380,0,0,20,0,0,"RESULTS_PRESENT_BUT_NO_MATCH_DATES_FOUND"
"France","1977-78",1977,"1977–78 French Division 1","https://en.wikipedia.org/wiki/1977%E2%80%9378_French_Division_1","cached",380,0,0,20,0,0,"RESULTS_PRESENT_BUT_NO_MATCH_DATES_FOUND"
"France","1978-79",1978,"1978–79 French Division 1","https://en.wikipedia.org/wiki/1978%E2%80%9379_French_Division_1","cached",380,0,0,21,0,0,"RESULTS_PRESENT_BUT_NO_MATCH_DATES_FOUND"
"France","1979-80",1979,"1979–80 French Division 1","https://en.wikipedia.org/wiki/1979%E2%80%9380_French_Division_1","cached",380,0,0,21,0,0,"RESULTS_PRESENT_BUT_NO_MATCH_DATES_FOUND"
"France","1980-81",1980,"1980–81 French Division 1","https://en.wikipedia.org/wiki/1980%E2%80%9381_French_Division_1","cached",380,0,0,21,0,0,"RESULTS_PRESENT_BUT_NO_MATCH_DATES_FOUND"
"France","1981-82",1981,"1981–82 French Division 1","https://en.wikipedia.org/wiki/1981%E2%80%9382_French_Division_1","cached",380,0,0,21,0,0,"RESULTS_PRESENT_BUT_NO_MATCH_DATES_FOUND"
"France","1982-83",1982,"1982–83 French Division 1","https://en.wikipedia.org/wiki/1982%E2%80%9383_French_Division_1","cached",380,0,0,21,0,0,"RESULTS_PRESENT_BUT_NO_MATCH_DATES_FOUND"
"France","1983-84",1983,"1983–84 French Division 1","https://en.wikipedia.org/wiki/1983%E2%80%9384_French_Division_1","cached",380,0,0,21,0,0,"RESULTS_PRESENT_BUT_NO_MATCH_DATES_FOUND"
"France","1984-85",1984,"1984–85 French Division 1","https://en.wikipedia.org/wiki/1984%E2%80%9385_French_Division_1","cached",380,0,0,21,0,0,"RESULTS_PRESENT_BUT_NO_MATCH_DATES_FOUND"
"France","1985-86",1985,"1985–86 French Division 1","https://en.wikipedia.org/wiki/1985%E2%80%9386_French_Division_1","cached",380,0,0,21,0,0,"RESULTS_PRESENT_BUT_NO_MATCH_DATES_FOUND"
"France","1986-87",1986,"1986–87 French Division 1","https://en.wikipedia.org/wiki/1986%E2%80%9387_French_Division_1","cached",380,0,0,21,0,0,"RESULTS_PRESENT_BUT_NO_MATCH_DATES_FOUND"
"France","1987-88",1987,"1987–88 French Division 1","https://en.wikipedia.org/wiki/1987%E2%80%9388_French_Division_1","cached",380,0,0,21,0,0,"RESULTS_PRESENT_BUT_NO_MATCH_DATES_FOUND"
"France","1988-89",1988,"1988–89 French Division 1","https://en.wikipedia.org/wiki/1988%E2%80%9389_French_Division_1","cached",380,0,0,21,0,0,"RESULTS_PRESENT_BUT_NO_MATCH_DATES_FOUND"
"France","1989-90",1989,"1989–90 French Division 1","https://en.wikipedia.org/wiki/1989%E2%80%9390_French_Division_1","cached",380,0,0,21,0,0,"RESULTS_PRESENT_BUT_NO_MATCH_DATES_FOUND"
"France","1990-91",1990,"1990–91 French Division 1","https://en.wikipedia.org/wiki/1990%E2%80%9391_French_Division_1","cached",380,0,0,20,0,0,"RESULTS_PRESENT_BUT_NO_MATCH_DATES_FOUND"
"France","1991-92",1991,"1991–92 French Division 1","https://en.wikipedia.org/wiki/1991%E2%80%9392_French_Division_1","cached",380,0,0,21,0,0,"RESULTS_PRESENT_BUT_NO_MATCH_DATES_FOUND"
"France","1992-93",1992,"1992–93 French Division 1","https://en.wikipedia.org/wiki/1992%E2%80%9393_French_Division_1","cached",380,0,0,21,0,0,"RESULTS_PRESENT_BUT_NO_MATCH_DATES_FOUND"
"France","1993-94",1993,"1993–94 French Division 1","https://en.wikipedia.org/wiki/1993%E2%80%9394_French_Division_1","cached",380,0,0,20,0,0,"RESULTS_PRESENT_BUT_NO_MATCH_DATES_FOUND"
"France","1994-95",1994,"1994–95 French Division 1","https://en.wikipedia.org/wiki/1994%E2%80%9395_French_Division_1","cached",380,0,0,20,0,0,"RESULTS_PRESENT_BUT_NO_MATCH_DATES_FOUND"
"France","1995-96",1995,"1995–96 French Division 1","https://en.wikipedia.org/wiki/1995%E2%80%9396_French_Division_1","cached",380,0,0,20,0,0,"RESULTS_PRESENT_BUT_NO_MATCH_DATES_FOUND"
"France","1996-97",1996,"1996–97 French Division 1","https://en.wikipedia.org/wiki/1996%E2%80%9397_French_Division_1","cached",380,0,0,20,0,0,"RESULTS_PRESENT_BUT_NO_MATCH_DATES_FOUND"
"France","1997-98",1997,"1997–98 French Division 1","https://en.wikipedia.org/wiki/1997%E2%80%9398_French_Division_1","cached",306,0,0,18,0,0,"RESULTS_PRESENT_BUT_NO_MATCH_DATES_FOUND"
"France","1998-99",1998,"1998–99 French Division 1","https://en.wikipedia.org/wiki/1998%E2%80%9399_French_Division_1","cached",306,0,0,18,0,0,"RESULTS_PRESENT_BUT_NO_MATCH_DATES_FOUND"
"France","1999-00",1999,"1999–00 French Division 1","https://en.wikipedia.org/wiki/1999%E2%80%9300_French_Division_1","download_failed",,,,,,,"PAGE_MISSING_OR_FAILED"
"France","2000-01",2000,"2000–01 French Division 1","https://en.wikipedia.org/wiki/2000%E2%80%9301_French_Division_1","cached",306,0,0,18,0,0,"RESULTS_PRESENT_BUT_NO_MATCH_DATES_FOUND"
"France","2001-02",2001,"2001–02 French Division 1","https://en.wikipedia.org/wiki/2001%E2%80%9302_French_Division_1","cached",306,0,0,18,0,0,"RESULTS_PRESENT_BUT_NO_MATCH_DATES_FOUND"
"France","2002-03",2002,"2002–03 Ligue 1","https://en.wikipedia.org/wiki/2002%E2%80%9303_Ligue_1","cached",380,0,0,20,0,0,"RESULTS_PRESENT_BUT_NO_MATCH_DATES_FOUND"
"France","2003-04",2003,"2003–04 Ligue 1","https://en.wikipedia.org/wiki/2003%E2%80%9304_Ligue_1","cached",380,0,0,20,0,0,"RESULTS_PRESENT_BUT_NO_MATCH_DATES_FOUND"
"France","2004-05",2004,"2004–05 Ligue 1","https://en.wikipedia.org/wiki/2004%E2%80%9305_Ligue_1","cached",380,0,0,20,0,0,"RESULTS_PRESENT_BUT_NO_MATCH_DATES_FOUND"
"France","2005-06",2005,"2005–06 Ligue 1","https://en.wikipedia.org/wiki/2005%E2%80%9306_Ligue_1","cached",380,0,0,20,0,0,"RESULTS_PRESENT_BUT_NO_MATCH_DATES_FOUND"
"France","2006-07",2006,"2006–07 Ligue 1","https://en.wikipedia.org/wiki/2006%E2%80%9307_Ligue_1","cached",380,0,0,20,0,0,"RESULTS_PRESENT_BUT_NO_MATCH_DATES_FOUND"
"France","2007-08",2007,"2007–08 Ligue 1","https://en.wikipedia.org/wiki/2007%E2%80%9308_Ligue_1","cached",380,0,0,31,0,0,"RESULTS_PRESENT_BUT_NO_MATCH_DATES_FOUND"
"France","2008-09",2008,"2008–09 Ligue 1","https://en.wikipedia.org/wiki/2008%E2%80%9309_Ligue_1","cached",380,0,5,20,5,1.3,"SOME_DATED_MATCHES"
"France","2009-10",2009,"2009–10 Ligue 1","https://en.wikipedia.org/wiki/2009%E2%80%9310_Ligue_1","cached",380,0,4,20,4,1.1,"SOME_DATED_MATCHES"
"France","2010-11",2010,"2010–11 Ligue 1","https://en.wikipedia.org/wiki/2010%E2%80%9311_Ligue_1","cached",380,0,3,22,3,0.8,"SOME_DATED_MATCHES"
"France","2011-12",2011,"2011–12 Ligue 1","https://en.wikipedia.org/wiki/2011%E2%80%9312_Ligue_1","cached",380,0,5,20,5,1.3,"SOME_DATED_MATCHES"
"France","2012-13",2012,"2012–13 Ligue 1","https://en.wikipedia.org/wiki/2012%E2%80%9313_Ligue_1","cached",380,0,5,20,5,1.3,"SOME_DATED_MATCHES"
"France","2013-14",2013,"2013–14 Ligue 1","https://en.wikipedia.org/wiki/2013%E2%80%9314_Ligue_1","cached",380,0,13,20,13,3.4,"SOME_DATED_MATCHES"
"Germany","1963-64",1963,"1963–64 Bundesliga","https://en.wikipedia.org/wiki/1963%E2%80%9364_Bundesliga","cached",240,0,0,20,0,0,"RESULTS_PRESENT_BUT_NO_MATCH_DATES_FOUND"
"Germany","1964-65",1964,"1964–65 Bundesliga","https://en.wikipedia.org/wiki/1964%E2%80%9365_Bundesliga","cached",240,0,0,20,0,0,"RESULTS_PRESENT_BUT_NO_MATCH_DATES_FOUND"
"Germany","1965-66",1965,"1965–66 Bundesliga","https://en.wikipedia.org/wiki/1965%E2%80%9366_Bundesliga","cached",,0,3,19,3,,"SOME_DATED_MATCHES_EXPECTED_TOTAL_UNKNOWN"
"Germany","1966-67",1966,"1966–67 Bundesliga","https://en.wikipedia.org/wiki/1966%E2%80%9367_Bundesliga","cached",,0,3,19,3,,"SOME_DATED_MATCHES_EXPECTED_TOTAL_UNKNOWN"
"Germany","1967-68",1967,"1967–68 Bundesliga","https://en.wikipedia.org/wiki/1967%E2%80%9368_Bundesliga","cached",,0,3,19,3,,"SOME_DATED_MATCHES_EXPECTED_TOTAL_UNKNOWN"
"Germany","1968-69",1968,"1968–69 Bundesliga","https://en.wikipedia.org/wiki/1968%E2%80%9369_Bundesliga","cached",,0,3,19,3,,"SOME_DATED_MATCHES_EXPECTED_TOTAL_UNKNOWN"
"Germany","1969-70",1969,"1969–70 Bundesliga","https://en.wikipedia.org/wiki/1969%E2%80%9370_Bundesliga","cached",,0,3,19,3,,"SOME_DATED_MATCHES_EXPECTED_TOTAL_UNKNOWN"
"Germany","1970-71",1970,"1970–71 Bundesliga","https://en.wikipedia.org/wiki/1970%E2%80%9371_Bundesliga","cached",,0,3,19,3,,"SOME_DATED_MATCHES_EXPECTED_TOTAL_UNKNOWN"
"Germany","1971-72",1971,"1971–72 Bundesliga","https://en.wikipedia.org/wiki/1971%E2%80%9372_Bundesliga","cached",,0,3,19,3,,"SOME_DATED_MATCHES_EXPECTED_TOTAL_UNKNOWN"
"Germany","1972-73",1972,"1972–73 Bundesliga","https://en.wikipedia.org/wiki/1972%E2%80%9373_Bundesliga","cached",,0,3,19,3,,"SOME_DATED_MATCHES_EXPECTED_TOTAL_UNKNOWN"
"Germany","1973-74",1973,"1973–74 Bundesliga","https://en.wikipedia.org/wiki/1973%E2%80%9374_Bundesliga","cached",,0,3,19,3,,"SOME_DATED_MATCHES_EXPECTED_TOTAL_UNKNOWN"
"Germany","1974-75",1974,"1974–75 Bundesliga","https://en.wikipedia.org/wiki/1974%E2%80%9375_Bundesliga","cached",,0,3,19,3,,"SOME_DATED_MATCHES_EXPECTED_TOTAL_UNKNOWN"
"Germany","1975-76",1975,"1975–76 Bundesliga","https://en.wikipedia.org/wiki/1975%E2%80%9376_Bundesliga","cached",,0,3,19,3,,"SOME_DATED_MATCHES_EXPECTED_TOTAL_UNKNOWN"
"Germany","1976-77",1976,"1976–77 Bundesliga","https://en.wikipedia.org/wiki/1976%E2%80%9377_Bundesliga","cached",,0,3,19,3,,"SOME_DATED_MATCHES_EXPECTED_TOTAL_UNKNOWN"
"Germany","1977-78",1977,"1977–78 Bundesliga","https://en.wikipedia.org/wiki/1977%E2%80%9378_Bundesliga","cached",,0,3,19,3,,"SOME_DATED_MATCHES_EXPECTED_TOTAL_UNKNOWN"
"Germany","1978-79",1978,"1978–79 Bundesliga","https://en.wikipedia.org/wiki/1978%E2%80%9379_Bundesliga","cached",,0,2,19,2,,"SOME_DATED_MATCHES_EXPECTED_TOTAL_UNKNOWN"
"Germany","1979-80",1979,"1979–80 Bundesliga","https://en.wikipedia.org/wiki/1979%E2%80%9380_Bundesliga","cached",,0,3,19,3,,"SOME_DATED_MATCHES_EXPECTED_TOTAL_UNKNOWN"
"Germany","1980-81",1980,"1980–81 Bundesliga","https://en.wikipedia.org/wiki/1980%E2%80%9381_Bundesliga","cached",,0,3,19,3,,"SOME_DATED_MATCHES_EXPECTED_TOTAL_UNKNOWN"
"Germany","1981-82",1981,"1981–82 Bundesliga","https://en.wikipedia.org/wiki/1981%E2%80%9382_Bundesliga","cached",,0,3,19,3,,"SOME_DATED_MATCHES_EXPECTED_TOTAL_UNKNOWN"
"Germany","1982-83",1982,"1982–83 Bundesliga","https://en.wikipedia.org/wiki/1982%E2%80%9383_Bundesliga","cached",,0,3,19,3,,"SOME_DATED_MATCHES_EXPECTED_TOTAL_UNKNOWN"
"Germany","1983-84",1983,"1983–84 Bundesliga","https://en.wikipedia.org/wiki/1983%E2%80%9384_Bundesliga","cached",,0,3,19,3,,"SOME_DATED_MATCHES_EXPECTED_TOTAL_UNKNOWN"
"Germany","1984-85",1984,"1984–85 Bundesliga","https://en.wikipedia.org/wiki/1984%E2%80%9385_Bundesliga","cached",306,0,3,19,3,1,"SOME_DATED_MATCHES"
"Germany","1985-86",1985,"1985–86 Bundesliga","https://en.wikipedia.org/wiki/1985%E2%80%9386_Bundesliga","cached",306,0,3,19,3,1,"SOME_DATED_MATCHES"
"Germany","1986-87",1986,"1986–87 Bundesliga","https://en.wikipedia.org/wiki/1986%E2%80%9387_Bundesliga","cached",306,0,3,19,3,1,"SOME_DATED_MATCHES"
"Germany","1987-88",1987,"1987–88 Bundesliga","https://en.wikipedia.org/wiki/1987%E2%80%9388_Bundesliga","cached",,1,3,20,3,,"SOME_DATED_MATCHES_EXPECTED_TOTAL_UNKNOWN"
"Germany","1988-89",1988,"1988–89 Bundesliga","https://en.wikipedia.org/wiki/1988%E2%80%9389_Bundesliga","cached",,0,3,19,3,,"SOME_DATED_MATCHES_EXPECTED_TOTAL_UNKNOWN"
"Germany","1989-90",1989,"1989–90 Bundesliga","https://en.wikipedia.org/wiki/1989%E2%80%9390_Bundesliga","cached",,0,3,19,3,,"SOME_DATED_MATCHES_EXPECTED_TOTAL_UNKNOWN"
"Germany","1990-91",1990,"1990–91 Bundesliga","https://en.wikipedia.org/wiki/1990%E2%80%9391_Bundesliga","cached",306,0,3,19,3,1,"SOME_DATED_MATCHES"
"Germany","1991-92",1991,"1991–92 Bundesliga","https://en.wikipedia.org/wiki/1991%E2%80%9392_Bundesliga","cached",,0,2,22,2,,"SOME_DATED_MATCHES_EXPECTED_TOTAL_UNKNOWN"
"Germany","1992-93",1992,"1992–93 Bundesliga","https://en.wikipedia.org/wiki/1992%E2%80%9393_Bundesliga","cached",306,0,3,19,3,1,"SOME_DATED_MATCHES"
"Germany","1993-94",1993,"1993–94 Bundesliga","https://en.wikipedia.org/wiki/1993%E2%80%9394_Bundesliga","cached",306,0,0,22,0,0,"RESULTS_PRESENT_BUT_NO_MATCH_DATES_FOUND"
"Germany","1994-95",1994,"1994–95 Bundesliga","https://en.wikipedia.org/wiki/1994%E2%80%9395_Bundesliga","cached",,0,3,19,3,,"SOME_DATED_MATCHES_EXPECTED_TOTAL_UNKNOWN"
"Germany","1995-96",1995,"1995–96 Bundesliga","https://en.wikipedia.org/wiki/1995%E2%80%9396_Bundesliga","cached",,0,3,19,3,,"SOME_DATED_MATCHES_EXPECTED_TOTAL_UNKNOWN"
"Germany","1996-97",1996,"1996–97 Bundesliga","https://en.wikipedia.org/wiki/1996%E2%80%9397_Bundesliga","cached",306,0,2,20,2,0.7,"SOME_DATED_MATCHES"
"Germany","1997-98",1997,"1997–98 Bundesliga","https://en.wikipedia.org/wiki/1997%E2%80%9398_Bundesliga","cached",306,0,2,20,2,0.7,"SOME_DATED_MATCHES"
"Germany","1998-99",1998,"1998–99 Bundesliga","https://en.wikipedia.org/wiki/1998%E2%80%9399_Bundesliga","cached",306,0,3,19,3,1,"SOME_DATED_MATCHES"
"Germany","1999-00",1999,"1999–00 Bundesliga","https://en.wikipedia.org/wiki/1999%E2%80%9300_Bundesliga","download_failed",,,,,,,"PAGE_MISSING_OR_FAILED"
"Germany","2000-01",2000,"2000–01 Bundesliga","https://en.wikipedia.org/wiki/2000%E2%80%9301_Bundesliga","cached",306,0,2,20,2,0.7,"SOME_DATED_MATCHES"
"Germany","2001-02",2001,"2001–02 Bundesliga","https://en.wikipedia.org/wiki/2001%E2%80%9302_Bundesliga","cached",306,0,0,19,0,0,"RESULTS_PRESENT_BUT_NO_MATCH_DATES_FOUND"
"Germany","2002-03",2002,"2002–03 Bundesliga","https://en.wikipedia.org/wiki/2002%E2%80%9303_Bundesliga","cached",306,0,10,19,10,3.3,"SOME_DATED_MATCHES"
"Germany","2003-04",2003,"2003–04 Bundesliga","https://en.wikipedia.org/wiki/2003%E2%80%9304_Bundesliga","cached",306,0,0,19,0,0,"RESULTS_PRESENT_BUT_NO_MATCH_DATES_FOUND"
"Germany","2004-05",2004,"2004–05 Bundesliga","https://en.wikipedia.org/wiki/2004%E2%80%9305_Bundesliga","cached",306,0,0,19,0,0,"RESULTS_PRESENT_BUT_NO_MATCH_DATES_FOUND"
"Germany","2005-06",2005,"2005–06 Bundesliga","https://en.wikipedia.org/wiki/2005%E2%80%9306_Bundesliga","cached",306,0,0,19,0,0,"RESULTS_PRESENT_BUT_NO_MATCH_DATES_FOUND"
"Germany","2006-07",2006,"2006–07 Bundesliga","https://en.wikipedia.org/wiki/2006%E2%80%9307_Bundesliga","cached",306,0,0,22,0,0,"RESULTS_PRESENT_BUT_NO_MATCH_DATES_FOUND"
"Germany","2007-08",2007,"2007–08 Bundesliga","https://en.wikipedia.org/wiki/2007%E2%80%9308_Bundesliga","cached",306,0,3,19,3,1,"SOME_DATED_MATCHES"
"Germany","2008-09",2008,"2008–09 Bundesliga","https://en.wikipedia.org/wiki/2008%E2%80%9309_Bundesliga","cached",306,0,3,23,3,1,"SOME_DATED_MATCHES"
"Germany","2009-10",2009,"2009–10 Bundesliga","https://en.wikipedia.org/wiki/2009%E2%80%9310_Bundesliga","cached",306,0,0,26,0,0,"RESULTS_PRESENT_BUT_NO_MATCH_DATES_FOUND"
"Italy","1929-30",1929,"1929–30 Serie A","https://en.wikipedia.org/wiki/1929%E2%80%9330_Serie_A","cached",306,0,0,18,0,0,"RESULTS_PRESENT_BUT_NO_MATCH_DATES_FOUND"
"Italy","1930-31",1930,"1930–31 Serie A","https://en.wikipedia.org/wiki/1930%E2%80%9331_Serie_A","cached",306,0,0,18,0,0,"RESULTS_PRESENT_BUT_NO_MATCH_DATES_FOUND"
"Italy","1931-32",1931,"1931–32 Serie A","https://en.wikipedia.org/wiki/1931%E2%80%9332_Serie_A","cached",307,0,0,19,0,0,"RESULTS_PRESENT_BUT_NO_MATCH_DATES_FOUND"
"Italy","1932-33",1932,"1932–33 Serie A","https://en.wikipedia.org/wiki/1932%E2%80%9333_Serie_A","cached",306,0,0,18,0,0,"RESULTS_PRESENT_BUT_NO_MATCH_DATES_FOUND"
"Italy","1933-34",1933,"1933–34 Serie A","https://en.wikipedia.org/wiki/1933%E2%80%9334_Serie_A","cached",306,0,0,18,0,0,"RESULTS_PRESENT_BUT_NO_MATCH_DATES_FOUND"
"Italy","1934-35",1934,"1934–35 Serie A","https://en.wikipedia.org/wiki/1934%E2%80%9335_Serie_A","cached",240,0,0,16,0,0,"RESULTS_PRESENT_BUT_NO_MATCH_DATES_FOUND"
"Italy","1935-36",1935,"1935–36 Serie A","https://en.wikipedia.org/wiki/1935%E2%80%9336_Serie_A","cached",240,0,0,16,0,0,"RESULTS_PRESENT_BUT_NO_MATCH_DATES_FOUND"
"Italy","1936-37",1936,"1936–37 Serie A","https://en.wikipedia.org/wiki/1936%E2%80%9337_Serie_A","cached",240,0,0,16,0,0,"RESULTS_PRESENT_BUT_NO_MATCH_DATES_FOUND"
"Italy","1937-38",1937,"1937–38 Serie A","https://en.wikipedia.org/wiki/1937%E2%80%9338_Serie_A","cached",240,0,0,16,0,0,"RESULTS_PRESENT_BUT_NO_MATCH_DATES_FOUND"
"Italy","1938-39",1938,"1938–39 Serie A","https://en.wikipedia.org/wiki/1938%E2%80%9339_Serie_A","cached",240,0,0,16,0,0,"RESULTS_PRESENT_BUT_NO_MATCH_DATES_FOUND"
"Italy","1939-40",1939,"1939–40 Serie A","https://en.wikipedia.org/wiki/1939%E2%80%9340_Serie_A","cached",240,0,0,16,0,0,"RESULTS_PRESENT_BUT_NO_MATCH_DATES_FOUND"
"Italy","1940-41",1940,"1940–41 Serie A","https://en.wikipedia.org/wiki/1940%E2%80%9341_Serie_A","cached",240,0,0,16,0,0,"RESULTS_PRESENT_BUT_NO_MATCH_DATES_FOUND"
"Italy","1941-42",1941,"1941–42 Serie A","https://en.wikipedia.org/wiki/1941%E2%80%9342_Serie_A","cached",240,0,0,16,0,0,"RESULTS_PRESENT_BUT_NO_MATCH_DATES_FOUND"
"Italy","1942-43",1942,"1942–43 Serie A","https://en.wikipedia.org/wiki/1942%E2%80%9343_Serie_A","cached",240,0,0,20,0,0,"RESULTS_PRESENT_BUT_NO_MATCH_DATES_FOUND"
"Italy","1946-47",1946,"1946–47 Serie A","https://en.wikipedia.org/wiki/1946%E2%80%9347_Serie_A","cached",380,0,0,20,0,0,"RESULTS_PRESENT_BUT_NO_MATCH_DATES_FOUND"
"Italy","1947-48",1947,"1947–48 Serie A","https://en.wikipedia.org/wiki/1947%E2%80%9348_Serie_A","cached",420,0,0,21,0,0,"RESULTS_PRESENT_BUT_NO_MATCH_DATES_FOUND"
"Italy","1948-49",1948,"1948–49 Serie A","https://en.wikipedia.org/wiki/1948%E2%80%9349_Serie_A","cached",380,0,0,20,0,0,"RESULTS_PRESENT_BUT_NO_MATCH_DATES_FOUND"
"Italy","1949-50",1949,"1949–50 Serie A","https://en.wikipedia.org/wiki/1949%E2%80%9350_Serie_A","cached",380,0,0,20,0,0,"RESULTS_PRESENT_BUT_NO_MATCH_DATES_FOUND"
"Italy","1950-51",1950,"1950–51 Serie A","https://en.wikipedia.org/wiki/1950%E2%80%9351_Serie_A","cached",380,0,0,20,0,0,"RESULTS_PRESENT_BUT_NO_MATCH_DATES_FOUND"
"Italy","1951-52",1951,"1951–52 Serie A","https://en.wikipedia.org/wiki/1951%E2%80%9352_Serie_A","cached",380,0,0,23,0,0,"RESULTS_PRESENT_BUT_NO_MATCH_DATES_FOUND"
"Italy","1952-53",1952,"1952–53 Serie A","https://en.wikipedia.org/wiki/1952%E2%80%9353_Serie_A","cached",306,0,0,18,0,0,"RESULTS_PRESENT_BUT_NO_MATCH_DATES_FOUND"
"Italy","1953-54",1953,"1953–54 Serie A","https://en.wikipedia.org/wiki/1953%E2%80%9354_Serie_A","cached",306,0,0,21,0,0,"RESULTS_PRESENT_BUT_NO_MATCH_DATES_FOUND"
"Italy","1954-55",1954,"1954–55 Serie A","https://en.wikipedia.org/wiki/1954%E2%80%9355_Serie_A","cached",306,0,0,18,0,0,"RESULTS_PRESENT_BUT_NO_MATCH_DATES_FOUND"
"Italy","1955-56",1955,"1955–56 Serie A","https://en.wikipedia.org/wiki/1955%E2%80%9356_Serie_A","cached",306,0,0,18,0,0,"RESULTS_PRESENT_BUT_NO_MATCH_DATES_FOUND"
"Italy","1956-57",1956,"1956–57 Serie A","https://en.wikipedia.org/wiki/1956%E2%80%9357_Serie_A","cached",306,0,0,18,0,0,"RESULTS_PRESENT_BUT_NO_MATCH_DATES_FOUND"
"Italy","1957-58",1957,"1957–58 Serie A","https://en.wikipedia.org/wiki/1957%E2%80%9358_Serie_A","cached",306,0,0,18,0,0,"RESULTS_PRESENT_BUT_NO_MATCH_DATES_FOUND"
"Italy","1958-59",1958,"1958–59 Serie A","https://en.wikipedia.org/wiki/1958%E2%80%9359_Serie_A","cached",306,0,0,18,0,0,"RESULTS_PRESENT_BUT_NO_MATCH_DATES_FOUND"
"Italy","1959-60",1959,"1959–60 Serie A","https://en.wikipedia.org/wiki/1959%E2%80%9360_Serie_A","cached",306,0,0,18,0,0,"RESULTS_PRESENT_BUT_NO_MATCH_DATES_FOUND"
"Italy","1960-61",1960,"1960–61 Serie A","https://en.wikipedia.org/wiki/1960%E2%80%9361_Serie_A","cached",306,0,0,18,0,0,"RESULTS_PRESENT_BUT_NO_MATCH_DATES_FOUND"
"Italy","1961-62",1961,"1961–62 Serie A","https://en.wikipedia.org/wiki/1961%E2%80%9362_Serie_A","cached",306,0,0,18,0,0,"RESULTS_PRESENT_BUT_NO_MATCH_DATES_FOUND"
"Italy","1962-63",1962,"1962–63 Serie A","https://en.wikipedia.org/wiki/1962%E2%80%9363_Serie_A","cached",306,0,0,18,0,0,"RESULTS_PRESENT_BUT_NO_MATCH_DATES_FOUND"
"Italy","1963-64",1963,"1963–64 Serie A","https://en.wikipedia.org/wiki/1963%E2%80%9364_Serie_A","cached",306,0,0,18,0,0,"RESULTS_PRESENT_BUT_NO_MATCH_DATES_FOUND"
"Italy","1964-65",1964,"1964–65 Serie A","https://en.wikipedia.org/wiki/1964%E2%80%9365_Serie_A","cached",306,0,0,18,0,0,"RESULTS_PRESENT_BUT_NO_MATCH_DATES_FOUND"
"Italy","1965-66",1965,"1965–66 Serie A","https://en.wikipedia.org/wiki/1965%E2%80%9366_Serie_A","cached",306,0,0,18,0,0,"RESULTS_PRESENT_BUT_NO_MATCH_DATES_FOUND"
"Italy","1966-67",1966,"1966–67 Serie A","https://en.wikipedia.org/wiki/1966%E2%80%9367_Serie_A","cached",306,0,0,18,0,0,"RESULTS_PRESENT_BUT_NO_MATCH_DATES_FOUND"
"Italy","1967-68",1967,"1967–68 Serie A","https://en.wikipedia.org/wiki/1967%E2%80%9368_Serie_A","cached",240,0,0,16,0,0,"RESULTS_PRESENT_BUT_NO_MATCH_DATES_FOUND"
"Italy","1968-69",1968,"1968–69 Serie A","https://en.wikipedia.org/wiki/1968%E2%80%9369_Serie_A","cached",240,0,0,16,0,0,"RESULTS_PRESENT_BUT_NO_MATCH_DATES_FOUND"
"Italy","1969-70",1969,"1969–70 Serie A","https://en.wikipedia.org/wiki/1969%E2%80%9370_Serie_A","cached",240,0,0,16,0,0,"RESULTS_PRESENT_BUT_NO_MATCH_DATES_FOUND"
"Italy","1970-71",1970,"1970–71 Serie A","https://en.wikipedia.org/wiki/1970%E2%80%9371_Serie_A","cached",240,0,0,16,0,0,"RESULTS_PRESENT_BUT_NO_MATCH_DATES_FOUND"
"Italy","1971-72",1971,"1971–72 Serie A","https://en.wikipedia.org/wiki/1971%E2%80%9372_Serie_A","cached",240,0,0,16,0,0,"RESULTS_PRESENT_BUT_NO_MATCH_DATES_FOUND"
"Italy","1972-73",1972,"1972–73 Serie A","https://en.wikipedia.org/wiki/1972%E2%80%9373_Serie_A","cached",240,0,0,16,0,0,"RESULTS_PRESENT_BUT_NO_MATCH_DATES_FOUND"
"Italy","1973-74",1973,"1973–74 Serie A","https://en.wikipedia.org/wiki/1973%E2%80%9374_Serie_A","cached",240,0,0,16,0,0,"RESULTS_PRESENT_BUT_NO_MATCH_DATES_FOUND"
"Italy","1974-75",1974,"1974–75 Serie A","https://en.wikipedia.org/wiki/1974%E2%80%9375_Serie_A","cached",240,0,0,16,0,0,"RESULTS_PRESENT_BUT_NO_MATCH_DATES_FOUND"
"Italy","1975-76",1975,"1975–76 Serie A","https://en.wikipedia.org/wiki/1975%E2%80%9376_Serie_A","cached",240,0,0,16,0,0,"RESULTS_PRESENT_BUT_NO_MATCH_DATES_FOUND"
"Italy","1976-77",1976,"1976–77 Serie A","https://en.wikipedia.org/wiki/1976%E2%80%9377_Serie_A","cached",240,0,0,16,0,0,"RESULTS_PRESENT_BUT_NO_MATCH_DATES_FOUND"
"Italy","1977-78",1977,"1977–78 Serie A","https://en.wikipedia.org/wiki/1977%E2%80%9378_Serie_A","cached",240,0,0,16,0,0,"RESULTS_PRESENT_BUT_NO_MATCH_DATES_FOUND"
"Italy","1978-79",1978,"1978–79 Serie A","https://en.wikipedia.org/wiki/1978%E2%80%9379_Serie_A","cached",240,0,0,16,0,0,"RESULTS_PRESENT_BUT_NO_MATCH_DATES_FOUND"
"Italy","1979-80",1979,"1979–80 Serie A","https://en.wikipedia.org/wiki/1979%E2%80%9380_Serie_A","cached",240,0,0,16,0,0,"RESULTS_PRESENT_BUT_NO_MATCH_DATES_FOUND"
"Italy","1980-81",1980,"1980–81 Serie A","https://en.wikipedia.org/wiki/1980%E2%80%9381_Serie_A","cached",240,0,0,16,0,0,"RESULTS_PRESENT_BUT_NO_MATCH_DATES_FOUND"
"Italy","1981-82",1981,"1981–82 Serie A","https://en.wikipedia.org/wiki/1981%E2%80%9382_Serie_A","cached",240,0,0,16,0,0,"RESULTS_PRESENT_BUT_NO_MATCH_DATES_FOUND"
"Italy","1982-83",1982,"1982–83 Serie A","https://en.wikipedia.org/wiki/1982%E2%80%9383_Serie_A","cached",240,0,0,16,0,0,"RESULTS_PRESENT_BUT_NO_MATCH_DATES_FOUND"
"Italy","1983-84",1983,"1983–84 Serie A","https://en.wikipedia.org/wiki/1983%E2%80%9384_Serie_A","cached",240,0,0,16,0,0,"RESULTS_PRESENT_BUT_NO_MATCH_DATES_FOUND"
"Italy","1984-85",1984,"1984–85 Serie A","https://en.wikipedia.org/wiki/1984%E2%80%9385_Serie_A","cached",240,0,0,16,0,0,"RESULTS_PRESENT_BUT_NO_MATCH_DATES_FOUND"
"Italy","1985-86",1985,"1985–86 Serie A","https://en.wikipedia.org/wiki/1985%E2%80%9386_Serie_A","cached",240,0,0,16,0,0,"RESULTS_PRESENT_BUT_NO_MATCH_DATES_FOUND"
"Italy","1986-87",1986,"1986–87 Serie A","https://en.wikipedia.org/wiki/1986%E2%80%9387_Serie_A","cached",240,0,0,16,0,0,"RESULTS_PRESENT_BUT_NO_MATCH_DATES_FOUND"
"Italy","1987-88",1987,"1987–88 Serie A","https://en.wikipedia.org/wiki/1987%E2%80%9388_Serie_A","cached",240,1,0,17,1,0.4,"SOME_DATED_MATCHES"
"Italy","1988-89",1988,"1988–89 Serie A","https://en.wikipedia.org/wiki/1988%E2%80%9389_Serie_A","cached",306,0,0,18,0,0,"RESULTS_PRESENT_BUT_NO_MATCH_DATES_FOUND"
"Italy","1989-90",1989,"1989–90 Serie A","https://en.wikipedia.org/wiki/1989%E2%80%9390_Serie_A","cached",306,0,0,18,0,0,"RESULTS_PRESENT_BUT_NO_MATCH_DATES_FOUND"
"Italy","1990-91",1990,"1990–91 Serie A","https://en.wikipedia.org/wiki/1990%E2%80%9391_Serie_A","cached",306,0,0,18,0,0,"RESULTS_PRESENT_BUT_NO_MATCH_DATES_FOUND"
"Italy","1991-92",1991,"1991–92 Serie A","https://en.wikipedia.org/wiki/1991%E2%80%9392_Serie_A","cached",306,0,0,18,0,0,"RESULTS_PRESENT_BUT_NO_MATCH_DATES_FOUND"
"Italy","1992-93",1992,"1992–93 Serie A","https://en.wikipedia.org/wiki/1992%E2%80%9393_Serie_A","cached",306,0,0,18,0,0,"RESULTS_PRESENT_BUT_NO_MATCH_DATES_FOUND"
"Italy","1993-94",1993,"1993–94 Serie A","https://en.wikipedia.org/wiki/1993%E2%80%9394_Serie_A","cached",306,0,0,18,0,0,"RESULTS_PRESENT_BUT_NO_MATCH_DATES_FOUND"
"Italy","1994-95",1994,"1994–95 Serie A","https://en.wikipedia.org/wiki/1994%E2%80%9395_Serie_A","cached",306,1,0,19,1,0.3,"SOME_DATED_MATCHES"
"Italy","1995-96",1995,"1995–96 Serie A","https://en.wikipedia.org/wiki/1995%E2%80%9396_Serie_A","cached",306,0,0,18,0,0,"RESULTS_PRESENT_BUT_NO_MATCH_DATES_FOUND"
"Italy","1996-97",1996,"1996–97 Serie A","https://en.wikipedia.org/wiki/1996%E2%80%9397_Serie_A","cached",306,0,0,18,0,0,"RESULTS_PRESENT_BUT_NO_MATCH_DATES_FOUND"
"Italy","1997-98",1997,"1997–98 Serie A","https://en.wikipedia.org/wiki/1997%E2%80%9398_Serie_A","cached",306,0,10,18,10,3.3,"SOME_DATED_MATCHES"
"Italy","1998-99",1998,"1998–99 Serie A","https://en.wikipedia.org/wiki/1998%E2%80%9399_Serie_A","cached",306,0,0,18,0,0,"RESULTS_PRESENT_BUT_NO_MATCH_DATES_FOUND"
"Italy","1999-00",1999,"1999–00 Serie A","https://en.wikipedia.org/wiki/1999%E2%80%9300_Serie_A","cached",306,0,0,18,0,0,"RESULTS_PRESENT_BUT_NO_MATCH_DATES_FOUND"
"Italy","2000-01",2000,"2000–01 Serie A","https://en.wikipedia.org/wiki/2000%E2%80%9301_Serie_A","cached",306,0,0,18,0,0,"RESULTS_PRESENT_BUT_NO_MATCH_DATES_FOUND"
"Italy","2001-02",2001,"2001–02 Serie A","https://en.wikipedia.org/wiki/2001%E2%80%9302_Serie_A","cached",306,0,3,18,3,1,"SOME_DATED_MATCHES"
"Italy","2002-03",2002,"2002–03 Serie A","https://en.wikipedia.org/wiki/2002%E2%80%9303_Serie_A","cached",306,0,3,18,3,1,"SOME_DATED_MATCHES"
"Italy","2003-04",2003,"2003–04 Serie A","https://en.wikipedia.org/wiki/2003%E2%80%9304_Serie_A","cached",306,0,3,18,3,1,"SOME_DATED_MATCHES"
"Italy","2004-05",2004,"2004–05 Serie A","https://en.wikipedia.org/wiki/2004%E2%80%9305_Serie_A","cached",380,0,0,21,0,0,"RESULTS_PRESENT_BUT_NO_MATCH_DATES_FOUND"
"Italy","2005-06",2005,"2005–06 Serie A","https://en.wikipedia.org/wiki/2005%E2%80%9306_Serie_A","cached",380,0,0,21,0,0,"RESULTS_PRESENT_BUT_NO_MATCH_DATES_FOUND"
"Italy","2006-07",2006,"2006–07 Serie A","https://en.wikipedia.org/wiki/2006%E2%80%9307_Serie_A","cached",380,0,0,21,0,0,"RESULTS_PRESENT_BUT_NO_MATCH_DATES_FOUND"
"Italy","2007-08",2007,"2007–08 Serie A","https://en.wikipedia.org/wiki/2007%E2%80%9308_Serie_A","cached",380,0,0,21,0,0,"RESULTS_PRESENT_BUT_NO_MATCH_DATES_FOUND"
"Italy","2008-09",2008,"2008–09 Serie A","https://en.wikipedia.org/wiki/2008%E2%80%9309_Serie_A","cached",380,0,0,23,0,0,"RESULTS_PRESENT_BUT_NO_MATCH_DATES_FOUND"
"Italy","2009-10",2009,"2009–10 Serie A","https://en.wikipedia.org/wiki/2009%E2%80%9310_Serie_A","cached",380,0,3,20,3,0.8,"SOME_DATED_MATCHES"
"Italy","2010-11",2010,"2010–11 Serie A","https://en.wikipedia.org/wiki/2010%E2%80%9311_Serie_A","cached",380,0,16,20,16,4.2,"SOME_DATED_MATCHES"
"Italy","2011-12",2011,"2011–12 Serie A","https://en.wikipedia.org/wiki/2011%E2%80%9312_Serie_A","cached",380,0,12,22,12,3.2,"SOME_DATED_MATCHES"
"Italy","2012-13",2012,"2012–13 Serie A","https://en.wikipedia.org/wiki/2012%E2%80%9313_Serie_A","cached",380,0,1,25,1,0.3,"SOME_DATED_MATCHES"
"Spain","1929-30",1929,"1929 La Liga","https://en.wikipedia.org/wiki/1929_La_Liga","cached",90,0,2,14,2,2.2,"SOME_DATED_MATCHES"
"Spain","1930-31",1930,"1930–31 La Liga","https://en.wikipedia.org/wiki/1930%E2%80%9331_La_Liga","cached",90,0,0,13,0,0,"RESULTS_PRESENT_BUT_NO_MATCH_DATES_FOUND"
"Spain","1931-32",1931,"1931–32 La Liga","https://en.wikipedia.org/wiki/1931%E2%80%9332_La_Liga","cached",90,0,0,13,0,0,"RESULTS_PRESENT_BUT_NO_MATCH_DATES_FOUND"
"Spain","1932-33",1932,"1932–33 La Liga","https://en.wikipedia.org/wiki/1932%E2%80%9333_La_Liga","cached",90,0,0,13,0,0,"RESULTS_PRESENT_BUT_NO_MATCH_DATES_FOUND"
"Spain","1933-34",1933,"1933–34 La Liga","https://en.wikipedia.org/wiki/1933%E2%80%9334_La_Liga","cached",90,0,0,13,0,0,"RESULTS_PRESENT_BUT_NO_MATCH_DATES_FOUND"
"Spain","1934-35",1934,"1934–35 La Liga","https://en.wikipedia.org/wiki/1934%E2%80%9335_La_Liga","cached",132,0,0,15,0,0,"RESULTS_PRESENT_BUT_NO_MATCH_DATES_FOUND"
"Spain","1935-36",1935,"1935–36 La Liga","https://en.wikipedia.org/wiki/1935%E2%80%9336_La_Liga","cached",132,0,0,16,0,0,"RESULTS_PRESENT_BUT_NO_MATCH_DATES_FOUND"
"Spain","1939-40",1939,"1939–40 La Liga","https://en.wikipedia.org/wiki/1939%E2%80%9340_La_Liga","cached",132,0,0,16,0,0,"RESULTS_PRESENT_BUT_NO_MATCH_DATES_FOUND"
"Spain","1940-41",1940,"1940–41 La Liga","https://en.wikipedia.org/wiki/1940%E2%80%9341_La_Liga","cached",132,0,0,17,0,0,"RESULTS_PRESENT_BUT_NO_MATCH_DATES_FOUND"
"Spain","1941-42",1941,"1941–42 La Liga","https://en.wikipedia.org/wiki/1941%E2%80%9342_La_Liga","cached",182,0,0,17,0,0,"RESULTS_PRESENT_BUT_NO_MATCH_DATES_FOUND"
"Spain","1942-43",1942,"1942–43 La Liga","https://en.wikipedia.org/wiki/1942%E2%80%9343_La_Liga","cached",182,0,0,19,0,0,"RESULTS_PRESENT_BUT_NO_MATCH_DATES_FOUND"
"Spain","1943-44",1943,"1943–44 La Liga","https://en.wikipedia.org/wiki/1943%E2%80%9344_La_Liga","cached",182,0,0,19,0,0,"RESULTS_PRESENT_BUT_NO_MATCH_DATES_FOUND"
"Spain","1944-45",1944,"1944–45 La Liga","https://en.wikipedia.org/wiki/1944%E2%80%9345_La_Liga","cached",182,0,0,18,0,0,"RESULTS_PRESENT_BUT_NO_MATCH_DATES_FOUND"
"Spain","1945-46",1945,"1945–46 La Liga","https://en.wikipedia.org/wiki/1945%E2%80%9346_La_Liga","cached",182,0,0,18,0,0,"RESULTS_PRESENT_BUT_NO_MATCH_DATES_FOUND"
"Spain","1946-47",1946,"1946–47 La Liga","https://en.wikipedia.org/wiki/1946%E2%80%9347_La_Liga","cached",182,0,0,18,0,0,"RESULTS_PRESENT_BUT_NO_MATCH_DATES_FOUND"
"Spain","1947-48",1947,"1947–48 La Liga","https://en.wikipedia.org/wiki/1947%E2%80%9348_La_Liga","cached",182,0,0,17,0,0,"RESULTS_PRESENT_BUT_NO_MATCH_DATES_FOUND"
"Spain","1948-49",1948,"1948–49 La Liga","https://en.wikipedia.org/wiki/1948%E2%80%9349_La_Liga","cached",182,0,0,17,0,0,"RESULTS_PRESENT_BUT_NO_MATCH_DATES_FOUND"
"Spain","1949-50",1949,"1949–50 La Liga","https://en.wikipedia.org/wiki/1949%E2%80%9350_La_Liga","cached",182,0,0,19,0,0,"RESULTS_PRESENT_BUT_NO_MATCH_DATES_FOUND"
"Spain","1950-51",1950,"1950–51 La Liga","https://en.wikipedia.org/wiki/1950%E2%80%9351_La_Liga","cached",240,0,0,25,0,0,"RESULTS_PRESENT_BUT_NO_MATCH_DATES_FOUND"
"Spain","1951-52",1951,"1951–52 La Liga","https://en.wikipedia.org/wiki/1951%E2%80%9352_La_Liga","cached",240,0,0,25,0,0,"RESULTS_PRESENT_BUT_NO_MATCH_DATES_FOUND"
"Spain","1952-53",1952,"1952–53 La Liga","https://en.wikipedia.org/wiki/1952%E2%80%9353_La_Liga","cached",240,0,0,25,0,0,"RESULTS_PRESENT_BUT_NO_MATCH_DATES_FOUND"
"Spain","1953-54",1953,"1953–54 La Liga","https://en.wikipedia.org/wiki/1953%E2%80%9354_La_Liga","cached",240,0,0,25,0,0,"RESULTS_PRESENT_BUT_NO_MATCH_DATES_FOUND"
"Spain","1954-55",1954,"1954–55 La Liga","https://en.wikipedia.org/wiki/1954%E2%80%9355_La_Liga","cached",240,0,0,24,0,0,"RESULTS_PRESENT_BUT_NO_MATCH_DATES_FOUND"
"Spain","1955-56",1955,"1955–56 La Liga","https://en.wikipedia.org/wiki/1955%E2%80%9356_La_Liga","cached",240,0,0,25,0,0,"RESULTS_PRESENT_BUT_NO_MATCH_DATES_FOUND"
"Spain","1956-57",1956,"1956–57 La Liga","https://en.wikipedia.org/wiki/1956%E2%80%9357_La_Liga","cached",240,0,0,19,0,0,"RESULTS_PRESENT_BUT_NO_MATCH_DATES_FOUND"
"Spain","1957-58",1957,"1957–58 La Liga","https://en.wikipedia.org/wiki/1957%E2%80%9358_La_Liga","cached",240,0,0,19,0,0,"RESULTS_PRESENT_BUT_NO_MATCH_DATES_FOUND"
"Spain","1958-59",1958,"1958–59 La Liga","https://en.wikipedia.org/wiki/1958%E2%80%9359_La_Liga","cached",240,0,0,21,0,0,"RESULTS_PRESENT_BUT_NO_MATCH_DATES_FOUND"
"Spain","1959-60",1959,"1959–60 La Liga","https://en.wikipedia.org/wiki/1959%E2%80%9360_La_Liga","cached",240,0,0,21,0,0,"RESULTS_PRESENT_BUT_NO_MATCH_DATES_FOUND"
"Spain","1960-61",1960,"1960–61 La Liga","https://en.wikipedia.org/wiki/1960%E2%80%9361_La_Liga","cached",240,0,0,21,0,0,"RESULTS_PRESENT_BUT_NO_MATCH_DATES_FOUND"
"Spain","1961-62",1961,"1961–62 La Liga","https://en.wikipedia.org/wiki/1961%E2%80%9362_La_Liga","cached",240,0,0,21,0,0,"RESULTS_PRESENT_BUT_NO_MATCH_DATES_FOUND"
"Spain","1962-63",1962,"1962–63 La Liga","https://en.wikipedia.org/wiki/1962%E2%80%9363_La_Liga","cached",240,0,0,21,0,0,"RESULTS_PRESENT_BUT_NO_MATCH_DATES_FOUND"
"Spain","1963-64",1963,"1963–64 La Liga","https://en.wikipedia.org/wiki/1963%E2%80%9364_La_Liga","cached",240,0,0,21,0,0,"RESULTS_PRESENT_BUT_NO_MATCH_DATES_FOUND"
"Spain","1964-65",1964,"1964–65 La Liga","https://en.wikipedia.org/wiki/1964%E2%80%9365_La_Liga","cached",240,0,0,21,0,0,"RESULTS_PRESENT_BUT_NO_MATCH_DATES_FOUND"
"Spain","1965-66",1965,"1965–66 La Liga","https://en.wikipedia.org/wiki/1965%E2%80%9366_La_Liga","cached",240,0,0,21,0,0,"RESULTS_PRESENT_BUT_NO_MATCH_DATES_FOUND"
"Spain","1966-67",1966,"1966–67 La Liga","https://en.wikipedia.org/wiki/1966%E2%80%9367_La_Liga","cached",240,0,0,21,0,0,"RESULTS_PRESENT_BUT_NO_MATCH_DATES_FOUND"
"Spain","1967-68",1967,"1967–68 La Liga","https://en.wikipedia.org/wiki/1967%E2%80%9368_La_Liga","cached",240,0,0,21,0,0,"RESULTS_PRESENT_BUT_NO_MATCH_DATES_FOUND"
"Spain","1968-69",1968,"1968–69 La Liga","https://en.wikipedia.org/wiki/1968%E2%80%9369_La_Liga","cached",240,0,0,19,0,0,"RESULTS_PRESENT_BUT_NO_MATCH_DATES_FOUND"
"Spain","1969-70",1969,"1969–70 La Liga","https://en.wikipedia.org/wiki/1969%E2%80%9370_La_Liga","cached",240,0,0,17,0,0,"RESULTS_PRESENT_BUT_NO_MATCH_DATES_FOUND"
"Spain","1970-71",1970,"1970–71 La Liga","https://en.wikipedia.org/wiki/1970%E2%80%9371_La_Liga","cached",240,0,0,18,0,0,"RESULTS_PRESENT_BUT_NO_MATCH_DATES_FOUND"
"Spain","1971-72",1971,"1971–72 La Liga","https://en.wikipedia.org/wiki/1971%E2%80%9372_La_Liga","cached",306,0,0,20,0,0,"RESULTS_PRESENT_BUT_NO_MATCH_DATES_FOUND"
"Spain","1972-73",1972,"1972–73 La Liga","https://en.wikipedia.org/wiki/1972%E2%80%9373_La_Liga","cached",306,0,0,21,0,0,"RESULTS_PRESENT_BUT_NO_MATCH_DATES_FOUND"
"Spain","1973-74",1973,"1973–74 La Liga","https://en.wikipedia.org/wiki/1973%E2%80%9374_La_Liga","cached",306,0,0,18,0,0,"RESULTS_PRESENT_BUT_NO_MATCH_DATES_FOUND"
"Spain","1974-75",1974,"1974–75 La Liga","https://en.wikipedia.org/wiki/1974%E2%80%9375_La_Liga","cached",306,0,0,18,0,0,"RESULTS_PRESENT_BUT_NO_MATCH_DATES_FOUND"
"Spain","1975-76",1975,"1975–76 La Liga","https://en.wikipedia.org/wiki/1975%E2%80%9376_La_Liga","cached",306,0,0,18,0,0,"RESULTS_PRESENT_BUT_NO_MATCH_DATES_FOUND"
"Spain","1976-77",1976,"1976–77 La Liga","https://en.wikipedia.org/wiki/1976%E2%80%9377_La_Liga","cached",306,0,0,18,0,0,"RESULTS_PRESENT_BUT_NO_MATCH_DATES_FOUND"
"Spain","1977-78",1977,"1977–78 La Liga","https://en.wikipedia.org/wiki/1977%E2%80%9378_La_Liga","cached",306,0,0,18,0,0,"RESULTS_PRESENT_BUT_NO_MATCH_DATES_FOUND"
"Spain","1978-79",1978,"1978–79 La Liga","https://en.wikipedia.org/wiki/1978%E2%80%9379_La_Liga","cached",306,0,0,18,0,0,"RESULTS_PRESENT_BUT_NO_MATCH_DATES_FOUND"
"Spain","1979-80",1979,"1979–80 La Liga","https://en.wikipedia.org/wiki/1979%E2%80%9380_La_Liga","cached",306,0,0,19,0,0,"RESULTS_PRESENT_BUT_NO_MATCH_DATES_FOUND"
"Spain","1980-81",1980,"1980–81 La Liga","https://en.wikipedia.org/wiki/1980%E2%80%9381_La_Liga","cached",306,0,0,18,0,0,"RESULTS_PRESENT_BUT_NO_MATCH_DATES_FOUND"
"Spain","1981-82",1981,"1981–82 La Liga","https://en.wikipedia.org/wiki/1981%E2%80%9382_La_Liga","cached",306,0,0,18,0,0,"RESULTS_PRESENT_BUT_NO_MATCH_DATES_FOUND"
"Spain","1982-83",1982,"1982–83 La Liga","https://en.wikipedia.org/wiki/1982%E2%80%9383_La_Liga","cached",306,0,0,18,0,0,"RESULTS_PRESENT_BUT_NO_MATCH_DATES_FOUND"
"Spain","1983-84",1983,"1983–84 La Liga","https://en.wikipedia.org/wiki/1983%E2%80%9384_La_Liga","cached",306,0,0,18,0,0,"RESULTS_PRESENT_BUT_NO_MATCH_DATES_FOUND"
"Spain","1984-85",1984,"1984–85 La Liga","https://en.wikipedia.org/wiki/1984%E2%80%9385_La_Liga","cached",306,0,0,20,0,0,"RESULTS_PRESENT_BUT_NO_MATCH_DATES_FOUND"
"Spain","1985-86",1985,"1985–86 La Liga","https://en.wikipedia.org/wiki/1985%E2%80%9386_La_Liga","cached",306,0,0,18,0,0,"RESULTS_PRESENT_BUT_NO_MATCH_DATES_FOUND"
"Spain","1986-87",1986,"1986–87 La Liga","https://en.wikipedia.org/wiki/1986%E2%80%9387_La_Liga","cached",396,0,0,39,0,0,"RESULTS_PRESENT_BUT_NO_MATCH_DATES_FOUND"
"Spain","1987-88",1987,"1987–88 La Liga","https://en.wikipedia.org/wiki/1987%E2%80%9388_La_Liga","cached",380,0,4,23,4,1.1,"SOME_DATED_MATCHES"
"Spain","1988-89",1988,"1988–89 La Liga","https://en.wikipedia.org/wiki/1988%E2%80%9389_La_Liga","cached",380,0,4,22,4,1.1,"SOME_DATED_MATCHES"
"Spain","1989-90",1989,"1989–90 La Liga","https://en.wikipedia.org/wiki/1989%E2%80%9390_La_Liga","cached",380,0,4,26,4,1.1,"SOME_DATED_MATCHES"
"Spain","1990-91",1990,"1990–91 La Liga","https://en.wikipedia.org/wiki/1990%E2%80%9391_La_Liga","cached",380,0,4,26,4,1.1,"SOME_DATED_MATCHES"
"Spain","1991-92",1991,"1991–92 La Liga","https://en.wikipedia.org/wiki/1991%E2%80%9392_La_Liga","cached",380,0,4,26,4,1.1,"SOME_DATED_MATCHES"
"Spain","1992-93",1992,"1992–93 La Liga","https://en.wikipedia.org/wiki/1992%E2%80%9393_La_Liga","cached",380,0,4,26,4,1.1,"SOME_DATED_MATCHES"
"Spain","1993-94",1993,"1993–94 La Liga","https://en.wikipedia.org/wiki/1993%E2%80%9394_La_Liga","cached",380,0,5,28,5,1.3,"SOME_DATED_MATCHES"
"Spain","1994-95",1994,"1994–95 La Liga","https://en.wikipedia.org/wiki/1994%E2%80%9395_La_Liga","cached",380,0,4,26,4,1.1,"SOME_DATED_MATCHES"
"Spain","1995-96",1995,"1995–96 La Liga","https://en.wikipedia.org/wiki/1995%E2%80%9396_La_Liga","cached",462,0,4,28,4,0.9,"SOME_DATED_MATCHES"
"Spain","1996-97",1996,"1996–97 La Liga","https://en.wikipedia.org/wiki/1996%E2%80%9397_La_Liga","cached",462,0,5,25,5,1.1,"SOME_DATED_MATCHES"
"Spain","1997-98",1997,"1997–98 La Liga","https://en.wikipedia.org/wiki/1997%E2%80%9398_La_Liga","cached",380,0,7,26,7,1.8,"SOME_DATED_MATCHES"
"Spain","1998-99",1998,"1998–99 La Liga","https://en.wikipedia.org/wiki/1998%E2%80%9399_La_Liga","cached",380,0,7,26,7,1.8,"SOME_DATED_MATCHES"
"Spain","1999-00",1999,"1999–00 La Liga","https://en.wikipedia.org/wiki/1999%E2%80%9300_La_Liga","download_failed",,,,,,,"PAGE_MISSING_OR_FAILED"
"Spain","2000-01",2000,"2000–01 La Liga","https://en.wikipedia.org/wiki/2000%E2%80%9301_La_Liga","cached",380,0,3,20,3,0.8,"SOME_DATED_MATCHES"
"Spain","2001-02",2001,"2001–02 La Liga","https://en.wikipedia.org/wiki/2001%E2%80%9302_La_Liga","cached",380,0,3,20,3,0.8,"SOME_DATED_MATCHES"
"Spain","2002-03",2002,"2002–03 La Liga","https://en.wikipedia.org/wiki/2002%E2%80%9303_La_Liga","cached",380,0,12,23,12,3.2,"SOME_DATED_MATCHES"
"Spain","2003-04",2003,"2003–04 La Liga","https://en.wikipedia.org/wiki/2003%E2%80%9304_La_Liga","cached",380,0,13,20,13,3.4,"SOME_DATED_MATCHES"
"Spain","2004-05",2004,"2004–05 La Liga","https://en.wikipedia.org/wiki/2004%E2%80%9305_La_Liga","cached",380,0,10,20,10,2.6,"SOME_DATED_MATCHES"
"Spain","2005-06",2005,"2005–06 La Liga","https://en.wikipedia.org/wiki/2005%E2%80%9306_La_Liga","cached",380,0,9,20,9,2.4,"SOME_DATED_MATCHES"
"Spain","2006-07",2006,"2006–07 La Liga","https://en.wikipedia.org/wiki/2006%E2%80%9307_La_Liga","cached",380,0,3,20,3,0.8,"SOME_DATED_MATCHES"
"Spain","2007-08",2007,"2007–08 La Liga","https://en.wikipedia.org/wiki/2007%E2%80%9308_La_Liga","cached",380,0,3,20,3,0.8,"SOME_DATED_MATCHES"
"Spain","2008-09",2008,"2008–09 La Liga","https://en.wikipedia.org/wiki/2008%E2%80%9309_La_Liga","cached",380,0,3,20,3,0.8,"SOME_DATED_MATCHES"
"Spain","2009-10",2009,"2009–10 La Liga","https://en.wikipedia.org/wiki/2009%E2%80%9310_La_Liga","cached",380,0,3,27,3,0.8,"SOME_DATED_MATCHES"
"Spain","2010-11",2010,"2010–11 La Liga","https://en.wikipedia.org/wiki/2010%E2%80%9311_La_Liga","cached",380,0,5,24,5,1.3,"SOME_DATED_MATCHES"
"Spain","2011-12",2011,"2011–12 La Liga","https://en.wikipedia.org/wiki/2011%E2%80%9312_La_Liga","cached",380,0,5,26,5,1.3,"SOME_DATED_MATCHES"
