Team,Flag,Rating,Games,FirstMatchDate,EntryRating,Pass,BaseK,ProvisionalK,ProvisionalGames,EntryMode,EntryRatingStart,EntryRatingEnd,EntryDateStart,EntryDateEnd,BaselineStartRating,RetroGamesN
Spain,es,2925,780,1920-08-28,2710.1,Pass2_RetroStartFromPass1,40,40,50,RetroFromPass1FirstN,2600,2100,1870-01-01,2020-01-01,2400,50
Argentina,ar,2896,1105,1902-07-20,2533.4,Pass2_RetroStartFromPass1,40,40,50,RetroFromPass1FirstN,2600,2100,1870-01-01,2020-01-01,2400,50
France,fr,2873,935,1904-05-01,2380.6,Pass2_RetroStartFromPass1,40,40,50,RetroFromPass1FirstN,2600,2100,1870-01-01,2020-01-01,2400,50
West Germany,,2813,377,1950-11-22,2620,Pass2_RetroStartFromPass1,40,40,50,RetroFromPass1FirstN,2600,2100,1870-01-01,2020-01-01,2400,50
Germany,de,2795,668,1908-04-05,2425.1,Pass2_RetroStartFromPass1,40,40,50,RetroFromPass1FirstN,2600,2100,1870-01-01,2020-01-01,2400,50
Portugal,pt,2794,694,1921-12-18,2460.7,Pass2_RetroStartFromPass1,40,40,50,RetroFromPass1FirstN,2600,2100,1870-01-01,2020-01-01,2400,50
Netherlands,nl,2787,897,1905-04-30,2626.3,Pass2_RetroStartFromPass1,40,40,50,RetroFromPass1FirstN,2600,2100,1870-01-01,2020-01-01,2400,50
England,gb-eng,2784,1153,1872-11-30,2600,Pass2_RetroStartFromPass1,40,40,50,RetroFromPass1FirstN,2600,2100,1870-01-01,2020-01-01,2400,50
Brazil,br,2777,1067,1914-09-20,2537.8,Pass2_RetroStartFromPass1,40,40,50,RetroFromPass1FirstN,2600,2100,1870-01-01,2020-01-01,2400,50
Japan,jp,2775,830,1917-05-09,2300.6,Pass2_RetroStartFromPass1,40,40,50,RetroFromPass1FirstN,2600,2100,1870-01-01,2020-01-01,2400,50
Colombia,co,2763,651,1938-02-10,2342.5,Pass2_RetroStartFromPass1,40,40,50,RetroFromPass1FirstN,2600,2100,1870-01-01,2020-01-01,2400,50
Croatia,hr,2751,398,1940-04-02,2636.5,Pass2_RetroStartFromPass1,40,40,50,RetroFromPass1FirstN,2600,2100,1870-01-01,2020-01-01,2400,50
Ecuador,ec,2742,599,1938-08-08,2124.5,Pass2_RetroStartFromPass1,40,40,50,RetroFromPass1FirstN,2600,2100,1870-01-01,2020-01-01,2400,50
Italy,it,2729,902,1910-05-15,2477.2,Pass2_RetroStartFromPass1,40,40,50,RetroFromPass1FirstN,2600,2100,1870-01-01,2020-01-01,2400,50
Turkey,tr,2726,664,1923-10-26,2339.2,Pass2_RetroStartFromPass1,40,40,50,RetroFromPass1FirstN,2600,2100,1870-01-01,2020-01-01,2400,50
Mexico,mx,2716,1026,1923-01-01,2550.5,Pass2_RetroStartFromPass1,40,40,50,RetroFromPass1FirstN,2600,2100,1870-01-01,2020-01-01,2400,50
Morocco,ma,2713,726,1957-10-19,2473.8,Pass2_RetroStartFromPass1,40,40,50,RetroFromPass1FirstN,2600,2100,1870-01-01,2020-01-01,2400,50
Switzerland,ch,2711,895,1905-02-12,2371.7,Pass2_RetroStartFromPass1,40,40,50,RetroFromPass1FirstN,2600,2100,1870-01-01,2020-01-01,2400,50
Denmark,dk,2700,903,1908-10-19,2612.8,Pass2_RetroStartFromPass1,40,40,50,RetroFromPass1FirstN,2600,2100,1870-01-01,2020-01-01,2400,50
Norway,no,2699,884,1908-07-12,2406.9,Pass2_RetroStartFromPass1,40,40,50,RetroFromPass1FirstN,2600,2100,1870-01-01,2020-01-01,2400,50
Belgium,be,2696,876,1904-05-01,2521.1,Pass2_RetroStartFromPass1,40,40,50,RetroFromPass1FirstN,2600,2100,1870-01-01,2020-01-01,2400,50
Uruguay,uy,2691,1012,1902-07-20,2488.4,Pass2_RetroStartFromPass1,40,40,50,RetroFromPass1FirstN,2600,2100,1870-01-01,2020-01-01,2400,50
Soviet Union,,2690,409,1924-11-16,2712.7,Pass2_RetroStartFromPass1,40,40,50,RetroFromPass1FirstN,2600,2100,1870-01-01,2020-01-01,2400,50
Austria,at,2686,863,1902-10-12,2526,Pass2_RetroStartFromPass1,40,40,50,RetroFromPass1FirstN,2600,2100,1870-01-01,2020-01-01,2400,50
Senegal,sn,2681,688,1959-12-31,2340.4,Pass2_RetroStartFromPass1,40,40,50,RetroFromPass1FirstN,2600,2100,1870-01-01,2020-01-01,2400,50
United States,us,2668,822,1916-08-20,2337.1,Pass2_RetroStartFromPass1,40,40,50,RetroFromPass1FirstN,2600,2100,1870-01-01,2020-01-01,2400,50
Canada,ca,2657,482,1924-06-07,2383.4,Pass2_RetroStartFromPass1,40,40,50,RetroFromPass1FirstN,2600,2100,1870-01-01,2020-01-01,2400,50
Paraguay,py,2644,789,1919-05-11,2456.3,Pass2_RetroStartFromPass1,40,40,50,RetroFromPass1FirstN,2600,2100,1870-01-01,2020-01-01,2400,50
Ukraine,ua,2637,334,1992-04-29,2498.3,Pass2_RetroStartFromPass1,40,40,50,RetroFromPass1FirstN,2600,2100,1870-01-01,2020-01-01,2400,50
South Korea,kr,2631,1050,1948-08-02,2537.8,Pass2_RetroStartFromPass1,40,40,50,RetroFromPass1FirstN,2600,2100,1870-01-01,2020-01-01,2400,50
East Germany,,2622,320,1951-04-21,2345,Pass2_RetroStartFromPass1,40,40,50,RetroFromPass1FirstN,2600,2100,1870-01-01,2020-01-01,2400,50
Czech Republic,cz,2619,359,1994-02-23,2707.9,Pass2_RetroStartFromPass1,40,40,50,RetroFromPass1FirstN,2600,2100,1870-01-01,2020-01-01,2400,50
Australia,au,2617,630,1922-06-17,2540.4,Pass2_RetroStartFromPass1,40,40,50,RetroFromPass1FirstN,2600,2100,1870-01-01,2020-01-01,2400,50
Algeria,dz,2616,679,1958-05-03,2477.9,Pass2_RetroStartFromPass1,40,40,50,RetroFromPass1FirstN,2600,2100,1870-01-01,2020-01-01,2400,50
Russia,ru,2612,356,1912-06-30,2571,Pass2_RetroStartFromPass1,40,40,50,RetroFromPass1FirstN,2600,2100,1870-01-01,2020-01-01,2400,50
Sweden,se,2610,1120,1908-07-12,2475,Pass2_RetroStartFromPass1,40,40,50,RetroFromPass1FirstN,2600,2100,1870-01-01,2020-01-01,2400,50
Uzbekistan,uz,2609,363,1992-06-17,2385.2,Pass2_RetroStartFromPass1,40,40,50,RetroFromPass1FirstN,2600,2100,1870-01-01,2020-01-01,2400,50
Iran,ir,2600,680,1941-08-23,2460.6,Pass2_RetroStartFromPass1,40,40,50,RetroFromPass1FirstN,2600,2100,1870-01-01,2020-01-01,2400,50
Nigeria,ng,2600,713,1949-10-08,2363.2,Pass2_RetroStartFromPass1,40,40,50,RetroFromPass1FirstN,2600,2100,1870-01-01,2020-01-01,2400,50
Czechoslovakia,cz,2600,509,1920-08-28,2677.9,Pass2_RetroStartFromPass1,40,40,50,RetroFromPass1FirstN,2600,2100,1870-01-01,2020-01-01,2400,50
Poland,pl,2600,918,1921-12-18,2434.2,Pass2_RetroStartFromPass1,40,40,50,RetroFromPass1FirstN,2600,2100,1870-01-01,2020-01-01,2400,50
Hungary,hu,2599,1036,1902-10-12,2598.4,Pass2_RetroStartFromPass1,40,40,50,RetroFromPass1FirstN,2600,2100,1870-01-01,2020-01-01,2400,50
Greece,gr,2598,655,1920-08-28,2286.4,Pass2_RetroStartFromPass1,40,40,50,RetroFromPass1FirstN,2600,2100,1870-01-01,2020-01-01,2400,50
Egypt,eg,2596,836,1920-08-28,2419.4,Pass2_RetroStartFromPass1,40,40,50,RetroFromPass1FirstN,2600,2100,1870-01-01,2020-01-01,2400,50
Scotland,gb-sct,2591,866,1872-11-30,2620,Pass2_RetroStartFromPass1,40,40,50,RetroFromPass1FirstN,2600,2100,1870-01-01,2020-01-01,2400,50
Serbia,rs,2590,216,2006-08-16,2620.6,Pass2_RetroStartFromPass1,40,40,50,RetroFromPass1FirstN,2600,2100,1870-01-01,2020-01-01,2400,50
Slovenia,si,2585,316,1990-12-08,2365.4,Pass2_RetroStartFromPass1,40,40,50,RetroFromPass1FirstN,2600,2100,1870-01-01,2020-01-01,2400,50
Chile,cl,2579,853,1910-05-27,2261.5,Pass2_RetroStartFromPass1,40,40,50,RetroFromPass1FirstN,2600,2100,1870-01-01,2020-01-01,2400,50
Venezuela,ve,2575,478,1938-02-12,2300.8,Pass2_RetroStartFromPass1,40,40,50,RetroFromPass1FirstN,2600,2100,1870-01-01,2020-01-01,2400,50
Yugoslavia,rs,2570,611,1920-08-28,2425.9,Pass2_RetroStartFromPass1,40,40,50,RetroFromPass1FirstN,2600,2100,1870-01-01,2020-01-01,2400,50
Republic of Ireland,ie,2564,739,1882-02-18,2294.9,Pass2_RetroStartFromPass1,40,40,50,RetroFromPass1FirstN,2600,2100,1870-01-01,2020-01-01,2400,50
Kosovo,xk,2563,108,1993-02-14,2390.5,Pass2_RetroStartFromPass1,40,40,50,RetroFromPass1FirstN,2600,2100,1870-01-01,2020-01-01,2400,50
Ivory Coast,ci,2562,672,1954-12-31,2465.1,Pass2_RetroStartFromPass1,40,40,50,RetroFromPass1FirstN,2600,2100,1870-01-01,2020-01-01,2400,50
Wales,gb-wls,2555,733,1876-03-25,2405.1,Pass2_RetroStartFromPass1,40,40,50,RetroFromPass1FirstN,2600,2100,1870-01-01,2020-01-01,2400,50
Panama,pa,2545,597,1938-02-12,2405.3,Pass2_RetroStartFromPass1,40,40,50,RetroFromPass1FirstN,2600,2100,1870-01-01,2020-01-01,2400,50
Slovakia,sk,2540,371,1939-08-27,2422.6,Pass2_RetroStartFromPass1,40,40,50,RetroFromPass1FirstN,2600,2100,1870-01-01,2020-01-01,2400,50
Peru,pe,2524,711,1927-11-01,2443.7,Pass2_RetroStartFromPass1,40,40,50,RetroFromPass1FirstN,2600,2100,1870-01-01,2020-01-01,2400,50
DR Congo,cd,2515,350,1965-01-09,2491.2,Pass2_RetroStartFromPass1,40,40,50,RetroFromPass1FirstN,2600,2100,1870-01-01,2020-01-01,2400,50
Jordan,jo,2515,562,1953-08-01,2138.1,Pass2_RetroStartFromPass1,40,40,50,RetroFromPass1FirstN,2600,2100,1870-01-01,2020-01-01,2400,50
Tunisia,tn,2508,760,1954-05-31,2318,Pass2_RetroStartFromPass1,40,40,50,RetroFromPass1FirstN,2600,2100,1870-01-01,2020-01-01,2400,50
Albania,al,2507,406,1946-10-07,2346.1,Pass2_RetroStartFromPass1,40,40,50,RetroFromPass1FirstN,2600,2100,1870-01-01,2020-01-01,2400,50
Iraq,iq,2506,754,1944-03-05,2379.4,Pass2_RetroStartFromPass1,40,40,50,RetroFromPass1FirstN,2600,2100,1870-01-01,2020-01-01,2400,50
Georgia,ge,2503,315,1926-12-31,2447.7,Pass2_RetroStartFromPass1,40,40,50,RetroFromPass1FirstN,2600,2100,1870-01-01,2020-01-01,2400,50
Israel,il,2474,522,1949-07-30,2392.3,Pass2_RetroStartFromPass1,40,40,50,RetroFromPass1FirstN,2600,2100,1870-01-01,2020-01-01,2400,50
Romania,ro,2474,793,1922-06-08,2420.5,Pass2_RetroStartFromPass1,40,40,50,RetroFromPass1FirstN,2600,2100,1870-01-01,2020-01-01,2400,50
Bohemia,,2474,7,1903-04-05,2489.2,Pass2_RetroStartFromPass1,40,40,50,RetroFromPass1FirstN,2600,2100,1870-01-01,2020-01-01,2400,50
Cameroon,cm,2474,656,1953-09-30,2320.8,Pass2_RetroStartFromPass1,40,40,50,RetroFromPass1FirstN,2600,2100,1870-01-01,2020-01-01,2400,50
Bolivia,bo,2473,536,1926-10-12,2271.5,Pass2_RetroStartFromPass1,40,40,50,RetroFromPass1FirstN,2600,2100,1870-01-01,2020-01-01,2400,50
Bosnia and Herzegovina,ba,2473,279,1990-12-08,2382.5,Pass2_RetroStartFromPass1,40,40,50,RetroFromPass1FirstN,2600,2100,1870-01-01,2020-01-01,2400,50
Costa Rica,cr,2469,787,1921-09-14,2579.9,Pass2_RetroStartFromPass1,40,40,50,RetroFromPass1FirstN,2600,2100,1870-01-01,2020-01-01,2400,50
Northern Ireland,gb-nir,2465,611,1921-02-26,2468.7,Pass2_RetroStartFromPass1,40,40,50,RetroFromPass1FirstN,2600,2100,1870-01-01,2020-01-01,2400,50
Cape Verde,cv,2463,245,1959-12-20,2196.9,Pass2_RetroStartFromPass1,40,40,50,RetroFromPass1FirstN,2600,2100,1870-01-01,2020-01-01,2400,50
New Zealand,nz,2462,439,1922-06-17,2397.4,Pass2_RetroStartFromPass1,40,40,50,RetroFromPass1FirstN,2600,2100,1870-01-01,2020-01-01,2400,50
Saudi Arabia,sa,2461,814,1957-10-18,2298.2,Pass2_RetroStartFromPass1,40,40,50,RetroFromPass1FirstN,2600,2100,1870-01-01,2020-01-01,2400,50
Mali,ml,2451,602,1960-10-02,2375.3,Pass2_RetroStartFromPass1,40,40,50,RetroFromPass1FirstN,2600,2100,1870-01-01,2020-01-01,2400,50
North Macedonia,mk,2450,77,2019-03-21,2480.7,Pass2_RetroStartFromPass1,40,40,50,RetroFromPass1FirstN,2600,2100,1870-01-01,2020-01-01,2400,50
Honduras,hn,2446,667,1921-09-14,2380.2,Pass2_RetroStartFromPass1,40,40,50,RetroFromPass1FirstN,2600,2100,1870-01-01,2020-01-01,2400,50
United Arab Republic,,2444,27,1958-12-28,2303.4,Pass2_RetroStartFromPass1,40,40,50,RetroFromPass1FirstN,2600,2100,1870-01-01,2020-01-01,2400,50
United Arab Emirates,ae,2443,657,1972-03-17,2173.8,Pass2_RetroStartFromPass1,40,40,50,RetroFromPass1FirstN,2600,2100,1870-01-01,2020-01-01,2400,50
Serbia and Montenegro,,2442,36,2003-02-12,2156.3,Pass2_RetroStartFromPass1,40,40,50,RetroFromPass1FirstN,2600,2100,1870-01-01,2020-01-01,2400,50
Iceland,is,2438,526,1930-07-29,2219.4,Pass2_RetroStartFromPass1,40,40,50,RetroFromPass1FirstN,2600,2100,1870-01-01,2020-01-01,2400,50
Jamaica,jm,2438,718,1925-03-22,2382.9,Pass2_RetroStartFromPass1,40,40,50,RetroFromPass1FirstN,2600,2100,1870-01-01,2020-01-01,2400,50
Bohemia and Moravia,,2431,7,1939-05-14,2368.8,Pass2_RetroStartFromPass1,40,40,50,RetroFromPass1FirstN,2600,2100,1870-01-01,2020-01-01,2400,50
Burkina Faso,bf,2425,405,1984-11-11,2351.1,Pass2_RetroStartFromPass1,40,40,50,RetroFromPass1FirstN,2600,2100,1870-01-01,2020-01-01,2400,50
Macedonia,,2424,227,1993-10-13,2400.5,Pass2_RetroStartFromPass1,40,40,50,RetroFromPass1FirstN,2600,2100,1870-01-01,2020-01-01,2400,50
South Africa,za,2418,519,1906-07-09,2496.4,Pass2_RetroStartFromPass1,40,40,50,RetroFromPass1FirstN,2600,2100,1870-01-01,2020-01-01,2400,50
British Honduras,,2417,2,1928-02-19,2406.2,Pass2_RetroStartFromPass1,40,40,50,RetroFromPass1FirstN,2600,2100,1870-01-01,2020-01-01,2400,50
Finland,fi,2410,824,1911-10-22,2340.8,Pass2_RetroStartFromPass1,40,40,50,RetroFromPass1FirstN,2600,2100,1870-01-01,2020-01-01,2400,50
Angola,ao,2409,457,1976-02-08,2402.1,Pass2_RetroStartFromPass1,40,40,50,RetroFromPass1FirstN,2600,2100,1870-01-01,2020-01-01,2400,50
Haiti,ht,2407,559,1925-03-22,2391.3,Pass2_RetroStartFromPass1,40,40,50,RetroFromPass1FirstN,2600,2100,1870-01-01,2020-01-01,2400,50
Belarus,by,2402,301,1992-10-28,2223.9,Pass2_RetroStartFromPass1,40,40,50,RetroFromPass1FirstN,2600,2100,1870-01-01,2020-01-01,2400,50
Oman,om,2398,589,1965-09-02,1994.8,Pass2_RetroStartFromPass1,40,40,50,RetroFromPass1FirstN,2600,2100,1870-01-01,2020-01-01,2400,50
Guatemala,gt,2397,624,1921-09-14,2391.3,Pass2_RetroStartFromPass1,40,40,50,RetroFromPass1FirstN,2600,2100,1870-01-01,2020-01-01,2400,50
Bulgaria,bg,2389,770,1924-05-21,2321,Pass2_RetroStartFromPass1,40,40,50,RetroFromPass1FirstN,2600,2100,1870-01-01,2020-01-01,2400,50
Gold Coast,,2379,12,1950-05-28,2332,Pass2_RetroStartFromPass1,40,40,50,RetroFromPass1FirstN,2600,2100,1870-01-01,2020-01-01,2400,50
French Togoland,,2377,5,1954-12-31,2316.7,Pass2_RetroStartFromPass1,40,40,50,RetroFromPass1FirstN,2600,2100,1870-01-01,2020-01-01,2400,50
Korea,,2373,1,1942-08-16,2357.9,Pass2_RetroStartFromPass1,40,40,50,RetroFromPass1FirstN,2600,2100,1870-01-01,2020-01-01,2400,50
British India,,2372,7,1938-09-03,2371.1,Pass2_RetroStartFromPass1,40,40,50,RetroFromPass1FirstN,2600,2100,1870-01-01,2020-01-01,2400,50
Saint Kitts,,2370,11,1950-02-03,2333,Pass2_RetroStartFromPass1,40,40,50,RetroFromPass1FirstN,2600,2100,1870-01-01,2020-01-01,2400,50
Dutch East Indies,,2366,6,1928-08-19,2404.6,Pass2_RetroStartFromPass1,40,40,50,RetroFromPass1FirstN,2600,2100,1870-01-01,2020-01-01,2400,50
Montenegro,me,2362,166,2007-03-24,2537,Pass2_RetroStartFromPass1,40,40,50,RetroFromPass1FirstN,2600,2100,1870-01-01,2020-01-01,2400,50
Ghana,gh,2358,747,1955-12-03,2548.8,Pass2_RetroStartFromPass1,40,40,50,RetroFromPass1FirstN,2600,2100,1870-01-01,2020-01-01,2400,50
Northern Rhodesia,,2353,24,1946-12-31,2343.3,Pass2_RetroStartFromPass1,40,40,50,RetroFromPass1FirstN,2600,2100,1870-01-01,2020-01-01,2400,50
Qatar,qa,2352,684,1970-03-27,2181.7,Pass2_RetroStartFromPass1,40,40,50,RetroFromPass1FirstN,2600,2100,1870-01-01,2020-01-01,2400,50
Comm of Indep States,,2347,10,1992-01-25,2193.1,Pass2_RetroStartFromPass1,40,40,50,RetroFromPass1FirstN,2600,2100,1870-01-01,2020-01-01,2400,50
Suriname,sr,2346,530,1915-08-17,2476.6,Pass2_RetroStartFromPass1,40,40,50,RetroFromPass1FirstN,2600,2100,1870-01-01,2020-01-01,2400,50
Zaire,,2344,175,1972-02-25,2486.1,Pass2_RetroStartFromPass1,40,40,50,RetroFromPass1FirstN,2600,2100,1870-01-01,2020-01-01,2400,50
Syria,sy,2343,579,1944-03-10,2270.9,Pass2_RetroStartFromPass1,40,40,50,RetroFromPass1FirstN,2600,2100,1870-01-01,2020-01-01,2400,50
Malaya,,2343,76,1948-06-20,2383.2,Pass2_RetroStartFromPass1,40,40,50,RetroFromPass1FirstN,2600,2100,1870-01-01,2020-01-01,2400,50
Luxembourg,lu,2342,468,1911-10-29,2195.7,Pass2_RetroStartFromPass1,40,40,50,RetroFromPass1FirstN,2600,2100,1870-01-01,2020-01-01,2400,50
Libya,ly,2340,446,1953-08-03,2305.4,Pass2_RetroStartFromPass1,40,40,50,RetroFromPass1FirstN,2600,2100,1870-01-01,2020-01-01,2400,50
China PR,cn,2337,744,1913-02-04,2486.3,Pass2_RetroStartFromPass1,40,40,50,RetroFromPass1FirstN,2600,2100,1870-01-01,2020-01-01,2400,50
French Congo,,2336,1,1954-12-31,2316.7,Pass2_RetroStartFromPass1,40,40,50,RetroFromPass1FirstN,2600,2100,1870-01-01,2020-01-01,2400,50
Palestine,ps,2332,284,1934-03-16,2178.9,Pass2_RetroStartFromPass1,40,40,50,RetroFromPass1FirstN,2600,2100,1870-01-01,2020-01-01,2400,50
Southern Rhodesia,,2332,16,1946-12-31,2343.3,Pass2_RetroStartFromPass1,40,40,50,RetroFromPass1FirstN,2600,2100,1870-01-01,2020-01-01,2400,50
Ubangi-Shari,,2329,1,1956-12-31,2310,Pass2_RetroStartFromPass1,40,40,50,RetroFromPass1FirstN,2600,2100,1870-01-01,2020-01-01,2400,50
Mali Federation,,2329,4,1960-04-14,2299.1,Pass2_RetroStartFromPass1,40,40,50,RetroFromPass1FirstN,2600,2100,1870-01-01,2020-01-01,2400,50
Thailand,th,2328,931,1948-08-20,2184.9,Pass2_RetroStartFromPass1,40,40,50,RetroFromPass1FirstN,2600,2100,1870-01-01,2020-01-01,2400,50
Benin,bj,2328,295,1977-02-14,2122.9,Pass2_RetroStartFromPass1,40,40,50,RetroFromPass1FirstN,2600,2100,1870-01-01,2020-01-01,2400,50
Vietnam,vn,2323,302,1991-11-26,2169.8,Pass2_RetroStartFromPass1,40,40,50,RetroFromPass1FirstN,2600,2100,1870-01-01,2020-01-01,2400,50
Portuguese Guinea,,2315,5,1953-06-02,2321.9,Pass2_RetroStartFromPass1,40,40,50,RetroFromPass1FirstN,2600,2100,1870-01-01,2020-01-01,2400,50
Rhodesia,,2314,14,1967-11-12,2273.8,Pass2_RetroStartFromPass1,40,40,50,RetroFromPass1FirstN,2600,2100,1870-01-01,2020-01-01,2400,50
Belgian Congo,,2313,5,1948-12-31,2336.7,Pass2_RetroStartFromPass1,40,40,50,RetroFromPass1FirstN,2600,2100,1870-01-01,2020-01-01,2400,50
Curaçao,,2313,269,1924-04-06,2559.3,Pass2_RetroStartFromPass1,40,40,50,RetroFromPass1FirstN,2600,2100,1870-01-01,2020-01-01,2400,50
Guinea,gn,2313,599,1958-12-07,2352.5,Pass2_RetroStartFromPass1,40,40,50,RetroFromPass1FirstN,2600,2100,1870-01-01,2020-01-01,2400,50
Ruanda-Urundi,,2312,1,1953-09-19,2321,Pass2_RetroStartFromPass1,40,40,50,RetroFromPass1FirstN,2600,2100,1870-01-01,2020-01-01,2400,50
Kazakhstan,kz,2310,268,1992-06-01,2357,Pass2_RetroStartFromPass1,40,40,50,RetroFromPass1FirstN,2600,2100,1870-01-01,2020-01-01,2400,50
Gabon,ga,2310,452,1960-04-14,2227.2,Pass2_RetroStartFromPass1,40,40,50,RetroFromPass1FirstN,2600,2100,1870-01-01,2020-01-01,2400,50
Dahomey,,2308,51,1959-11-08,2302.6,Pass2_RetroStartFromPass1,40,40,50,RetroFromPass1FirstN,2600,2100,1870-01-01,2020-01-01,2400,50
Northern Cyprus,cy,2307,13,1962-12-31,2290,Pass2_RetroStartFromPass1,40,40,50,RetroFromPass1FirstN,2600,2100,1870-01-01,2020-01-01,2400,50
Trinidad and Tobago,tt,2303,869,1905-07-21,2565.8,Pass2_RetroStartFromPass1,40,40,50,RetroFromPass1FirstN,2600,2100,1870-01-01,2020-01-01,2400,50
French Dahomey,,2303,1,1954-12-31,2316.7,Pass2_RetroStartFromPass1,40,40,50,RetroFromPass1FirstN,2600,2100,1870-01-01,2020-01-01,2400,50
Réunion,,2300,136,1932-01-17,2195.7,Pass2_RetroStartFromPass1,40,40,50,RetroFromPass1FirstN,2600,2100,1870-01-01,2020-01-01,2400,50
Saar,,2297,11,1952-10-19,2324,Pass2_RetroStartFromPass1,40,40,50,RetroFromPass1FirstN,2600,2100,1870-01-01,2020-01-01,2400,50
Equatorial Guinea,gq,2296,195,1975-05-23,2100,Pass2_RetroStartFromPass1,40,40,50,RetroFromPass1FirstN,2600,2100,1870-01-01,2020-01-01,2400,50
Gambia,gm,2296,288,1953-02-09,2217,Pass2_RetroStartFromPass1,40,40,50,RetroFromPass1FirstN,2600,2100,1870-01-01,2020-01-01,2400,50
Congo-Leopoldville,,2295,9,1963-04-12,2289.1,Pass2_RetroStartFromPass1,40,40,50,RetroFromPass1FirstN,2600,2100,1870-01-01,2020-01-01,2400,50
Madagascar,mg,2294,353,1947-12-31,2351,Pass2_RetroStartFromPass1,40,40,50,RetroFromPass1FirstN,2600,2100,1870-01-01,2020-01-01,2400,50
Uganda,ug,2291,714,1926-05-01,2483,Pass2_RetroStartFromPass1,40,40,50,RetroFromPass1FirstN,2600,2100,1870-01-01,2020-01-01,2400,50
Malaysia,my,2291,845,1963-10-12,2219.8,Pass2_RetroStartFromPass1,40,40,50,RetroFromPass1FirstN,2600,2100,1870-01-01,2020-01-01,2400,50
Faroe Islands,fo,2289,281,1930-07-29,2148.7,Pass2_RetroStartFromPass1,40,40,50,RetroFromPass1FirstN,2600,2100,1870-01-01,2020-01-01,2400,50
French Sudan,,2287,2,1954-12-31,2316.7,Pass2_RetroStartFromPass1,40,40,50,RetroFromPass1FirstN,2600,2100,1870-01-01,2020-01-01,2400,50
North Korea,kp,2284,421,1956-10-07,2538.2,Pass2_RetroStartFromPass1,40,40,50,RetroFromPass1FirstN,2600,2100,1870-01-01,2020-01-01,2400,50
Armenia,am,2282,280,1926-12-31,2246.8,Pass2_RetroStartFromPass1,40,40,50,RetroFromPass1FirstN,2600,2100,1870-01-01,2020-01-01,2400,50
New Caledonia,nc,2280,281,1933-08-15,2402.9,Pass2_RetroStartFromPass1,40,40,50,RetroFromPass1FirstN,2600,2100,1870-01-01,2020-01-01,2400,50
Guadeloupe,gp,2278,291,1934-12-31,2403.4,Pass2_RetroStartFromPass1,40,40,50,RetroFromPass1FirstN,2600,2100,1870-01-01,2020-01-01,2400,50
Kuwait,kw,2278,737,1961-09-03,2236.8,Pass2_RetroStartFromPass1,40,40,50,RetroFromPass1FirstN,2600,2100,1870-01-01,2020-01-01,2400,50
Bahrain,bh,2276,627,1966-04-01,2152.1,Pass2_RetroStartFromPass1,40,40,50,RetroFromPass1FirstN,2600,2100,1870-01-01,2020-01-01,2400,50
Togo,tg,2275,481,1958-04-13,2314.1,Pass2_RetroStartFromPass1,40,40,50,RetroFromPass1FirstN,2600,2100,1870-01-01,2020-01-01,2400,50
Rwanda,rw,2275,288,1976-06-29,2197.4,Pass2_RetroStartFromPass1,40,40,50,RetroFromPass1FirstN,2600,2100,1870-01-01,2020-01-01,2400,50
El Salvador,sv,2272,680,1921-09-14,2402.2,Pass2_RetroStartFromPass1,40,40,50,RetroFromPass1FirstN,2600,2100,1870-01-01,2020-01-01,2400,50
Zimbabwe,zw,2272,496,1980-04-19,2418.6,Pass2_RetroStartFromPass1,40,40,50,RetroFromPass1FirstN,2600,2100,1870-01-01,2020-01-01,2400,50
Dominican Republic,do,2269,189,1949-05-14,2133.9,Pass2_RetroStartFromPass1,40,40,50,RetroFromPass1FirstN,2600,2100,1870-01-01,2020-01-01,2400,50
Azerbaijan,az,2268,322,1926-12-31,2287.5,Pass2_RetroStartFromPass1,40,40,50,RetroFromPass1FirstN,2600,2100,1870-01-01,2020-01-01,2400,50
Nicaragua,ni,2268,252,1929-05-01,1997.2,Pass2_RetroStartFromPass1,40,40,50,RetroFromPass1FirstN,2600,2100,1870-01-01,2020-01-01,2400,50
North Vietnam,vn,2267,25,1956-10-04,2310.8,Pass2_RetroStartFromPass1,40,40,50,RetroFromPass1FirstN,2600,2100,1870-01-01,2020-01-01,2400,50
Kenya,ke,2266,730,1926-05-01,2410.8,Pass2_RetroStartFromPass1,40,40,50,RetroFromPass1FirstN,2600,2100,1870-01-01,2020-01-01,2400,50
British Guiana,,2264,164,1905-07-21,2442.6,Pass2_RetroStartFromPass1,40,40,50,RetroFromPass1FirstN,2600,2100,1870-01-01,2020-01-01,2400,50
Estonia,ee,2263,539,1920-10-17,2312.3,Pass2_RetroStartFromPass1,40,40,50,RetroFromPass1FirstN,2600,2100,1870-01-01,2020-01-01,2400,50
Mozambique,mz,2263,415,1975-06-25,2256,Pass2_RetroStartFromPass1,40,40,50,RetroFromPass1FirstN,2600,2100,1870-01-01,2020-01-01,2400,50
Comoros,km,2262,159,1979-08-26,1974.5,Pass2_RetroStartFromPass1,40,40,50,RetroFromPass1FirstN,2600,2100,1870-01-01,2020-01-01,2400,50
Lebanon,lb,2262,396,1940-04-27,2240.3,Pass2_RetroStartFromPass1,40,40,50,RetroFromPass1FirstN,2600,2100,1870-01-01,2020-01-01,2400,50
Indonesia,id,2261,777,1951-03-05,2419.2,Pass2_RetroStartFromPass1,40,40,50,RetroFromPass1FirstN,2600,2100,1870-01-01,2020-01-01,2400,50
Niger,ne,2257,284,1961-12-25,2115.8,Pass2_RetroStartFromPass1,40,40,50,RetroFromPass1FirstN,2600,2100,1870-01-01,2020-01-01,2400,50
Zambia,zm,2255,825,1964-12-11,2427.1,Pass2_RetroStartFromPass1,40,40,50,RetroFromPass1FirstN,2600,2100,1870-01-01,2020-01-01,2400,50
Guyana,gy,2252,289,1966-12-31,2261.9,Pass2_RetroStartFromPass1,40,40,50,RetroFromPass1FirstN,2600,2100,1870-01-01,2020-01-01,2400,50
Cyprus,cy,2248,428,1949-07-30,2140.3,Pass2_RetroStartFromPass1,40,40,50,RetroFromPass1FirstN,2600,2100,1870-01-01,2020-01-01,2400,50
French Somaliland,,2243,7,1947-12-05,2340.3,Pass2_RetroStartFromPass1,40,40,50,RetroFromPass1FirstN,2600,2100,1870-01-01,2020-01-01,2400,50
Sudan,sd,2243,542,1956-05-13,2428.5,Pass2_RetroStartFromPass1,40,40,50,RetroFromPass1FirstN,2600,2100,1870-01-01,2020-01-01,2400,50
Tanganyika,,2242,54,1945-12-31,2323,Pass2_RetroStartFromPass1,40,40,50,RetroFromPass1FirstN,2600,2100,1870-01-01,2020-01-01,2400,50
Tahiti,pf,2242,252,1952-09-21,2354.5,Pass2_RetroStartFromPass1,40,40,50,RetroFromPass1FirstN,2600,2100,1870-01-01,2020-01-01,2400,50
Latvia,lv,2235,458,1922-09-24,2331.9,Pass2_RetroStartFromPass1,40,40,50,RetroFromPass1FirstN,2600,2100,1870-01-01,2020-01-01,2400,50
Nyasaland,,2235,5,1957-12-31,2306.7,Pass2_RetroStartFromPass1,40,40,50,RetroFromPass1FirstN,2600,2100,1870-01-01,2020-01-01,2400,50
Mauritania,mr,2232,296,1961-12-25,2025.6,Pass2_RetroStartFromPass1,40,40,50,RetroFromPass1FirstN,2600,2100,1870-01-01,2020-01-01,2400,50
Khmer Republic,,2230,69,1970-11-09,2252.1,Pass2_RetroStartFromPass1,40,40,50,RetroFromPass1FirstN,2600,2100,1870-01-01,2020-01-01,2400,50
Sierra Leone,sl,2222,326,1949-10-08,2243.8,Pass2_RetroStartFromPass1,40,40,50,RetroFromPass1FirstN,2600,2100,1870-01-01,2020-01-01,2400,50
Malta,mt,2221,454,1957-02-24,2254.4,Pass2_RetroStartFromPass1,40,40,50,RetroFromPass1FirstN,2600,2100,1870-01-01,2020-01-01,2400,50
Cuba,cu,2219,503,1930-03-16,2388.5,Pass2_RetroStartFromPass1,40,40,50,RetroFromPass1FirstN,2600,2100,1870-01-01,2020-01-01,2400,50
Martinique,mq,2219,366,1931-02-09,2435.7,Pass2_RetroStartFromPass1,40,40,50,RetroFromPass1FirstN,2600,2100,1870-01-01,2020-01-01,2400,50
Lithuania,lt,2216,416,1923-06-24,2187.8,Pass2_RetroStartFromPass1,40,40,50,RetroFromPass1FirstN,2600,2100,1870-01-01,2020-01-01,2400,50
Kyrgyzstan,kg,2215,190,1992-08-23,2080.4,Pass2_RetroStartFromPass1,40,40,50,RetroFromPass1FirstN,2600,2100,1870-01-01,2020-01-01,2400,50
Tajikistan,tj,2213,212,1992-06-17,2259.3,Pass2_RetroStartFromPass1,40,40,50,RetroFromPass1FirstN,2600,2100,1870-01-01,2020-01-01,2400,50
Aden,,2211,4,1965-09-02,2281.1,Pass2_RetroStartFromPass1,40,40,50,RetroFromPass1FirstN,2600,2100,1870-01-01,2020-01-01,2400,50
Zanzibar,tz,2207,204,1947-09-18,2041.4,Pass2_RetroStartFromPass1,40,40,50,RetroFromPass1FirstN,2600,2100,1870-01-01,2020-01-01,2400,50
Upper Volta,,2207,72,1960-04-14,2216.6,Pass2_RetroStartFromPass1,40,40,50,RetroFromPass1FirstN,2600,2100,1870-01-01,2020-01-01,2400,50
Burma,,2205,274,1950-02-17,2221.2,Pass2_RetroStartFromPass1,40,40,50,RetroFromPass1FirstN,2600,2100,1870-01-01,2020-01-01,2400,50
Papua New Guinea,pg,2202,163,1963-08-29,2240.6,Pass2_RetroStartFromPass1,40,40,50,RetroFromPass1FirstN,2600,2100,1870-01-01,2020-01-01,2400,50
Ethiopia,et,2201,460,1947-12-05,2397.3,Pass2_RetroStartFromPass1,40,40,50,RetroFromPass1FirstN,2600,2100,1870-01-01,2020-01-01,2400,50
Botswana,bw,2200,357,1968-07-13,2106.8,Pass2_RetroStartFromPass1,40,40,50,RetroFromPass1FirstN,2600,2100,1870-01-01,2020-01-01,2400,50
Niue,nu,2196,2,1983-08-20,2221.2,Pass2_RetroStartFromPass1,40,40,50,RetroFromPass1FirstN,2600,2100,1870-01-01,2020-01-01,2400,50
Tanzania,tz,2196,570,1965-03-13,2253.2,Pass2_RetroStartFromPass1,40,40,50,RetroFromPass1FirstN,2600,2100,1870-01-01,2020-01-01,2400,50
Moldova,md,2192,299,1991-07-02,2282.2,Pass2_RetroStartFromPass1,40,40,50,RetroFromPass1FirstN,2600,2100,1870-01-01,2020-01-01,2400,50
Swaziland,,2191,228,1968-07-20,2168,Pass2_RetroStartFromPass1,40,40,50,RetroFromPass1FirstN,2600,2100,1870-01-01,2020-01-01,2400,50
Namibia,na,2189,306,1989-05-16,2228.8,Pass2_RetroStartFromPass1,40,40,50,RetroFromPass1FirstN,2600,2100,1870-01-01,2020-01-01,2400,50
South Vietnam,,2187,217,1947-04-20,2365.1,Pass2_RetroStartFromPass1,40,40,50,RetroFromPass1FirstN,2600,2100,1870-01-01,2020-01-01,2400,50
Burundi,bi,2185,239,1964-10-09,2304.1,Pass2_RetroStartFromPass1,40,40,50,RetroFromPass1FirstN,2600,2100,1870-01-01,2020-01-01,2400,50
French Guiana,gf,2177,188,1935-12-29,2273.3,Pass2_RetroStartFromPass1,40,40,50,RetroFromPass1FirstN,2600,2100,1870-01-01,2020-01-01,2400,50
Liberia,lr,2171,331,1954-12-31,2245.4,Pass2_RetroStartFromPass1,40,40,50,RetroFromPass1FirstN,2600,2100,1870-01-01,2020-01-01,2400,50
Fiji,fj,2164,284,1951-10-07,2230.2,Pass2_RetroStartFromPass1,40,40,50,RetroFromPass1FirstN,2600,2100,1870-01-01,2020-01-01,2400,50
Mayotte,yt,2163,40,2000-04-01,2165.8,Pass2_RetroStartFromPass1,40,40,50,RetroFromPass1FirstN,2600,2100,1870-01-01,2020-01-01,2400,50
Vanuatu,vu,2160,184,1981-07-07,2201.6,Pass2_RetroStartFromPass1,40,40,50,RetroFromPass1FirstN,2600,2100,1870-01-01,2020-01-01,2400,50
Central African Republic,cf,2159,160,1960-04-14,2130.8,Pass2_RetroStartFromPass1,40,40,50,RetroFromPass1FirstN,2600,2100,1870-01-01,2020-01-01,2400,50
Guinea-Bissau,gw,2156,203,1975-06-08,2236.5,Pass2_RetroStartFromPass1,40,40,50,RetroFromPass1FirstN,2600,2100,1870-01-01,2020-01-01,2400,50
Saint Vincent and the Grenadines,vc,2155,359,1936-09-12,2438.2,Pass2_RetroStartFromPass1,40,40,50,RetroFromPass1FirstN,2600,2100,1870-01-01,2020-01-01,2400,50
Puerto Rico,pr,2150,198,1940-11-12,1950.5,Pass2_RetroStartFromPass1,40,40,50,RetroFromPass1FirstN,2600,2100,1870-01-01,2020-01-01,2400,50
Kurdistan,,2149,2,2012-05-15,2125.4,Pass2_RetroStartFromPass1,40,40,50,RetroFromPass1FirstN,2600,2100,1870-01-01,2020-01-01,2400,50
Sint Eustatius,,2147,3,2004-08-20,2151.2,Pass2_RetroStartFromPass1,40,40,50,RetroFromPass1FirstN,2600,2100,1870-01-01,2020-01-01,2400,50
South Yemen,ye,2141,40,1972-01-01,2260,Pass2_RetroStartFromPass1,40,40,50,RetroFromPass1FirstN,2600,2100,1870-01-01,2020-01-01,2400,50
New Hebrides,,2141,37,1951-10-04,2327.5,Pass2_RetroStartFromPass1,40,40,50,RetroFromPass1FirstN,2600,2100,1870-01-01,2020-01-01,2400,50
Turkmenistan,tm,2137,184,1992-06-01,2298.3,Pass2_RetroStartFromPass1,40,40,50,RetroFromPass1FirstN,2600,2100,1870-01-01,2020-01-01,2400,50
Singapore,sg,2130,759,1948-05-22,2244.6,Pass2_RetroStartFromPass1,40,40,50,RetroFromPass1FirstN,2600,2100,1870-01-01,2020-01-01,2400,50
Congo,cg,2130,462,1960-02-29,2410.4,Pass2_RetroStartFromPass1,40,40,50,RetroFromPass1FirstN,2600,2100,1870-01-01,2020-01-01,2400,50
Philippines,ph,2127,387,1913-02-04,2141.6,Pass2_RetroStartFromPass1,40,40,50,RetroFromPass1FirstN,2600,2100,1870-01-01,2020-01-01,2400,50
Monaco,mc,2126,3,2002-02-18,2159.6,Pass2_RetroStartFromPass1,40,40,50,RetroFromPass1FirstN,2600,2100,1870-01-01,2020-01-01,2400,50
Palau,pw,2117,2,1998-07-31,2171.4,Pass2_RetroStartFromPass1,40,40,50,RetroFromPass1FirstN,2600,2100,1870-01-01,2020-01-01,2400,50
Lesotho,ls,2116,340,1970-08-08,2170.4,Pass2_RetroStartFromPass1,40,40,50,RetroFromPass1FirstN,2600,2100,1870-01-01,2020-01-01,2400,50
Belize,bz,2115,129,1983-12-08,2117,Pass2_RetroStartFromPass1,40,40,50,RetroFromPass1FirstN,2600,2100,1870-01-01,2020-01-01,2400,50
Bermuda,bm,2115,234,1964-08-10,2252.1,Pass2_RetroStartFromPass1,40,40,50,RetroFromPass1FirstN,2600,2100,1870-01-01,2020-01-01,2400,50
Tibet,cn,2106,6,1972-11-06,2257.2,Pass2_RetroStartFromPass1,40,40,50,RetroFromPass1FirstN,2600,2100,1870-01-01,2020-01-01,2400,50
Falkland Islands,fk,2106,1,2013-07-15,2121.5,Pass2_RetroStartFromPass1,40,40,50,RetroFromPass1FirstN,2600,2100,1870-01-01,2020-01-01,2400,50
Netherlands Antilles,,2105,216,1947-04-06,2422.6,Pass2_RetroStartFromPass1,40,40,50,RetroFromPass1FirstN,2600,2100,1870-01-01,2020-01-01,2400,50
Solomon Islands,sb,2103,223,1963-08-30,2256.1,Pass2_RetroStartFromPass1,40,40,50,RetroFromPass1FirstN,2600,2100,1870-01-01,2020-01-01,2400,50
Grenada,gd,2100,304,1934-10-13,2440.9,Pass2_RetroStartFromPass1,40,40,50,RetroFromPass1FirstN,2600,2100,1870-01-01,2020-01-01,2400,50
India,in,2099,588,1948-06-03,2450,Pass2_RetroStartFromPass1,40,40,50,RetroFromPass1FirstN,2600,2100,1870-01-01,2020-01-01,2400,50
Eritrea,er,2094,86,1992-06-26,2128.8,Pass2_RetroStartFromPass1,40,40,50,RetroFromPass1FirstN,2600,2100,1870-01-01,2020-01-01,2400,50
Malawi,mw,2088,661,1964-07-20,2256.2,Pass2_RetroStartFromPass1,40,40,50,RetroFromPass1FirstN,2600,2100,1870-01-01,2020-01-01,2400,50
Hong Kong,hk,2086,513,1947-04-20,2463.1,Pass2_RetroStartFromPass1,40,40,50,RetroFromPass1FirstN,2600,2100,1870-01-01,2020-01-01,2400,50
Chagos Islands,io,2085,1,2018-06-09,2105.2,Pass2_RetroStartFromPass1,40,40,50,RetroFromPass1FirstN,2600,2100,1870-01-01,2020-01-01,2400,50
Yemen,ye,2082,245,1990-09-08,2190.2,Pass2_RetroStartFromPass1,40,40,50,RetroFromPass1FirstN,2600,2100,1870-01-01,2020-01-01,2400,50
Ceylon,,2081,26,1952-03-09,2326.1,Pass2_RetroStartFromPass1,40,40,50,RetroFromPass1FirstN,2600,2100,1870-01-01,2020-01-01,2400,50
Kiribati,ki,2072,11,1979-08-30,2234.5,Pass2_RetroStartFromPass1,40,40,50,RetroFromPass1FirstN,2600,2100,1870-01-01,2020-01-01,2400,50
Eswatini,sz,2070,80,2018-04-19,2192.2,Pass2_RetroStartFromPass1,40,40,50,RetroFromPass1FirstN,2600,2100,1870-01-01,2020-01-01,2400,50
Saint Pierre and Miquelon,pm,2060,6,2010-09-22,2130.9,Pass2_RetroStartFromPass1,40,40,50,RetroFromPass1FirstN,2600,2100,1870-01-01,2020-01-01,2400,50
Tuvalu,tv,2058,34,1979-08-30,2234.5,Pass2_RetroStartFromPass1,40,40,50,RetroFromPass1FirstN,2600,2100,1870-01-01,2020-01-01,2400,50
North Yemen,,2055,37,1966-04-02,2279.2,Pass2_RetroStartFromPass1,40,40,50,RetroFromPass1FirstN,2600,2100,1870-01-01,2020-01-01,2400,50
Western Samoa,,2052,21,1979-08-31,2234.5,Pass2_RetroStartFromPass1,40,40,50,RetroFromPass1FirstN,2600,2100,1870-01-01,2020-01-01,2400,50
Sint Maarten,sx,2052,77,1968-10-27,2045.3,Pass2_RetroStartFromPass1,40,40,50,RetroFromPass1FirstN,2600,2100,1870-01-01,2020-01-01,2400,50
Saint Kitts and Nevis,kn,2049,242,1938-08-18,2307,Pass2_RetroStartFromPass1,40,40,50,RetroFromPass1FirstN,2600,2100,1870-01-01,2020-01-01,2400,50
South Sudan,ss,2049,81,2012-07-10,2041.4,Pass2_RetroStartFromPass1,40,40,50,RetroFromPass1FirstN,2600,2100,1870-01-01,2020-01-01,2400,50
FS Micronesia,,2046,8,1999-06-30,2168.4,Pass2_RetroStartFromPass1,40,40,50,RetroFromPass1FirstN,2600,2100,1870-01-01,2020-01-01,2400,50
Wallis and Futuna,,2045,24,1966-12-11,2276.9,Pass2_RetroStartFromPass1,40,40,50,RetroFromPass1FirstN,2600,2100,1870-01-01,2020-01-01,2400,50
Mauritius,mu,2042,346,1932-01-17,2429.4,Pass2_RetroStartFromPass1,40,40,50,RetroFromPass1FirstN,2600,2100,1870-01-01,2020-01-01,2400,50
Saint Barthélemy,,2041,10,2010-07-03,2131.7,Pass2_RetroStartFromPass1,40,40,50,RetroFromPass1FirstN,2600,2100,1870-01-01,2020-01-01,2400,50
Montserrat,ms,2033,75,1950-02-01,2033.5,Pass2_RetroStartFromPass1,40,40,50,RetroFromPass1FirstN,2600,2100,1870-01-01,2020-01-01,2400,50
Chad,td,2028,181,1961-12-25,2155.4,Pass2_RetroStartFromPass1,40,40,50,RetroFromPass1FirstN,2600,2100,1870-01-01,2020-01-01,2400,50
Aruba,aw,2024,207,1924-04-06,2393.8,Pass2_RetroStartFromPass1,40,40,50,RetroFromPass1FirstN,2600,2100,1870-01-01,2020-01-01,2400,50
Andorra,ad,2019,229,1996-11-13,1993.1,Pass2_RetroStartFromPass1,40,40,50,RetroFromPass1FirstN,2600,2100,1870-01-01,2020-01-01,2400,50
Saint Martin,mf,2015,88,1988-06-14,2076.9,Pass2_RetroStartFromPass1,40,40,50,RetroFromPass1FirstN,2600,2100,1870-01-01,2020-01-01,2400,50
Saint Lucia,lc,2007,253,1936-01-31,2309.4,Pass2_RetroStartFromPass1,40,40,50,RetroFromPass1FirstN,2600,2100,1870-01-01,2020-01-01,2400,50
Greenland,gl,2004,18,1980-07-02,2231.7,Pass2_RetroStartFromPass1,40,40,50,RetroFromPass1FirstN,2600,2100,1870-01-01,2020-01-01,2400,50
Myanmar,mm,1997,263,1989-08-22,2152.8,Pass2_RetroStartFromPass1,40,40,50,RetroFromPass1FirstN,2600,2100,1870-01-01,2020-01-01,2400,50
São Tomé and Príncipe,,1994,88,1976-05-02,2022.7,Pass2_RetroStartFromPass1,40,40,50,RetroFromPass1FirstN,2600,2100,1870-01-01,2020-01-01,2400,50
Gibraltar,gi,1993,116,1993-07-06,2144.1,Pass2_RetroStartFromPass1,40,40,50,RetroFromPass1FirstN,2600,2100,1870-01-01,2020-01-01,2400,50
Samoa,ws,1985,56,1998-09-02,2101.5,Pass2_RetroStartFromPass1,40,40,50,RetroFromPass1FirstN,2600,2100,1870-01-01,2020-01-01,2400,50
Marshall Islands,mh,1971,4,2025-08-14,2100,Pass2_RetroStartFromPass1,40,40,50,RetroFromPass1FirstN,2600,2100,1870-01-01,2020-01-01,2400,50
Somalia,so,1954,147,1963-11-14,2126.4,Pass2_RetroStartFromPass1,40,40,50,RetroFromPass1FirstN,2600,2100,1870-01-01,2020-01-01,2400,50
Antigua and Barbuda,ag,1954,283,1950-02-01,2231.7,Pass2_RetroStartFromPass1,40,40,50,RetroFromPass1FirstN,2600,2100,1870-01-01,2020-01-01,2400,50
Afghanistan,af,1941,164,1941-08-24,1910.4,Pass2_RetroStartFromPass1,40,40,50,RetroFromPass1FirstN,2600,2100,1870-01-01,2020-01-01,2400,50
Bangladesh,bd,1938,325,1973-07-27,2136.7,Pass2_RetroStartFromPass1,40,40,50,RetroFromPass1FirstN,2600,2100,1870-01-01,2020-01-01,2400,50
Barbados,bb,1936,372,1929-04-20,2294.2,Pass2_RetroStartFromPass1,40,40,50,RetroFromPass1FirstN,2600,2100,1870-01-01,2020-01-01,2400,50
Dominica,dm,1930,244,1932-12-31,2316.3,Pass2_RetroStartFromPass1,40,40,50,RetroFromPass1FirstN,2600,2100,1870-01-01,2020-01-01,2400,50
Bonaire,bq,1921,105,1934-02-04,2264.1,Pass2_RetroStartFromPass1,40,40,50,RetroFromPass1FirstN,2600,2100,1870-01-01,2020-01-01,2400,50
Cayman Islands,ky,1920,131,1985-03-03,2174,Pass2_RetroStartFromPass1,40,40,50,RetroFromPass1FirstN,2600,2100,1870-01-01,2020-01-01,2400,50
Liechtenstein,li,1920,257,1981-06-14,2028.6,Pass2_RetroStartFromPass1,40,40,50,RetroFromPass1FirstN,2600,2100,1870-01-01,2020-01-01,2400,50
Djibouti,dj,1912,113,1983-03-27,1799.8,Pass2_RetroStartFromPass1,40,40,50,RetroFromPass1FirstN,2600,2100,1870-01-01,2020-01-01,2400,50
Cook Islands,ck,1901,56,1971-09-11,2052,Pass2_RetroStartFromPass1,40,40,50,RetroFromPass1FirstN,2600,2100,1870-01-01,2020-01-01,2400,50
Taiwan,tw,1895,337,1954-05-01,2443.8,Pass2_RetroStartFromPass1,40,40,50,RetroFromPass1FirstN,2600,2100,1870-01-01,2020-01-01,2400,50
Nepal,np,1884,299,1972-10-13,2124,Pass2_RetroStartFromPass1,40,40,50,RetroFromPass1FirstN,2600,2100,1870-01-01,2020-01-01,2400,50
Turks and Caicos Islands,tc,1868,58,1999-02-24,1925.6,Pass2_RetroStartFromPass1,40,40,50,RetroFromPass1FirstN,2600,2100,1870-01-01,2020-01-01,2400,50
British Virgin Islands,vg,1858,140,1985-10-31,2056.6,Pass2_RetroStartFromPass1,40,40,50,RetroFromPass1FirstN,2600,2100,1870-01-01,2020-01-01,2400,50
Cambodia,kh,1858,239,1956-03-17,2037.4,Pass2_RetroStartFromPass1,40,40,50,RetroFromPass1FirstN,2600,2100,1870-01-01,2020-01-01,2400,50
Maldives,mv,1855,240,1979-08-27,1946.2,Pass2_RetroStartFromPass1,40,40,50,RetroFromPass1FirstN,2600,2100,1870-01-01,2020-01-01,2400,50
Sri Lanka,lk,1853,255,1972-06-07,1891.1,Pass2_RetroStartFromPass1,40,40,50,RetroFromPass1FirstN,2600,2100,1870-01-01,2020-01-01,2400,50
Tonga,to,1834,70,1979-08-29,2089,Pass2_RetroStartFromPass1,40,40,50,RetroFromPass1FirstN,2600,2100,1870-01-01,2020-01-01,2400,50
Anguilla,ai,1831,120,1985-10-31,1779,Pass2_RetroStartFromPass1,40,40,50,RetroFromPass1FirstN,2600,2100,1870-01-01,2020-01-01,2400,50
Seychelles,sc,1820,187,1974-03-13,2039.9,Pass2_RetroStartFromPass1,40,40,50,RetroFromPass1FirstN,2600,2100,1870-01-01,2020-01-01,2400,50
Guam,gu,1820,130,1975-08-02,1894.3,Pass2_RetroStartFromPass1,40,40,50,RetroFromPass1FirstN,2600,2100,1870-01-01,2020-01-01,2400,50
United States Virgin Islands,vi,1819,83,1998-03-22,1940.1,Pass2_RetroStartFromPass1,40,40,50,RetroFromPass1FirstN,2600,2100,1870-01-01,2020-01-01,2400,50
Pakistan,pk,1801,278,1950-10-27,2341.5,Pass2_RetroStartFromPass1,40,40,50,RetroFromPass1FirstN,2600,2100,1870-01-01,2020-01-01,2400,50
San Marino,sm,1797,226,1987-09-16,1787,Pass2_RetroStartFromPass1,40,40,50,RetroFromPass1FirstN,2600,2100,1870-01-01,2020-01-01,2400,50
Laos,la,1794,234,1961-12-12,1991.8,Pass2_RetroStartFromPass1,40,40,50,RetroFromPass1FirstN,2600,2100,1870-01-01,2020-01-01,2400,50
Mongolia,mn,1779,98,1960-12-03,1866.3,Pass2_RetroStartFromPass1,40,40,50,RetroFromPass1FirstN,2600,2100,1870-01-01,2020-01-01,2400,50
Bahamas,bs,1752,91,1965-07-17,2056.6,Pass2_RetroStartFromPass1,40,40,50,RetroFromPass1FirstN,2600,2100,1870-01-01,2020-01-01,2400,50
American Samoa,as,1725,59,1983-08-20,1817.6,Pass2_RetroStartFromPass1,40,40,50,RetroFromPass1FirstN,2600,2100,1870-01-01,2020-01-01,2400,50
Brunei,bn,1701,151,1971-05-22,1961.8,Pass2_RetroStartFromPass1,40,40,50,RetroFromPass1FirstN,2600,2100,1870-01-01,2020-01-01,2400,50
Northern Mariana Islands,mp,1700,36,1998-07-30,2171.4,Pass2_RetroStartFromPass1,40,40,50,RetroFromPass1FirstN,2600,2100,1870-01-01,2020-01-01,2400,50
Bhutan,bt,1687,113,1982-04-30,1740.4,Pass2_RetroStartFromPass1,40,40,50,RetroFromPass1FirstN,2600,2100,1870-01-01,2020-01-01,2400,50
Timor-Leste,tl,1672,93,2003-03-21,1680.5,Pass2_RetroStartFromPass1,40,40,50,RetroFromPass1FirstN,2600,2100,1870-01-01,2020-01-01,2400,50
Macau,mo,1657,165,1948-03-29,2049.7,Pass2_RetroStartFromPass1,40,40,50,RetroFromPass1FirstN,2600,2100,1870-01-01,2020-01-01,2400,50
