MatchID,EventID,EventName,EventSeason,EventStartDate,EventEndDate,PlayerA_ID,PlayerB_ID,ScoreA,ScoreB,WinnerID,MatchDate,SourceFile
8767232,1040,Grand Prix,2004,2004-10-02,2004-10-10,15,173,5,2,15,2024-07-09T11:22:44Z,matches_2004_event_1040.csv
8767233,1040,Grand Prix,2004,2004-10-02,2004-10-10,54,500,5,0,54,2024-07-09T11:22:44Z,matches_2004_event_1040.csv
8767234,1040,Grand Prix,2004,2004-10-02,2004-10-10,68,1197,5,4,68,2024-07-09T11:22:44Z,matches_2004_event_1040.csv
8767235,1040,Grand Prix,2004,2004-10-02,2004-10-10,549,505,4,5,505,2024-07-09T11:22:44Z,matches_2004_event_1040.csv
8767236,1040,Grand Prix,2004,2004-10-02,2004-10-10,17,546,5,4,17,2024-07-09T11:22:44Z,matches_2004_event_1040.csv
8767237,1040,Grand Prix,2004,2004-10-02,2004-10-10,657,422,4,5,422,2024-07-09T11:22:44Z,matches_2004_event_1040.csv
8767238,1040,Grand Prix,2004,2004-10-02,2004-10-10,3204,119,1,5,119,2024-07-09T11:22:44Z,matches_2004_event_1040.csv
8767239,1040,Grand Prix,2004,2004-10-02,2004-10-10,30,7,4,5,7,2024-07-09T11:22:44Z,matches_2004_event_1040.csv
8767240,1040,Grand Prix,2004,2004-10-02,2004-10-10,1426,21,5,4,1426,2024-07-09T11:22:44Z,matches_2004_event_1040.csv
8767241,1040,Grand Prix,2004,2004-10-02,2004-10-10,193,3226,5,2,193,2024-07-09T11:22:44Z,matches_2004_event_1040.csv
8767242,1040,Grand Prix,2004,2004-10-02,2004-10-10,804,122,4,5,122,2024-07-09T11:22:44Z,matches_2004_event_1040.csv
8767243,1040,Grand Prix,2004,2004-10-02,2004-10-10,36,3202,5,2,36,2024-07-09T11:22:44Z,matches_2004_event_1040.csv
8767244,1040,Grand Prix,2004,2004-10-02,2004-10-10,1162,3200,5,2,1162,2024-07-09T11:22:44Z,matches_2004_event_1040.csv
8767245,1040,Grand Prix,2004,2004-10-02,2004-10-10,64,283,0,5,283,2024-07-09T11:22:44Z,matches_2004_event_1040.csv
8767246,1040,Grand Prix,2004,2004-10-02,2004-10-10,31,223,4,5,223,2024-07-09T11:22:44Z,matches_2004_event_1040.csv
8767247,1040,Grand Prix,2004,2004-10-02,2004-10-10,55,1049,5,0,55,2024-07-09T11:22:44Z,matches_2004_event_1040.csv
8767248,1040,Grand Prix,2004,2004-10-02,2004-10-10,53,3203,5,2,53,2024-07-09T11:23:36Z,matches_2004_event_1040.csv
8767249,1040,Grand Prix,2004,2004-10-02,2004-10-10,179,50,1,5,50,2024-07-09T11:23:36Z,matches_2004_event_1040.csv
8767250,1040,Grand Prix,2004,2004-10-02,2004-10-10,56,60,5,2,56,2024-07-09T11:23:36Z,matches_2004_event_1040.csv
8767251,1040,Grand Prix,2004,2004-10-02,2004-10-10,177,3201,5,1,177,2024-07-09T11:23:36Z,matches_2004_event_1040.csv
8767252,1040,Grand Prix,2004,2004-10-02,2004-10-10,63,1196,5,3,63,2024-07-09T11:23:36Z,matches_2004_event_1040.csv
8767253,1040,Grand Prix,2004,2004-10-02,2004-10-10,14,194,5,2,14,2024-07-09T11:23:36Z,matches_2004_event_1040.csv
8767254,1040,Grand Prix,2004,2004-10-02,2004-10-10,922,62,1,5,62,2024-07-09T11:23:36Z,matches_2004_event_1040.csv
8767255,1040,Grand Prix,2004,2004-10-02,2004-10-10,97,205,5,0,97,2024-07-09T11:23:36Z,matches_2004_event_1040.csv
8767256,1040,Grand Prix,2004,2004-10-02,2004-10-10,51,224,5,1,51,2024-07-09T11:23:36Z,matches_2004_event_1040.csv
8767257,1040,Grand Prix,2004,2004-10-02,2004-10-10,2505,154,0,5,154,2024-07-09T11:23:36Z,matches_2004_event_1040.csv
8767258,1040,Grand Prix,2004,2004-10-02,2004-10-10,520,492,5,2,520,2024-07-09T11:23:36Z,matches_2004_event_1040.csv
8767259,1040,Grand Prix,2004,2004-10-02,2004-10-10,672,83,2,5,83,2024-07-09T11:23:36Z,matches_2004_event_1040.csv
8767260,1040,Grand Prix,2004,2004-10-02,2004-10-10,409,23,5,0,409,2024-07-09T11:23:36Z,matches_2004_event_1040.csv
8767261,1040,Grand Prix,2004,2004-10-02,2004-10-10,16,498,5,1,16,2024-07-09T11:23:36Z,matches_2004_event_1040.csv
8767262,1040,Grand Prix,2004,2004-10-02,2004-10-10,204,8,5,4,204,2024-07-09T11:23:36Z,matches_2004_event_1040.csv
8767263,1040,Grand Prix,2004,2004-10-02,2004-10-10,11,19,5,1,11,2024-07-09T11:23:36Z,matches_2004_event_1040.csv
8767264,1040,Grand Prix,2004,2004-10-02,2004-10-10,5,15,5,2,5,2024-07-09T11:30:07Z,matches_2004_event_1040.csv
8767265,1040,Grand Prix,2004,2004-10-02,2004-10-10,35,54,5,3,35,2024-07-09T11:30:07Z,matches_2004_event_1040.csv
8767266,1040,Grand Prix,2004,2004-10-02,2004-10-10,52,68,5,4,52,2024-07-09T11:30:07Z,matches_2004_event_1040.csv
8767267,1040,Grand Prix,2004,2004-10-02,2004-10-10,33,505,5,1,33,2024-07-09T11:30:07Z,matches_2004_event_1040.csv
8767268,1040,Grand Prix,2004,2004-10-02,2004-10-10,2880,17,4,5,17,2024-07-09T11:30:07Z,matches_2004_event_1040.csv
8767269,1040,Grand Prix,2004,2004-10-02,2004-10-10,1166,422,4,5,422,2024-07-09T11:30:07Z,matches_2004_event_1040.csv
8767270,1040,Grand Prix,2004,2004-10-02,2004-10-10,42,119,5,2,42,2024-07-09T11:30:07Z,matches_2004_event_1040.csv
8767271,1040,Grand Prix,2004,2004-10-02,2004-10-10,28,7,0,5,7,2024-07-09T11:30:07Z,matches_2004_event_1040.csv
8767272,1040,Grand Prix,2004,2004-10-02,2004-10-10,170,1426,5,1,170,2024-07-09T11:30:07Z,matches_2004_event_1040.csv
8767273,1040,Grand Prix,2004,2004-10-02,2004-10-10,408,193,2,5,193,2024-07-09T11:30:07Z,matches_2004_event_1040.csv
8767274,1040,Grand Prix,2004,2004-10-02,2004-10-10,13,122,5,2,13,2024-07-09T11:30:07Z,matches_2004_event_1040.csv
8767275,1040,Grand Prix,2004,2004-10-02,2004-10-10,115,36,5,2,115,2024-07-09T11:30:07Z,matches_2004_event_1040.csv
8767276,1040,Grand Prix,2004,2004-10-02,2004-10-10,212,1162,5,1,212,2024-07-09T11:30:07Z,matches_2004_event_1040.csv
8767277,1040,Grand Prix,2004,2004-10-02,2004-10-10,41,283,5,3,41,2024-07-09T11:30:07Z,matches_2004_event_1040.csv
8767278,1040,Grand Prix,2004,2004-10-02,2004-10-10,1191,223,5,3,1191,2024-07-09T11:30:07Z,matches_2004_event_1040.csv
8767279,1040,Grand Prix,2004,2004-10-02,2004-10-10,158,55,5,4,158,2024-07-09T11:30:07Z,matches_2004_event_1040.csv
8767280,1040,Grand Prix,2004,2004-10-02,2004-10-10,153,53,5,4,153,2024-07-09T11:30:07Z,matches_2004_event_1040.csv
8767281,1040,Grand Prix,2004,2004-10-02,2004-10-10,92,50,5,2,92,2024-07-09T11:30:07Z,matches_2004_event_1040.csv
8767282,1040,Grand Prix,2004,2004-10-02,2004-10-10,20,56,5,4,20,2024-07-09T11:30:07Z,matches_2004_event_1040.csv
8767283,1040,Grand Prix,2004,2004-10-02,2004-10-10,103,177,5,4,103,2024-07-09T11:30:07Z,matches_2004_event_1040.csv
8767284,1040,Grand Prix,2004,2004-10-02,2004-10-10,44,63,5,4,44,2024-07-09T11:30:07Z,matches_2004_event_1040.csv
8767285,1040,Grand Prix,2004,2004-10-02,2004-10-10,38,14,2,5,14,2024-07-09T11:30:07Z,matches_2004_event_1040.csv
8767286,1040,Grand Prix,2004,2004-10-02,2004-10-10,237,62,3,5,62,2024-07-09T11:30:07Z,matches_2004_event_1040.csv
8767287,1040,Grand Prix,2004,2004-10-02,2004-10-10,2,97,5,2,2,2024-07-09T11:30:07Z,matches_2004_event_1040.csv
8767288,1040,Grand Prix,2004,2004-10-02,2004-10-10,9,51,1,5,51,2024-07-09T11:30:07Z,matches_2004_event_1040.csv
8767289,1040,Grand Prix,2004,2004-10-02,2004-10-10,125,154,2,5,154,2024-07-09T11:30:07Z,matches_2004_event_1040.csv
8767290,1040,Grand Prix,2004,2004-10-02,2004-10-10,130,520,5,0,130,2024-07-09T11:30:07Z,matches_2004_event_1040.csv
8767291,1040,Grand Prix,2004,2004-10-02,2004-10-10,168,83,5,1,168,2024-07-09T11:30:07Z,matches_2004_event_1040.csv
8767292,1040,Grand Prix,2004,2004-10-02,2004-10-10,4,409,5,2,4,2024-07-09T11:30:07Z,matches_2004_event_1040.csv
8767293,1040,Grand Prix,2004,2004-10-02,2004-10-10,6,16,4,5,16,2024-07-09T11:30:07Z,matches_2004_event_1040.csv
8767294,1040,Grand Prix,2004,2004-10-02,2004-10-10,1,204,2,5,204,2024-07-09T11:30:07Z,matches_2004_event_1040.csv
8767295,1040,Grand Prix,2004,2004-10-02,2004-10-10,2745,11,3,5,11,2024-07-09T11:30:07Z,matches_2004_event_1040.csv
8767296,1040,Grand Prix,2004,2004-10-02,2004-10-10,5,35,5,1,5,2024-07-09T11:33:05Z,matches_2004_event_1040.csv
8767297,1040,Grand Prix,2004,2004-10-02,2004-10-10,52,33,5,2,52,2024-07-09T11:33:05Z,matches_2004_event_1040.csv
8767298,1040,Grand Prix,2004,2004-10-02,2004-10-10,17,422,5,2,17,2024-07-09T11:33:05Z,matches_2004_event_1040.csv
8767299,1040,Grand Prix,2004,2004-10-02,2004-10-10,42,7,5,4,42,2024-07-09T11:33:05Z,matches_2004_event_1040.csv
8767300,1040,Grand Prix,2004,2004-10-02,2004-10-10,170,193,3,5,193,2024-07-09T11:33:05Z,matches_2004_event_1040.csv
8767301,1040,Grand Prix,2004,2004-10-02,2004-10-10,13,115,5,1,13,2024-07-09T11:33:05Z,matches_2004_event_1040.csv
8767302,1040,Grand Prix,2004,2004-10-02,2004-10-10,212,41,5,1,212,2024-07-09T11:33:05Z,matches_2004_event_1040.csv
8767303,1040,Grand Prix,2004,2004-10-02,2004-10-10,1191,158,5,4,1191,2024-07-09T11:33:05Z,matches_2004_event_1040.csv
8767304,1040,Grand Prix,2004,2004-10-02,2004-10-10,153,92,5,3,153,2024-07-09T11:33:05Z,matches_2004_event_1040.csv
8767305,1040,Grand Prix,2004,2004-10-02,2004-10-10,20,103,4,5,103,2024-07-09T11:33:05Z,matches_2004_event_1040.csv
8767306,1040,Grand Prix,2004,2004-10-02,2004-10-10,44,14,4,5,14,2024-07-09T11:33:05Z,matches_2004_event_1040.csv
8767307,1040,Grand Prix,2004,2004-10-02,2004-10-10,62,2,3,5,2,2024-07-09T11:33:05Z,matches_2004_event_1040.csv
8767308,1040,Grand Prix,2004,2004-10-02,2004-10-10,51,154,3,5,154,2024-07-09T11:33:05Z,matches_2004_event_1040.csv
8767309,1040,Grand Prix,2004,2004-10-02,2004-10-10,130,168,3,5,168,2024-07-09T11:33:05Z,matches_2004_event_1040.csv
8767310,1040,Grand Prix,2004,2004-10-02,2004-10-10,4,16,5,4,4,2024-07-09T11:33:05Z,matches_2004_event_1040.csv
8767311,1040,Grand Prix,2004,2004-10-02,2004-10-10,204,11,5,4,204,2024-07-09T11:33:05Z,matches_2004_event_1040.csv
8767320,1040,Grand Prix,2004,2004-10-02,2004-10-10,5,52,5,3,5,2024-07-09T11:33:55Z,matches_2004_event_1040.csv
8767321,1040,Grand Prix,2004,2004-10-02,2004-10-10,17,42,5,3,17,2024-07-09T11:33:55Z,matches_2004_event_1040.csv
8767322,1040,Grand Prix,2004,2004-10-02,2004-10-10,193,13,5,1,193,2024-07-09T11:33:55Z,matches_2004_event_1040.csv
8767323,1040,Grand Prix,2004,2004-10-02,2004-10-10,212,1191,1,5,1191,2024-07-09T11:33:55Z,matches_2004_event_1040.csv
8767324,1040,Grand Prix,2004,2004-10-02,2004-10-10,153,103,3,5,103,2024-07-09T11:33:55Z,matches_2004_event_1040.csv
8767325,1040,Grand Prix,2004,2004-10-02,2004-10-10,14,2,1,5,2,2024-07-09T11:33:55Z,matches_2004_event_1040.csv
8767326,1040,Grand Prix,2004,2004-10-02,2004-10-10,154,168,3,5,168,2024-07-09T11:33:55Z,matches_2004_event_1040.csv
8767327,1040,Grand Prix,2004,2004-10-02,2004-10-10,4,204,1,5,204,2024-07-09T11:33:55Z,matches_2004_event_1040.csv
8767332,1040,Grand Prix,2004,2004-10-02,2004-10-10,5,17,5,0,5,2024-07-09T11:35:30Z,matches_2004_event_1040.csv
8767333,1040,Grand Prix,2004,2004-10-02,2004-10-10,193,1191,0,5,1191,2024-07-09T11:35:30Z,matches_2004_event_1040.csv
8767334,1040,Grand Prix,2004,2004-10-02,2004-10-10,103,2,5,2,103,2024-07-09T11:35:30Z,matches_2004_event_1040.csv
8767335,1040,Grand Prix,2004,2004-10-02,2004-10-10,168,204,1,5,204,2024-07-09T11:35:30Z,matches_2004_event_1040.csv
8767338,1040,Grand Prix,2004,2004-10-02,2004-10-10,5,1191,6,3,5,2024-07-09T11:35:58Z,matches_2004_event_1040.csv
8767339,1040,Grand Prix,2004,2004-10-02,2004-10-10,103,204,6,1,103,2024-07-09T11:35:58Z,matches_2004_event_1040.csv
8767341,1040,Grand Prix,2004,2004-10-02,2004-10-10,5,103,9,5,5,2024-07-09T11:36:20Z,matches_2004_event_1040.csv
8105443,1561,World Championship,2004,2005-04-16,2005-05-02,5,2,10,9,5,2023-09-13T19:11:41Z,matches_2004_event_1561.csv
8105444,1561,World Championship,2004,2005-04-16,2005-05-02,4,158,4,10,158,2023-09-13T19:11:41Z,matches_2004_event_1561.csv
8105445,1561,World Championship,2004,2005-04-16,2005-05-02,13,41,10,5,13,2023-09-13T19:11:41Z,matches_2004_event_1561.csv
8105446,1561,World Championship,2004,2005-04-16,2005-05-02,42,2745,10,2,42,2023-09-13T19:11:41Z,matches_2004_event_1561.csv
8105447,1561,World Championship,2004,2005-04-16,2005-05-02,237,17,10,5,237,2023-09-13T19:11:41Z,matches_2004_event_1561.csv
8105448,1561,World Championship,2004,2005-04-16,2005-05-02,2880,97,5,10,97,2023-09-13T19:11:41Z,matches_2004_event_1561.csv
8105449,1561,World Championship,2004,2005-04-16,2005-05-02,212,38,10,9,212,2023-09-13T19:11:41Z,matches_2004_event_1561.csv
8105450,1561,World Championship,2004,2005-04-16,2005-05-02,1191,125,8,10,125,2023-09-13T19:11:41Z,matches_2004_event_1561.csv
8105451,1561,World Championship,2004,2005-04-16,2005-05-02,153,154,10,7,153,2023-09-13T19:11:41Z,matches_2004_event_1561.csv
8105452,1561,World Championship,2004,2005-04-16,2005-05-02,130,115,8,10,115,2023-09-13T19:11:41Z,matches_2004_event_1561.csv
8105453,1561,World Championship,2004,2005-04-16,2005-05-02,20,63,10,5,20,2023-09-13T19:11:41Z,matches_2004_event_1561.csv
8105454,1561,World Championship,2004,2005-04-16,2005-05-02,9,51,10,5,9,2023-09-13T19:11:41Z,matches_2004_event_1561.csv
8105455,1561,World Championship,2004,2005-04-16,2005-05-02,170,6,10,5,170,2023-09-13T19:11:41Z,matches_2004_event_1561.csv
8105456,1561,World Championship,2004,2005-04-16,2005-05-02,44,1166,10,9,44,2023-09-13T19:11:41Z,matches_2004_event_1561.csv
8105457,1561,World Championship,2004,2005-04-16,2005-05-02,52,103,9,10,103,2023-09-13T19:11:41Z,matches_2004_event_1561.csv
8105458,1561,World Championship,2004,2005-04-16,2005-05-02,1,92,10,1,1,2023-09-13T19:11:41Z,matches_2004_event_1561.csv
8401134,1561,World Championship,2004,2005-04-16,2005-05-02,5,158,13,7,5,2023-09-13T19:19:10Z,matches_2004_event_1561.csv
8401135,1561,World Championship,2004,2005-04-16,2005-05-02,13,42,9,13,42,2023-09-13T19:19:10Z,matches_2004_event_1561.csv
8401136,1561,World Championship,2004,2005-04-16,2005-05-02,237,97,8,13,97,2023-09-13T19:19:10Z,matches_2004_event_1561.csv
8401137,1561,World Championship,2004,2005-04-16,2005-05-02,212,125,13,10,212,2023-09-13T19:19:10Z,matches_2004_event_1561.csv
8401138,1561,World Championship,2004,2005-04-16,2005-05-02,153,115,13,3,153,2023-09-13T19:19:10Z,matches_2004_event_1561.csv
8401139,1561,World Championship,2004,2005-04-16,2005-05-02,20,9,5,13,9,2023-09-13T19:19:10Z,matches_2004_event_1561.csv
8401140,1561,World Championship,2004,2005-04-16,2005-05-02,170,44,11,13,44,2023-09-13T19:19:10Z,matches_2004_event_1561.csv
8401141,1561,World Championship,2004,2005-04-16,2005-05-02,103,1,13,12,103,2023-09-13T19:19:10Z,matches_2004_event_1561.csv
8401157,1561,World Championship,2004,2005-04-16,2005-05-02,5,42,11,13,42,2023-09-13T19:20:36Z,matches_2004_event_1561.csv
8401158,1561,World Championship,2004,2005-04-16,2005-05-02,97,212,13,4,97,2023-09-13T19:20:36Z,matches_2004_event_1561.csv
8401159,1561,World Championship,2004,2005-04-16,2005-05-02,153,9,11,13,9,2023-09-13T19:20:36Z,matches_2004_event_1561.csv
8401160,1561,World Championship,2004,2005-04-16,2005-05-02,44,103,8,13,103,2023-09-13T19:20:36Z,matches_2004_event_1561.csv
8155224,1561,World Championship,2004,2005-04-16,2005-05-02,42,97,12,17,97,2023-09-13T19:21:28Z,matches_2004_event_1561.csv
8155225,1561,World Championship,2004,2005-04-16,2005-05-02,9,103,17,14,9,2023-09-13T19:21:28Z,matches_2004_event_1561.csv
8755155,1561,World Championship,2004,2005-04-16,2005-05-02,97,9,18,16,97,2023-09-13T19:22:21Z,matches_2004_event_1561.csv
8086669,1562,World Championship Qualifiers,2004,2005-02-23,2005-03-24,1195,46,10,8,1195,2023-09-14T05:08:11Z,matches_2004_event_1562.csv
8086670,1562,World Championship Qualifiers,2004,2005-02-23,2005-03-24,57,1049,10,9,57,2023-09-14T05:08:11Z,matches_2004_event_1562.csv
8086671,1562,World Championship Qualifiers,2004,2005-02-23,2005-03-24,122,47,10,6,122,2023-09-14T05:08:11Z,matches_2004_event_1562.csv
8086672,1562,World Championship Qualifiers,2004,2005-02-23,2005-03-24,19,48,10,6,19,2023-09-14T05:08:11Z,matches_2004_event_1562.csv
8086673,1562,World Championship Qualifiers,2004,2005-02-23,2005-03-24,99,118,10,5,99,2023-09-14T05:08:11Z,matches_2004_event_1562.csv
8086674,1562,World Championship Qualifiers,2004,2005-02-23,2005-03-24,131,61,10,9,131,2023-09-14T05:08:30Z,matches_2004_event_1562.csv
8086707,1562,World Championship Qualifiers,2004,2005-02-23,2005-03-24,194,1197,10,8,194,2023-09-14T05:11:56Z,matches_2004_event_1562.csv
8086708,1562,World Championship Qualifiers,2004,2005-02-23,2005-03-24,1196,205,10,5,1196,2023-09-14T05:25:25Z,matches_2004_event_1562.csv
8086709,1562,World Championship Qualifiers,2004,2005-02-23,2005-03-24,3200,1195,0,0,1195,2023-09-14T05:25:25Z,matches_2004_event_1562.csv
8086710,1562,World Championship Qualifiers,2004,2005-02-23,2005-03-24,21,283,10,3,21,2023-09-14T05:25:25Z,matches_2004_event_1562.csv
8086711,1562,World Championship Qualifiers,2004,2005-02-23,2005-03-24,500,492,10,9,500,2023-09-14T05:25:25Z,matches_2004_event_1562.csv
8086712,1562,World Championship Qualifiers,2004,2005-02-23,2005-03-24,8,57,10,6,8,2023-09-14T05:25:25Z,matches_2004_event_1562.csv
8086713,1562,World Championship Qualifiers,2004,2005-02-23,2005-03-24,83,122,10,6,83,2023-09-14T05:25:25Z,matches_2004_event_1562.csv
8086714,1562,World Championship Qualifiers,2004,2005-02-23,2005-03-24,505,7,10,3,505,2023-09-14T05:25:25Z,matches_2004_event_1562.csv
8086715,1562,World Championship Qualifiers,2004,2005-02-23,2005-03-24,422,23,10,7,422,2023-09-14T05:25:25Z,matches_2004_event_1562.csv
8086716,1562,World Championship Qualifiers,2004,2005-02-23,2005-03-24,223,19,10,9,223,2023-09-14T05:25:25Z,matches_2004_event_1562.csv
8086717,1562,World Championship Qualifiers,2004,2005-02-23,2005-03-24,224,99,7,10,99,2023-09-14T05:25:25Z,matches_2004_event_1562.csv
8086718,1562,World Championship Qualifiers,2004,2005-02-23,2005-03-24,173,3201,10,1,173,2023-09-14T05:25:25Z,matches_2004_event_1562.csv
8086719,1562,World Championship Qualifiers,2004,2005-02-23,2005-03-24,60,131,10,4,60,2023-09-14T05:25:25Z,matches_2004_event_1562.csv
8086720,1562,World Championship Qualifiers,2004,2005-02-23,2005-03-24,3202,3203,0,0,3202,2023-09-14T05:25:25Z,matches_2004_event_1562.csv
8086721,1562,World Championship Qualifiers,2004,2005-02-23,2005-03-24,119,498,10,2,119,2023-09-14T05:25:25Z,matches_2004_event_1562.csv
8086722,1562,World Championship Qualifiers,2004,2005-02-23,2005-03-24,62,546,10,7,62,2023-09-14T05:25:25Z,matches_2004_event_1562.csv
8086900,1562,World Championship Qualifiers,2004,2005-02-23,2005-03-24,1162,194,2,10,194,2023-09-14T05:33:34Z,matches_2004_event_1562.csv
8086901,1562,World Championship Qualifiers,2004,2005-02-23,2005-03-24,177,1196,10,5,177,2023-09-14T05:33:34Z,matches_2004_event_1562.csv
8086902,1562,World Championship Qualifiers,2004,2005-02-23,2005-03-24,154,1195,10,6,154,2023-09-14T05:33:34Z,matches_2004_event_1562.csv
8086903,1562,World Championship Qualifiers,2004,2005-02-23,2005-03-24,36,21,3,10,21,2023-09-14T05:33:34Z,matches_2004_event_1562.csv
8086904,1562,World Championship Qualifiers,2004,2005-02-23,2005-03-24,804,500,9,10,500,2023-09-14T05:33:34Z,matches_2004_event_1562.csv
8086905,1562,World Championship Qualifiers,2004,2005-02-23,2005-03-24,54,8,10,6,54,2023-09-14T05:33:34Z,matches_2004_event_1562.csv
8086906,1562,World Championship Qualifiers,2004,2005-02-23,2005-03-24,409,83,6,10,83,2023-09-14T05:33:34Z,matches_2004_event_1562.csv
8086907,1562,World Championship Qualifiers,2004,2005-02-23,2005-03-24,1426,505,7,10,505,2023-09-14T05:33:34Z,matches_2004_event_1562.csv
8086908,1562,World Championship Qualifiers,2004,2005-02-23,2005-03-24,50,422,10,7,50,2023-09-14T05:33:34Z,matches_2004_event_1562.csv
8086909,1562,World Championship Qualifiers,2004,2005-02-23,2005-03-24,53,223,5,10,223,2023-09-14T05:33:34Z,matches_2004_event_1562.csv
8086910,1562,World Championship Qualifiers,2004,2005-02-23,2005-03-24,64,99,7,10,99,2023-09-14T05:33:34Z,matches_2004_event_1562.csv
8086911,1562,World Championship Qualifiers,2004,2005-02-23,2005-03-24,3204,173,5,10,173,2023-09-14T05:33:34Z,matches_2004_event_1562.csv
8086912,1562,World Championship Qualifiers,2004,2005-02-23,2005-03-24,11,60,10,7,11,2023-09-14T05:33:34Z,matches_2004_event_1562.csv
8086913,1562,World Championship Qualifiers,2004,2005-02-23,2005-03-24,55,3202,10,3,55,2023-09-14T05:33:34Z,matches_2004_event_1562.csv
8086914,1562,World Championship Qualifiers,2004,2005-02-23,2005-03-24,51,119,10,7,51,2023-09-14T05:33:34Z,matches_2004_event_1562.csv
8086915,1562,World Championship Qualifiers,2004,2005-02-23,2005-03-24,520,62,0,10,62,2023-09-14T05:33:34Z,matches_2004_event_1562.csv
8086948,1562,World Championship Qualifiers,2004,2005-02-23,2005-03-24,63,194,10,3,63,2023-09-14T05:49:56Z,matches_2004_event_1562.csv
8086949,1562,World Championship Qualifiers,2004,2005-02-23,2005-03-24,14,177,10,7,14,2023-09-14T05:49:56Z,matches_2004_event_1562.csv
8086950,1562,World Championship Qualifiers,2004,2005-02-23,2005-03-24,922,154,8,10,154,2023-09-14T05:49:56Z,matches_2004_event_1562.csv
8086951,1562,World Championship Qualifiers,2004,2005-02-23,2005-03-24,31,21,10,5,31,2023-09-14T05:49:56Z,matches_2004_event_1562.csv
8086952,1562,World Championship Qualifiers,2004,2005-02-23,2005-03-24,549,500,9,10,500,2023-09-14T05:49:56Z,matches_2004_event_1562.csv
8086953,1562,World Championship Qualifiers,2004,2005-02-23,2005-03-24,17,54,10,2,17,2023-09-14T05:49:56Z,matches_2004_event_1562.csv
8086954,1562,World Championship Qualifiers,2004,2005-02-23,2005-03-24,204,83,7,10,83,2023-09-14T05:49:56Z,matches_2004_event_1562.csv
8086955,1562,World Championship Qualifiers,2004,2005-02-23,2005-03-24,68,505,10,5,68,2023-09-14T05:49:56Z,matches_2004_event_1562.csv
8086956,1562,World Championship Qualifiers,2004,2005-02-23,2005-03-24,193,50,10,8,193,2023-09-14T05:49:56Z,matches_2004_event_1562.csv
8086957,1562,World Championship Qualifiers,2004,2005-02-23,2005-03-24,56,223,6,10,223,2023-09-14T05:49:56Z,matches_2004_event_1562.csv
8086958,1562,World Championship Qualifiers,2004,2005-02-23,2005-03-24,30,99,10,2,30,2023-09-14T05:49:56Z,matches_2004_event_1562.csv
8086959,1562,World Championship Qualifiers,2004,2005-02-23,2005-03-24,657,173,8,10,173,2023-09-14T05:49:56Z,matches_2004_event_1562.csv
8086960,1562,World Championship Qualifiers,2004,2005-02-23,2005-03-24,97,11,10,3,97,2023-09-14T05:49:56Z,matches_2004_event_1562.csv
8086961,1562,World Championship Qualifiers,2004,2005-02-23,2005-03-24,179,55,4,10,55,2023-09-14T05:49:56Z,matches_2004_event_1562.csv
8086962,1562,World Championship Qualifiers,2004,2005-02-23,2005-03-24,15,51,5,10,51,2023-09-14T05:49:56Z,matches_2004_event_1562.csv
8086963,1562,World Championship Qualifiers,2004,2005-02-23,2005-03-24,16,62,9,10,62,2023-09-14T05:49:56Z,matches_2004_event_1562.csv
8086968,1562,World Championship Qualifiers,2004,2005-02-23,2005-03-24,408,63,8,10,63,2023-09-14T05:51:47Z,matches_2004_event_1562.csv
8086969,1562,World Championship Qualifiers,2004,2005-02-23,2005-03-24,41,14,10,4,41,2023-09-14T05:51:47Z,matches_2004_event_1562.csv
8086970,1562,World Championship Qualifiers,2004,2005-02-23,2005-03-24,28,154,9,10,154,2023-09-14T05:51:47Z,matches_2004_event_1562.csv
8086971,1562,World Championship Qualifiers,2004,2005-02-23,2005-03-24,6,31,10,6,6,2023-09-14T05:51:47Z,matches_2004_event_1562.csv
8086972,1562,World Championship Qualifiers,2004,2005-02-23,2005-03-24,1166,500,10,6,1166,2023-09-14T05:51:47Z,matches_2004_event_1562.csv
8086973,1562,World Championship Qualifiers,2004,2005-02-23,2005-03-24,168,17,2,10,17,2023-09-14T05:51:47Z,matches_2004_event_1562.csv
8086974,1562,World Championship Qualifiers,2004,2005-02-23,2005-03-24,2745,83,10,5,2745,2023-09-14T05:51:47Z,matches_2004_event_1562.csv
8086975,1562,World Championship Qualifiers,2004,2005-02-23,2005-03-24,2,68,10,5,2,2023-09-14T05:51:47Z,matches_2004_event_1562.csv
8086976,1562,World Championship Qualifiers,2004,2005-02-23,2005-03-24,158,193,10,0,158,2023-09-14T05:51:47Z,matches_2004_event_1562.csv
8086977,1562,World Championship Qualifiers,2004,2005-02-23,2005-03-24,115,223,10,2,115,2023-09-14T05:51:47Z,matches_2004_event_1562.csv
8086978,1562,World Championship Qualifiers,2004,2005-02-23,2005-03-24,125,30,10,8,125,2023-09-14T05:51:47Z,matches_2004_event_1562.csv
8086979,1562,World Championship Qualifiers,2004,2005-02-23,2005-03-24,38,173,10,5,38,2023-09-14T05:51:47Z,matches_2004_event_1562.csv
8086980,1562,World Championship Qualifiers,2004,2005-02-23,2005-03-24,35,97,8,10,97,2023-09-14T05:51:47Z,matches_2004_event_1562.csv
8086981,1562,World Championship Qualifiers,2004,2005-02-23,2005-03-24,92,55,10,3,92,2023-09-14T05:51:47Z,matches_2004_event_1562.csv
8086982,1562,World Championship Qualifiers,2004,2005-02-23,2005-03-24,33,51,5,10,51,2023-09-14T05:51:47Z,matches_2004_event_1562.csv
8086983,1562,World Championship Qualifiers,2004,2005-02-23,2005-03-24,103,62,10,9,103,2023-09-14T05:51:47Z,matches_2004_event_1562.csv
8364446,1563,UK Championship,2004,2004-11-15,2004-11-28,6,14,9,5,6,2023-12-14T10:10:28Z,matches_2004_event_1563.csv
8364447,1563,UK Championship,2004,2004-11-15,2004-11-28,168,11,9,7,168,2023-12-14T10:10:28Z,matches_2004_event_1563.csv
8364448,1563,UK Championship,2004,2004-11-15,2004-11-28,158,8,9,8,158,2023-12-14T10:10:28Z,matches_2004_event_1563.csv
8364449,1563,UK Championship,2004,2004-11-15,2004-11-28,2745,83,9,6,2745,2023-12-14T10:10:28Z,matches_2004_event_1563.csv
8364450,1563,UK Championship,2004,2004-11-15,2004-11-28,115,51,5,9,51,2023-12-14T10:10:28Z,matches_2004_event_1563.csv
8364451,1563,UK Championship,2004,2004-11-15,2004-11-28,35,154,7,9,154,2023-12-14T10:10:28Z,matches_2004_event_1563.csv
8364452,1563,UK Championship,2004,2004-11-15,2004-11-28,41,17,3,9,17,2023-12-14T10:10:28Z,matches_2004_event_1563.csv
8364453,1563,UK Championship,2004,2004-11-15,2004-11-28,103,16,4,9,16,2023-12-14T10:10:28Z,matches_2004_event_1563.csv
8364454,1563,UK Championship,2004,2004-11-15,2004-11-28,28,549,9,7,28,2023-12-14T10:10:28Z,matches_2004_event_1563.csv
8364455,1563,UK Championship,2004,2004-11-15,2004-11-28,1166,68,8,9,68,2023-12-14T10:10:28Z,matches_2004_event_1563.csv
8364456,1563,UK Championship,2004,2004-11-15,2004-11-28,408,193,9,5,408,2023-12-14T10:10:28Z,matches_2004_event_1563.csv
8364457,1563,UK Championship,2004,2004-11-15,2004-11-28,125,62,4,9,62,2023-12-14T10:10:28Z,matches_2004_event_1563.csv
8364458,1563,UK Championship,2004,2004-11-15,2004-11-28,92,1162,9,3,92,2023-12-14T10:10:28Z,matches_2004_event_1563.csv
8364459,1563,UK Championship,2004,2004-11-15,2004-11-28,38,36,7,9,36,2023-12-14T10:10:28Z,matches_2004_event_1563.csv
8364460,1563,UK Championship,2004,2004-11-15,2004-11-28,33,224,9,3,33,2023-12-14T10:10:28Z,matches_2004_event_1563.csv
8364461,1563,UK Championship,2004,2004-11-15,2004-11-28,2,15,9,2,2,2023-12-14T10:10:28Z,matches_2004_event_1563.csv
8364502,1563,UK Championship,2004,2004-11-15,2004-11-28,9,6,4,9,6,2023-12-14T10:11:09Z,matches_2004_event_1563.csv
8364503,1563,UK Championship,2004,2004-11-15,2004-11-28,2880,168,7,9,168,2023-12-14T10:11:09Z,matches_2004_event_1563.csv
8364504,1563,UK Championship,2004,2004-11-15,2004-11-28,20,158,0,9,158,2023-12-14T10:11:09Z,matches_2004_event_1563.csv
8364505,1563,UK Championship,2004,2004-11-15,2004-11-28,1191,2745,9,7,1191,2023-12-14T10:11:09Z,matches_2004_event_1563.csv
8364506,1563,UK Championship,2004,2004-11-15,2004-11-28,170,51,7,9,51,2023-12-14T10:11:09Z,matches_2004_event_1563.csv
8364507,1563,UK Championship,2004,2004-11-15,2004-11-28,52,154,9,8,52,2023-12-14T10:11:09Z,matches_2004_event_1563.csv
8364508,1563,UK Championship,2004,2004-11-15,2004-11-28,130,17,9,3,130,2023-12-14T10:11:09Z,matches_2004_event_1563.csv
8364509,1563,UK Championship,2004,2004-11-15,2004-11-28,153,16,7,9,16,2023-12-14T10:11:09Z,matches_2004_event_1563.csv
8364510,1563,UK Championship,2004,2004-11-15,2004-11-28,1,28,3,9,28,2023-12-14T10:11:09Z,matches_2004_event_1563.csv
8364511,1563,UK Championship,2004,2004-11-15,2004-11-28,44,68,9,8,44,2023-12-14T10:11:09Z,matches_2004_event_1563.csv
8364512,1563,UK Championship,2004,2004-11-15,2004-11-28,4,408,3,9,408,2023-12-14T10:11:09Z,matches_2004_event_1563.csv
8364513,1563,UK Championship,2004,2004-11-15,2004-11-28,237,62,7,9,62,2023-12-14T10:11:09Z,matches_2004_event_1563.csv
8364514,1563,UK Championship,2004,2004-11-15,2004-11-28,42,92,9,6,42,2023-12-14T10:11:09Z,matches_2004_event_1563.csv
8364515,1563,UK Championship,2004,2004-11-15,2004-11-28,13,36,9,4,13,2023-12-14T10:11:09Z,matches_2004_event_1563.csv
8364516,1563,UK Championship,2004,2004-11-15,2004-11-28,212,33,9,8,212,2023-12-14T10:11:09Z,matches_2004_event_1563.csv
8364517,1563,UK Championship,2004,2004-11-15,2004-11-28,5,2,6,9,2,2023-12-14T10:11:09Z,matches_2004_event_1563.csv
8364478,1563,UK Championship,2004,2004-11-15,2004-11-28,6,168,4,9,168,2023-12-14T10:12:50Z,matches_2004_event_1563.csv
8364479,1563,UK Championship,2004,2004-11-15,2004-11-28,158,1191,9,8,158,2023-12-14T10:12:50Z,matches_2004_event_1563.csv
8364480,1563,UK Championship,2004,2004-11-15,2004-11-28,51,52,4,9,52,2023-12-14T10:12:50Z,matches_2004_event_1563.csv
8364481,1563,UK Championship,2004,2004-11-15,2004-11-28,130,16,9,6,130,2023-12-14T10:12:50Z,matches_2004_event_1563.csv
8364482,1563,UK Championship,2004,2004-11-15,2004-11-28,28,44,9,8,28,2023-12-14T10:12:50Z,matches_2004_event_1563.csv
8364483,1563,UK Championship,2004,2004-11-15,2004-11-28,408,62,9,5,408,2023-12-14T10:12:50Z,matches_2004_event_1563.csv
8364484,1563,UK Championship,2004,2004-11-15,2004-11-28,42,13,8,9,13,2023-12-14T10:12:50Z,matches_2004_event_1563.csv
8364485,1563,UK Championship,2004,2004-11-15,2004-11-28,212,2,2,9,2,2023-12-14T10:12:50Z,matches_2004_event_1563.csv
8364490,1563,UK Championship,2004,2004-11-15,2004-11-28,168,158,9,7,168,2023-12-14T10:13:39Z,matches_2004_event_1563.csv
8364491,1563,UK Championship,2004,2004-11-15,2004-11-28,52,130,7,9,130,2023-12-14T10:13:39Z,matches_2004_event_1563.csv
8364492,1563,UK Championship,2004,2004-11-15,2004-11-28,28,408,9,6,28,2023-12-14T10:13:39Z,matches_2004_event_1563.csv
8364493,1563,UK Championship,2004,2004-11-15,2004-11-28,13,2,4,9,2,2023-12-14T10:13:39Z,matches_2004_event_1563.csv
8364496,1563,UK Championship,2004,2004-11-15,2004-11-28,168,130,8,9,130,2023-12-14T10:14:16Z,matches_2004_event_1563.csv
8364497,1563,UK Championship,2004,2004-11-15,2004-11-28,28,2,4,9,2,2023-12-14T10:14:16Z,matches_2004_event_1563.csv
8364501,1563,UK Championship,2004,2004-11-15,2004-11-28,130,2,1,10,2,2023-12-14T10:16:11Z,matches_2004_event_1563.csv
8256169,1622,Masters,2004,2005-02-13,2005-02-20,1191,212,5,6,212,2023-11-03T06:00:38Z,matches_2004_event_1622.csv
8256170,1622,Masters,2004,2005-02-13,2005-02-20,42,130,6,0,42,2023-11-03T06:00:38Z,matches_2004_event_1622.csv
8256171,1622,Masters,2004,2005-02-13,2005-02-20,237,2880,6,1,237,2023-11-03T06:00:38Z,matches_2004_event_1622.csv
8256172,1622,Masters,2004,2005-02-13,2005-02-20,153,13,6,1,153,2023-11-03T06:00:38Z,matches_2004_event_1622.csv
8256173,1622,Masters,2004,2005-02-13,2005-02-20,1,44,6,3,1,2023-11-03T06:00:38Z,matches_2004_event_1622.csv
8256174,1622,Masters,2004,2005-02-13,2005-02-20,9,20,5,6,20,2023-11-03T06:00:38Z,matches_2004_event_1622.csv
8256175,1622,Masters,2004,2005-02-13,2005-02-20,170,224,1,6,224,2023-11-03T06:00:38Z,matches_2004_event_1622.csv
8256176,1622,Masters,2004,2005-02-13,2005-02-20,5,52,6,3,5,2023-11-03T06:00:38Z,matches_2004_event_1622.csv
8256181,1622,Masters,2004,2005-02-13,2005-02-20,212,42,1,6,42,2023-11-03T06:01:15Z,matches_2004_event_1622.csv
8256182,1622,Masters,2004,2005-02-13,2005-02-20,237,153,6,2,237,2023-11-03T06:01:15Z,matches_2004_event_1622.csv
8256183,1622,Masters,2004,2005-02-13,2005-02-20,1,20,5,6,20,2023-11-03T06:01:15Z,matches_2004_event_1622.csv
8256184,1622,Masters,2004,2005-02-13,2005-02-20,224,5,2,6,5,2023-11-03T06:01:15Z,matches_2004_event_1622.csv
8324553,1622,Masters,2004,2005-02-13,2005-02-20,42,237,3,6,237,2023-11-03T06:01:38Z,matches_2004_event_1622.csv
8324554,1622,Masters,2004,2005-02-13,2005-02-20,20,5,1,6,5,2023-11-03T06:01:38Z,matches_2004_event_1622.csv
8256222,1622,Masters,2004,2005-02-13,2005-02-20,237,5,3,10,5,2023-11-03T06:04:41Z,matches_2004_event_1622.csv
8318318,1660,Malta Cup,2004,2005-01-31,2005-02-06,2,35,5,4,2,2023-11-27T05:40:09Z,matches_2004_event_1660.csv
8318319,1660,Malta Cup,2004,2005-01-31,2005-02-06,44,6,5,4,44,2023-11-27T05:40:09Z,matches_2004_event_1660.csv
8318320,1660,Malta Cup,2004,2005-01-31,2005-02-06,130,54,0,5,54,2023-11-27T05:40:09Z,matches_2004_event_1660.csv
8318321,1660,Malta Cup,2004,2005-01-31,2005-02-06,9,97,5,4,9,2023-11-27T05:40:09Z,matches_2004_event_1660.csv
8318322,1660,Malta Cup,2004,2005-01-31,2005-02-06,170,68,5,2,170,2023-11-27T05:40:09Z,matches_2004_event_1660.csv
8318323,1660,Malta Cup,2004,2005-01-31,2005-02-06,2880,8,0,5,8,2023-11-27T05:40:09Z,matches_2004_event_1660.csv
8318324,1660,Malta Cup,2004,2005-01-31,2005-02-06,13,115,2,5,115,2023-11-27T05:40:09Z,matches_2004_event_1660.csv
8318325,1660,Malta Cup,2004,2005-01-31,2005-02-06,153,16,5,1,153,2023-11-27T05:40:09Z,matches_2004_event_1660.csv
8318326,1660,Malta Cup,2004,2005-01-31,2005-02-06,1,154,1,5,154,2023-11-27T05:40:09Z,matches_2004_event_1660.csv
8318327,1660,Malta Cup,2004,2005-01-31,2005-02-06,20,92,5,3,20,2023-11-27T05:40:09Z,matches_2004_event_1660.csv
8318328,1660,Malta Cup,2004,2005-01-31,2005-02-06,42,125,5,1,42,2023-11-27T05:40:09Z,matches_2004_event_1660.csv
8318329,1660,Malta Cup,2004,2005-01-31,2005-02-06,237,1166,5,4,237,2023-11-27T05:40:09Z,matches_2004_event_1660.csv
8318330,1660,Malta Cup,2004,2005-01-31,2005-02-06,1191,179,3,5,179,2023-11-27T05:40:09Z,matches_2004_event_1660.csv
8318331,1660,Malta Cup,2004,2005-01-31,2005-02-06,212,53,5,3,212,2023-11-27T05:40:09Z,matches_2004_event_1660.csv
8318332,1660,Malta Cup,2004,2005-01-31,2005-02-06,52,55,5,1,52,2023-11-27T05:40:09Z,matches_2004_event_1660.csv
8318333,1660,Malta Cup,2004,2005-01-31,2005-02-06,5,2745,0,0,5,2023-11-27T05:40:09Z,matches_2004_event_1660.csv
8318334,1660,Malta Cup,2004,2005-01-31,2005-02-06,2,44,3,5,44,2023-11-27T05:40:48Z,matches_2004_event_1660.csv
8318335,1660,Malta Cup,2004,2005-01-31,2005-02-06,54,9,3,5,9,2023-11-27T05:40:48Z,matches_2004_event_1660.csv
8318336,1660,Malta Cup,2004,2005-01-31,2005-02-06,170,8,2,5,8,2023-11-27T05:40:48Z,matches_2004_event_1660.csv
8318337,1660,Malta Cup,2004,2005-01-31,2005-02-06,115,153,1,5,153,2023-11-27T05:40:48Z,matches_2004_event_1660.csv
8318338,1660,Malta Cup,2004,2005-01-31,2005-02-06,154,20,5,2,154,2023-11-27T05:40:48Z,matches_2004_event_1660.csv
8318339,1660,Malta Cup,2004,2005-01-31,2005-02-06,42,237,2,5,237,2023-11-27T05:40:48Z,matches_2004_event_1660.csv
8318340,1660,Malta Cup,2004,2005-01-31,2005-02-06,179,212,3,5,212,2023-11-27T05:40:48Z,matches_2004_event_1660.csv
8318341,1660,Malta Cup,2004,2005-01-31,2005-02-06,52,5,5,0,52,2023-11-27T05:40:48Z,matches_2004_event_1660.csv
8318350,1660,Malta Cup,2004,2005-01-31,2005-02-06,44,9,2,5,9,2023-11-27T05:41:07Z,matches_2004_event_1660.csv
8318351,1660,Malta Cup,2004,2005-01-31,2005-02-06,8,153,1,5,153,2023-11-27T05:41:07Z,matches_2004_event_1660.csv
8318352,1660,Malta Cup,2004,2005-01-31,2005-02-06,154,237,2,5,237,2023-11-27T05:41:07Z,matches_2004_event_1660.csv
8318353,1660,Malta Cup,2004,2005-01-31,2005-02-06,212,52,1,5,52,2023-11-27T05:41:07Z,matches_2004_event_1660.csv
8318356,1660,Malta Cup,2004,2005-01-31,2005-02-06,9,153,3,6,153,2023-11-27T05:44:42Z,matches_2004_event_1660.csv
8318357,1660,Malta Cup,2004,2005-01-31,2005-02-06,237,52,5,6,52,2023-11-27T05:44:42Z,matches_2004_event_1660.csv
8318360,1660,Malta Cup,2004,2005-01-31,2005-02-06,153,52,9,7,153,2023-11-27T05:46:44Z,matches_2004_event_1660.csv
8318365,1660,Malta Cup,2004,2005-01-31,2005-02-06,8,2744,5,1,8,2023-11-27T05:54:35Z,matches_2004_event_1660.csv
8318366,1660,Malta Cup,2004,2005-01-31,2005-02-06,54,2743,5,0,54,2023-11-27T05:54:35Z,matches_2004_event_1660.csv
8318367,1660,Malta Cup,2004,2005-01-31,2005-02-06,154,2230,5,1,154,2023-11-27T05:54:35Z,matches_2004_event_1660.csv
8318368,1660,Malta Cup,2004,2005-01-31,2005-02-06,55,515,5,3,55,2023-11-27T05:54:35Z,matches_2004_event_1660.csv
8318729,1663,Malta Cup Qualifiers,2004,2004-11-30,2004-12-03,173,1197,4,5,1197,2023-11-27T07:08:09Z,matches_2004_event_1663.csv
8318730,1663,Malta Cup Qualifiers,2004,2004-11-30,2004-12-03,500,1049,5,4,500,2023-11-27T07:08:09Z,matches_2004_event_1663.csv
8318731,1663,Malta Cup Qualifiers,2004,2004-11-30,2004-12-03,422,19,5,3,422,2023-11-27T07:08:09Z,matches_2004_event_1663.csv
8318732,1663,Malta Cup Qualifiers,2004,2004-11-30,2004-12-03,62,122,2,5,122,2023-11-27T07:08:09Z,matches_2004_event_1663.csv
8318733,1663,Malta Cup Qualifiers,2004,2004-11-30,2004-12-03,60,7,3,5,7,2023-11-27T07:08:09Z,matches_2004_event_1663.csv
8318734,1663,Malta Cup Qualifiers,2004,2004-11-30,2004-12-03,8,546,5,2,8,2023-11-27T07:08:09Z,matches_2004_event_1663.csv
8318735,1663,Malta Cup Qualifiers,2004,2004-11-30,2004-12-03,21,23,5,4,21,2023-11-27T07:08:09Z,matches_2004_event_1663.csv
8318736,1663,Malta Cup Qualifiers,2004,2004-11-30,2004-12-03,3200,3202,5,3,3200,2023-11-27T07:08:09Z,matches_2004_event_1663.csv
8318737,1663,Malta Cup Qualifiers,2004,2004-11-30,2004-12-03,223,3226,5,3,223,2023-11-27T07:08:09Z,matches_2004_event_1663.csv
8318738,1663,Malta Cup Qualifiers,2004,2004-11-30,2004-12-03,119,46,5,3,119,2023-11-27T07:08:09Z,matches_2004_event_1663.csv
8318739,1663,Malta Cup Qualifiers,2004,2004-11-30,2004-12-03,50,3201,5,0,50,2023-11-27T07:08:09Z,matches_2004_event_1663.csv
8318740,1663,Malta Cup Qualifiers,2004,2004-11-30,2004-12-03,224,492,0,0,224,2023-11-27T07:08:09Z,matches_2004_event_1663.csv
8318741,1663,Malta Cup Qualifiers,2004,2004-11-30,2004-12-03,83,205,5,3,83,2023-11-27T07:08:09Z,matches_2004_event_1663.csv
8318742,1663,Malta Cup Qualifiers,2004,2004-11-30,2004-12-03,505,3203,5,0,505,2023-11-27T07:08:09Z,matches_2004_event_1663.csv
8318743,1663,Malta Cup Qualifiers,2004,2004-11-30,2004-12-03,498,1196,5,4,498,2023-11-27T07:08:09Z,matches_2004_event_1663.csv
8318744,1663,Malta Cup Qualifiers,2004,2004-11-30,2004-12-03,194,283,5,1,194,2023-11-27T07:08:09Z,matches_2004_event_1663.csv
8318747,1663,Malta Cup Qualifiers,2004,2004-11-30,2004-12-03,54,422,5,1,54,2023-11-27T07:09:13Z,matches_2004_event_1663.csv
8318748,1663,Malta Cup Qualifiers,2004,2004-11-30,2004-12-03,1426,122,5,4,1426,2023-11-27T07:09:13Z,matches_2004_event_1663.csv
8318751,1663,Malta Cup Qualifiers,2004,2004-11-30,2004-12-03,51,21,5,0,51,2023-11-27T07:09:13Z,matches_2004_event_1663.csv
8318752,1663,Malta Cup Qualifiers,2004,2004-11-30,2004-12-03,36,3200,5,0,36,2023-11-27T07:09:13Z,matches_2004_event_1663.csv
8318753,1663,Malta Cup Qualifiers,2004,2004-11-30,2004-12-03,154,223,5,0,154,2023-11-27T07:09:13Z,matches_2004_event_1663.csv
8318754,1663,Malta Cup Qualifiers,2004,2004-11-30,2004-12-03,11,119,5,1,11,2023-11-27T07:09:13Z,matches_2004_event_1663.csv
8318756,1663,Malta Cup Qualifiers,2004,2004-11-30,2004-12-03,1162,224,5,4,1162,2023-11-27T07:09:13Z,matches_2004_event_1663.csv
8318758,1663,Malta Cup Qualifiers,2004,2004-11-30,2004-12-03,53,505,5,2,53,2023-11-27T07:09:13Z,matches_2004_event_1663.csv
8318759,1663,Malta Cup Qualifiers,2004,2004-11-30,2004-12-03,55,498,5,3,55,2023-11-27T07:09:13Z,matches_2004_event_1663.csv
8318745,1663,Malta Cup Qualifiers,2004,2004-11-30,2004-12-03,672,1197,1,5,1197,2023-11-27T07:10:10Z,matches_2004_event_1663.csv
8318746,1663,Malta Cup Qualifiers,2004,2004-11-30,2004-12-03,409,500,3,5,500,2023-11-27T07:10:10Z,matches_2004_event_1663.csv
8318749,1663,Malta Cup Qualifiers,2004,2004-11-30,2004-12-03,64,7,3,5,7,2023-11-27T07:10:10Z,matches_2004_event_1663.csv
8318750,1663,Malta Cup Qualifiers,2004,2004-11-30,2004-12-03,3204,8,3,5,8,2023-11-27T07:10:10Z,matches_2004_event_1663.csv
8318755,1663,Malta Cup Qualifiers,2004,2004-11-30,2004-12-03,520,50,0,5,50,2023-11-27T07:10:10Z,matches_2004_event_1663.csv
8318757,1663,Malta Cup Qualifiers,2004,2004-11-30,2004-12-03,804,83,1,5,83,2023-11-27T07:10:10Z,matches_2004_event_1663.csv
8318760,1663,Malta Cup Qualifiers,2004,2004-11-30,2004-12-03,177,194,2,5,194,2023-11-27T07:10:10Z,matches_2004_event_1663.csv
8318761,1663,Malta Cup Qualifiers,2004,2004-11-30,2004-12-03,15,1197,5,4,15,2023-11-27T07:11:05Z,matches_2004_event_1663.csv
8318762,1663,Malta Cup Qualifiers,2004,2004-11-30,2004-12-03,56,500,4,5,500,2023-11-27T07:11:05Z,matches_2004_event_1663.csv
8318763,1663,Malta Cup Qualifiers,2004,2004-11-30,2004-12-03,204,54,1,5,54,2023-11-27T07:11:05Z,matches_2004_event_1663.csv
8318764,1663,Malta Cup Qualifiers,2004,2004-11-30,2004-12-03,97,1426,5,1,97,2023-11-27T07:11:05Z,matches_2004_event_1663.csv
8318765,1663,Malta Cup Qualifiers,2004,2004-11-30,2004-12-03,68,7,5,2,68,2023-11-27T07:11:05Z,matches_2004_event_1663.csv
8318766,1663,Malta Cup Qualifiers,2004,2004-11-30,2004-12-03,31,8,3,5,8,2023-11-27T07:11:05Z,matches_2004_event_1663.csv
8318767,1663,Malta Cup Qualifiers,2004,2004-11-30,2004-12-03,30,51,4,5,51,2023-11-27T07:11:05Z,matches_2004_event_1663.csv
8318768,1663,Malta Cup Qualifiers,2004,2004-11-30,2004-12-03,16,36,5,1,16,2023-11-27T07:11:05Z,matches_2004_event_1663.csv
8318769,1663,Malta Cup Qualifiers,2004,2004-11-30,2004-12-03,63,154,4,5,154,2023-11-27T07:11:05Z,matches_2004_event_1663.csv
8318770,1663,Malta Cup Qualifiers,2004,2004-11-30,2004-12-03,549,11,5,4,549,2023-11-27T07:11:05Z,matches_2004_event_1663.csv
8318771,1663,Malta Cup Qualifiers,2004,2004-11-30,2004-12-03,657,50,4,5,50,2023-11-27T07:11:05Z,matches_2004_event_1663.csv
8318772,1663,Malta Cup Qualifiers,2004,2004-11-30,2004-12-03,14,1162,5,3,14,2023-11-27T07:11:05Z,matches_2004_event_1663.csv
8318773,1663,Malta Cup Qualifiers,2004,2004-11-30,2004-12-03,179,83,5,1,179,2023-11-27T07:11:05Z,matches_2004_event_1663.csv
8318774,1663,Malta Cup Qualifiers,2004,2004-11-30,2004-12-03,922,53,4,5,53,2023-11-27T07:11:05Z,matches_2004_event_1663.csv
8318775,1663,Malta Cup Qualifiers,2004,2004-11-30,2004-12-03,17,55,3,5,55,2023-11-27T07:11:05Z,matches_2004_event_1663.csv
8318776,1663,Malta Cup Qualifiers,2004,2004-11-30,2004-12-03,193,194,5,4,193,2023-11-27T07:11:05Z,matches_2004_event_1663.csv
8318777,1663,Malta Cup Qualifiers,2004,2004-11-30,2004-12-03,35,15,5,3,35,2023-11-27T07:11:49Z,matches_2004_event_1663.csv
8318778,1663,Malta Cup Qualifiers,2004,2004-11-30,2004-12-03,6,500,5,2,6,2023-11-27T07:11:49Z,matches_2004_event_1663.csv
8318779,1663,Malta Cup Qualifiers,2004,2004-11-30,2004-12-03,4,54,4,5,54,2023-11-27T07:11:49Z,matches_2004_event_1663.csv
8318780,1663,Malta Cup Qualifiers,2004,2004-11-30,2004-12-03,38,97,2,5,97,2023-11-27T07:11:49Z,matches_2004_event_1663.csv
8318781,1663,Malta Cup Qualifiers,2004,2004-11-30,2004-12-03,158,68,3,5,68,2023-11-27T07:11:49Z,matches_2004_event_1663.csv
8318782,1663,Malta Cup Qualifiers,2004,2004-11-30,2004-12-03,41,8,4,5,8,2023-11-27T07:11:49Z,matches_2004_event_1663.csv
8318783,1663,Malta Cup Qualifiers,2004,2004-11-30,2004-12-03,115,51,5,3,115,2023-11-27T07:11:49Z,matches_2004_event_1663.csv
8318784,1663,Malta Cup Qualifiers,2004,2004-11-30,2004-12-03,103,16,4,5,16,2023-11-27T07:11:49Z,matches_2004_event_1663.csv
8318785,1663,Malta Cup Qualifiers,2004,2004-11-30,2004-12-03,168,154,3,5,154,2023-11-27T07:11:49Z,matches_2004_event_1663.csv
8318786,1663,Malta Cup Qualifiers,2004,2004-11-30,2004-12-03,92,549,5,2,92,2023-11-27T07:11:49Z,matches_2004_event_1663.csv
8318787,1663,Malta Cup Qualifiers,2004,2004-11-30,2004-12-03,125,50,5,2,125,2023-11-27T07:11:49Z,matches_2004_event_1663.csv
8318788,1663,Malta Cup Qualifiers,2004,2004-11-30,2004-12-03,1166,14,5,3,1166,2023-11-27T07:11:49Z,matches_2004_event_1663.csv
8318789,1663,Malta Cup Qualifiers,2004,2004-11-30,2004-12-03,408,179,0,5,179,2023-11-27T07:11:49Z,matches_2004_event_1663.csv
8318790,1663,Malta Cup Qualifiers,2004,2004-11-30,2004-12-03,33,53,1,5,53,2023-11-27T07:11:49Z,matches_2004_event_1663.csv
8318791,1663,Malta Cup Qualifiers,2004,2004-11-30,2004-12-03,28,55,1,5,55,2023-11-27T07:11:49Z,matches_2004_event_1663.csv
8318792,1663,Malta Cup Qualifiers,2004,2004-11-30,2004-12-03,2745,193,5,4,2745,2023-11-27T07:11:49Z,matches_2004_event_1663.csv
8319128,1665,China Open,2004,2005-03-26,2005-04-03,5,31,0,0,31,2023-11-27T08:52:23Z,matches_2004_event_1665.csv
8319129,1665,China Open,2004,2005-03-26,2005-04-03,4,1517,5,3,4,2023-11-27T08:52:23Z,matches_2004_event_1665.csv
8319130,1665,China Open,2004,2005-03-26,2005-04-03,52,30,3,5,30,2023-11-27T08:52:23Z,matches_2004_event_1665.csv
8319131,1665,China Open,2004,2005-03-26,2005-04-03,42,224,0,5,224,2023-11-27T08:52:23Z,matches_2004_event_1665.csv
8319132,1665,China Open,2004,2005-03-26,2005-04-03,170,2317,5,2,170,2023-11-27T08:52:23Z,matches_2004_event_1665.csv
8319133,1665,China Open,2004,2005-03-26,2005-04-03,13,226,5,2,13,2023-11-27T08:52:23Z,matches_2004_event_1665.csv
8319134,1665,China Open,2004,2005-03-26,2005-04-03,20,6,5,3,20,2023-11-27T08:52:23Z,matches_2004_event_1665.csv
8319135,1665,China Open,2004,2005-03-26,2005-04-03,1191,158,5,4,1191,2023-11-27T08:52:23Z,matches_2004_event_1665.csv
8319136,1665,China Open,2004,2005-03-26,2005-04-03,153,92,5,1,153,2023-11-27T08:52:23Z,matches_2004_event_1665.csv
8319137,1665,China Open,2004,2005-03-26,2005-04-03,130,68,1,5,68,2023-11-27T08:52:23Z,matches_2004_event_1665.csv
8319138,1665,China Open,2004,2005-03-26,2005-04-03,212,125,5,0,212,2023-11-27T08:52:23Z,matches_2004_event_1665.csv
8319139,1665,China Open,2004,2005-03-26,2005-04-03,9,62,3,5,62,2023-11-27T08:52:23Z,matches_2004_event_1665.csv
8319140,1665,China Open,2004,2005-03-26,2005-04-03,237,8,5,1,237,2023-11-27T08:52:23Z,matches_2004_event_1665.csv
8319141,1665,China Open,2004,2005-03-26,2005-04-03,44,115,5,4,44,2023-11-27T08:52:23Z,matches_2004_event_1665.csv
8319142,1665,China Open,2004,2005-03-26,2005-04-03,2880,55,3,5,55,2023-11-27T08:52:23Z,matches_2004_event_1665.csv
8319143,1665,China Open,2004,2005-03-26,2005-04-03,1,200,5,0,1,2023-11-27T08:52:23Z,matches_2004_event_1665.csv
8319152,1665,China Open,2004,2005-03-26,2005-04-03,31,4,3,5,4,2023-11-27T08:54:18Z,matches_2004_event_1665.csv
8319153,1665,China Open,2004,2005-03-26,2005-04-03,30,224,4,5,224,2023-11-27T08:54:18Z,matches_2004_event_1665.csv
8319154,1665,China Open,2004,2005-03-26,2005-04-03,170,13,5,3,170,2023-11-27T08:54:18Z,matches_2004_event_1665.csv
8319155,1665,China Open,2004,2005-03-26,2005-04-03,20,1191,3,5,1191,2023-11-27T08:54:18Z,matches_2004_event_1665.csv
8319156,1665,China Open,2004,2005-03-26,2005-04-03,153,68,5,1,153,2023-11-27T08:54:18Z,matches_2004_event_1665.csv
8319157,1665,China Open,2004,2005-03-26,2005-04-03,212,62,0,3,62,2023-11-27T08:54:18Z,matches_2004_event_1665.csv
8319158,1665,China Open,2004,2005-03-26,2005-04-03,237,44,2,5,44,2023-11-27T08:54:18Z,matches_2004_event_1665.csv
8319159,1665,China Open,2004,2005-03-26,2005-04-03,55,1,2,5,1,2023-11-27T08:54:18Z,matches_2004_event_1665.csv
8319164,1665,China Open,2004,2005-03-26,2005-04-03,4,224,2,5,224,2023-11-27T08:55:05Z,matches_2004_event_1665.csv
8319165,1665,China Open,2004,2005-03-26,2005-04-03,170,1191,5,1,170,2023-11-27T08:55:05Z,matches_2004_event_1665.csv
8319166,1665,China Open,2004,2005-03-26,2005-04-03,153,62,5,0,153,2023-11-27T08:55:05Z,matches_2004_event_1665.csv
8319167,1665,China Open,2004,2005-03-26,2005-04-03,44,1,5,2,44,2023-11-27T08:55:05Z,matches_2004_event_1665.csv
8319170,1665,China Open,2004,2005-03-26,2005-04-03,224,170,6,0,224,2023-11-27T08:55:21Z,matches_2004_event_1665.csv
8319171,1665,China Open,2004,2005-03-26,2005-04-03,153,44,6,4,153,2023-11-27T08:55:21Z,matches_2004_event_1665.csv
8319382,1665,China Open,2004,2005-03-26,2005-04-03,224,153,9,5,224,2023-11-27T08:55:32Z,matches_2004_event_1665.csv
8319431,1665,China Open,2004,2005-03-26,2005-04-03,24,31,3,5,31,2023-11-27T09:25:59Z,matches_2004_event_1665.csv
8319432,1665,China Open,2004,2005-03-26,2005-04-03,1517,38,5,1,1517,2023-11-27T09:25:59Z,matches_2004_event_1665.csv
8319433,1665,China Open,2004,2005-03-26,2005-04-03,513,30,1,5,30,2023-11-27T09:25:59Z,matches_2004_event_1665.csv
8319434,1665,China Open,2004,2005-03-26,2005-04-03,224,15,5,2,224,2023-11-27T09:25:59Z,matches_2004_event_1665.csv
8319435,1665,China Open,2004,2005-03-26,2005-04-03,2408,2745,1,5,2745,2023-11-27T09:25:59Z,matches_2004_event_1665.csv
8319436,1665,China Open,2004,2005-03-26,2005-04-03,226,36,5,3,226,2023-11-27T09:25:59Z,matches_2004_event_1665.csv
8319437,1665,China Open,2004,2005-03-26,2005-04-03,940,6,3,5,6,2023-11-27T09:25:59Z,matches_2004_event_1665.csv
8319438,1665,China Open,2004,2005-03-26,2005-04-03,514,158,1,5,158,2023-11-27T09:25:59Z,matches_2004_event_1665.csv
8319439,1665,China Open,2004,2005-03-26,2005-04-03,46,92,3,5,92,2023-11-27T09:25:59Z,matches_2004_event_1665.csv
8319440,1665,China Open,2004,2005-03-26,2005-04-03,283,68,3,5,68,2023-11-27T09:25:59Z,matches_2004_event_1665.csv
8319441,1665,China Open,2004,2005-03-26,2005-04-03,665,125,3,5,125,2023-11-27T09:25:59Z,matches_2004_event_1665.csv
8319442,1665,China Open,2004,2005-03-26,2005-04-03,3225,62,2,5,62,2023-11-27T09:25:59Z,matches_2004_event_1665.csv
8319443,1665,China Open,2004,2005-03-26,2005-04-03,932,8,3,5,8,2023-11-27T09:25:59Z,matches_2004_event_1665.csv
8319444,1665,China Open,2004,2005-03-26,2005-04-03,944,115,1,5,115,2023-11-27T09:25:59Z,matches_2004_event_1665.csv
8319445,1665,China Open,2004,2005-03-26,2005-04-03,2622,55,1,5,55,2023-11-27T09:25:59Z,matches_2004_event_1665.csv
8319446,1665,China Open,2004,2005-03-26,2005-04-03,200,14,5,4,200,2023-11-27T09:25:59Z,matches_2004_event_1665.csv
8319271,1672,China Open Qualifier,2004,2005-01-25,2005-01-28,440,440,0,0,440,,matches_2004_event_1672.csv
8319270,1672,China Open Qualifier,2004,2005-01-25,2005-01-28,60,3203,0,0,60,2023-11-27T09:08:49Z,matches_2004_event_1672.csv
8319272,1672,China Open Qualifier,2004,2005-01-25,2005-01-28,3200,46,0,0,3200,2023-11-27T09:08:49Z,matches_2004_event_1672.csv
8319273,1672,China Open Qualifier,2004,2005-01-25,2005-01-28,194,1197,2,5,1197,2023-11-27T09:08:49Z,matches_2004_event_1672.csv
8319274,1672,China Open Qualifier,2004,2005-01-25,2005-01-28,223,19,5,2,223,2023-11-27T09:08:49Z,matches_2004_event_1672.csv
8319275,1672,China Open Qualifier,2004,2005-01-25,2005-01-28,21,205,4,5,205,2023-11-27T09:08:49Z,matches_2004_event_1672.csv
8319276,1672,China Open Qualifier,2004,2005-01-25,2005-01-28,50,3202,5,0,50,2023-11-27T09:08:49Z,matches_2004_event_1672.csv
8319277,1672,China Open Qualifier,2004,2005-01-25,2005-01-28,500,546,1,5,546,2023-11-27T09:08:49Z,matches_2004_event_1672.csv
8319278,1672,China Open Qualifier,2004,2005-01-25,2005-01-28,173,122,5,0,173,2023-11-27T09:08:49Z,matches_2004_event_1672.csv
8319279,1672,China Open Qualifier,2004,2005-01-25,2005-01-28,83,1049,5,0,83,2023-11-27T09:08:49Z,matches_2004_event_1672.csv
8319280,1672,China Open Qualifier,2004,2005-01-25,2005-01-28,3201,492,5,1,3201,2023-11-27T09:08:49Z,matches_2004_event_1672.csv
8319281,1672,China Open Qualifier,2004,2005-01-25,2005-01-28,62,23,5,1,62,2023-11-27T09:08:49Z,matches_2004_event_1672.csv
8319282,1672,China Open Qualifier,2004,2005-01-25,2005-01-28,8,3226,0,0,8,2023-11-27T09:08:49Z,matches_2004_event_1672.csv
8319283,1672,China Open Qualifier,2004,2005-01-25,2005-01-28,119,1196,4,5,1196,2023-11-27T09:08:49Z,matches_2004_event_1672.csv
8319284,1672,China Open Qualifier,2004,2005-01-25,2005-01-28,505,7,3,5,7,2023-11-27T09:08:49Z,matches_2004_event_1672.csv
8319285,1672,China Open Qualifier,2004,2005-01-25,2005-01-28,422,498,5,4,422,2023-11-27T09:08:49Z,matches_2004_event_1672.csv
8319318,1672,China Open Qualifier,2004,2005-01-25,2005-01-28,154,60,5,1,154,2023-11-27T09:10:43Z,matches_2004_event_1672.csv
8319319,1672,China Open Qualifier,2004,2005-01-25,2005-01-28,520,440,0,0,520,2023-11-27T09:10:43Z,matches_2004_event_1672.csv
8319320,1672,China Open Qualifier,2004,2005-01-25,2005-01-28,804,3200,5,2,804,2023-11-27T09:10:43Z,matches_2004_event_1672.csv
8319321,1672,China Open Qualifier,2004,2005-01-25,2005-01-28,177,1197,5,4,177,2023-11-27T09:10:43Z,matches_2004_event_1672.csv
8319322,1672,China Open Qualifier,2004,2005-01-25,2005-01-28,3204,223,3,5,223,2023-11-27T09:10:43Z,matches_2004_event_1672.csv
8319323,1672,China Open Qualifier,2004,2005-01-25,2005-01-28,36,205,5,1,36,2023-11-27T09:10:43Z,matches_2004_event_1672.csv
8319324,1672,China Open Qualifier,2004,2005-01-25,2005-01-28,53,50,5,1,53,2023-11-27T09:10:43Z,matches_2004_event_1672.csv
8319325,1672,China Open Qualifier,2004,2005-01-25,2005-01-28,1162,546,4,5,546,2023-11-27T09:10:43Z,matches_2004_event_1672.csv
8319326,1672,China Open Qualifier,2004,2005-01-25,2005-01-28,672,173,3,5,173,2023-11-27T09:10:43Z,matches_2004_event_1672.csv
8319327,1672,China Open Qualifier,2004,2005-01-25,2005-01-28,11,83,5,4,11,2023-11-27T09:10:43Z,matches_2004_event_1672.csv
8319328,1672,China Open Qualifier,2004,2005-01-25,2005-01-28,54,3201,4,5,3201,2023-11-27T09:10:43Z,matches_2004_event_1672.csv
8319329,1672,China Open Qualifier,2004,2005-01-25,2005-01-28,64,62,4,5,62,2023-11-27T09:10:43Z,matches_2004_event_1672.csv
8319330,1672,China Open Qualifier,2004,2005-01-25,2005-01-28,409,8,3,5,8,2023-11-27T09:10:43Z,matches_2004_event_1672.csv
8319331,1672,China Open Qualifier,2004,2005-01-25,2005-01-28,51,1196,5,2,51,2023-11-27T09:10:43Z,matches_2004_event_1672.csv
8319332,1672,China Open Qualifier,2004,2005-01-25,2005-01-28,55,7,5,3,55,2023-11-27T09:10:43Z,matches_2004_event_1672.csv
8319333,1672,China Open Qualifier,2004,2005-01-25,2005-01-28,1426,422,5,2,1426,2023-11-27T09:10:43Z,matches_2004_event_1672.csv
8319350,1672,China Open Qualifier,2004,2005-01-25,2005-01-28,31,154,5,1,31,2023-11-27T09:11:38Z,matches_2004_event_1672.csv
8319351,1672,China Open Qualifier,2004,2005-01-25,2005-01-28,97,520,5,3,97,2023-11-27T09:11:38Z,matches_2004_event_1672.csv
8319352,1672,China Open Qualifier,2004,2005-01-25,2005-01-28,30,804,5,1,30,2023-11-27T09:11:38Z,matches_2004_event_1672.csv
8319353,1672,China Open Qualifier,2004,2005-01-25,2005-01-28,15,177,5,3,15,2023-11-27T09:11:38Z,matches_2004_event_1672.csv
8319354,1672,China Open Qualifier,2004,2005-01-25,2005-01-28,657,223,1,5,223,2023-11-27T09:11:38Z,matches_2004_event_1672.csv
8319355,1672,China Open Qualifier,2004,2005-01-25,2005-01-28,204,36,1,5,36,2023-11-27T09:11:38Z,matches_2004_event_1672.csv
8319356,1672,China Open Qualifier,2004,2005-01-25,2005-01-28,922,53,3,5,53,2023-11-27T09:11:38Z,matches_2004_event_1672.csv
8319357,1672,China Open Qualifier,2004,2005-01-25,2005-01-28,17,546,5,3,17,2023-11-27T09:11:38Z,matches_2004_event_1672.csv
8319358,1672,China Open Qualifier,2004,2005-01-25,2005-01-28,193,173,4,5,173,2023-11-27T09:11:38Z,matches_2004_event_1672.csv
8319359,1672,China Open Qualifier,2004,2005-01-25,2005-01-28,68,11,5,4,68,2023-11-27T09:11:38Z,matches_2004_event_1672.csv
8319360,1672,China Open Qualifier,2004,2005-01-25,2005-01-28,56,3201,4,5,3201,2023-11-27T09:11:38Z,matches_2004_event_1672.csv
8319361,1672,China Open Qualifier,2004,2005-01-25,2005-01-28,549,62,3,5,62,2023-11-27T09:11:38Z,matches_2004_event_1672.csv
8319362,1672,China Open Qualifier,2004,2005-01-25,2005-01-28,179,8,1,5,8,2023-11-27T09:11:38Z,matches_2004_event_1672.csv
8319363,1672,China Open Qualifier,2004,2005-01-25,2005-01-28,63,51,5,3,63,2023-11-27T09:11:38Z,matches_2004_event_1672.csv
8319364,1672,China Open Qualifier,2004,2005-01-25,2005-01-28,16,55,3,5,55,2023-11-27T09:11:38Z,matches_2004_event_1672.csv
8319365,1672,China Open Qualifier,2004,2005-01-25,2005-01-28,14,1426,5,3,14,2023-11-27T09:11:38Z,matches_2004_event_1672.csv
8319415,1672,China Open Qualifier,2004,2005-01-25,2005-01-28,2,31,1,5,31,2023-11-27T09:12:24Z,matches_2004_event_1672.csv
8319416,1672,China Open Qualifier,2004,2005-01-25,2005-01-28,38,97,5,3,38,2023-11-27T09:12:24Z,matches_2004_event_1672.csv
8319417,1672,China Open Qualifier,2004,2005-01-25,2005-01-28,28,30,2,5,30,2023-11-27T09:12:24Z,matches_2004_event_1672.csv
8319418,1672,China Open Qualifier,2004,2005-01-25,2005-01-28,41,15,1,5,15,2023-11-27T09:12:24Z,matches_2004_event_1672.csv
8319419,1672,China Open Qualifier,2004,2005-01-25,2005-01-28,2745,223,5,2,2745,2023-11-27T09:12:24Z,matches_2004_event_1672.csv
8319420,1672,China Open Qualifier,2004,2005-01-25,2005-01-28,33,36,2,5,36,2023-11-27T09:12:24Z,matches_2004_event_1672.csv
8319421,1672,China Open Qualifier,2004,2005-01-25,2005-01-28,6,53,5,4,6,2023-11-27T09:12:24Z,matches_2004_event_1672.csv
8319422,1672,China Open Qualifier,2004,2005-01-25,2005-01-28,158,17,5,1,158,2023-11-27T09:12:24Z,matches_2004_event_1672.csv
8319423,1672,China Open Qualifier,2004,2005-01-25,2005-01-28,92,173,5,2,92,2023-11-27T09:12:24Z,matches_2004_event_1672.csv
8319424,1672,China Open Qualifier,2004,2005-01-25,2005-01-28,35,68,2,5,68,2023-11-27T09:12:24Z,matches_2004_event_1672.csv
8319425,1672,China Open Qualifier,2004,2005-01-25,2005-01-28,125,3201,5,1,125,2023-11-27T09:12:24Z,matches_2004_event_1672.csv
8319426,1672,China Open Qualifier,2004,2005-01-25,2005-01-28,1166,62,0,5,62,2023-11-27T09:12:24Z,matches_2004_event_1672.csv
8319427,1672,China Open Qualifier,2004,2005-01-25,2005-01-28,168,8,2,5,8,2023-11-27T09:12:24Z,matches_2004_event_1672.csv
8319428,1672,China Open Qualifier,2004,2005-01-25,2005-01-28,115,63,5,3,115,2023-11-27T09:12:24Z,matches_2004_event_1672.csv
8319429,1672,China Open Qualifier,2004,2005-01-25,2005-01-28,408,55,2,5,55,2023-11-27T09:12:24Z,matches_2004_event_1672.csv
8319430,1672,China Open Qualifier,2004,2005-01-25,2005-01-28,103,14,4,5,14,2023-11-27T09:12:24Z,matches_2004_event_1672.csv
8319832,1673,British Open,2004,2004-11-08,2004-11-14,153,92,5,1,153,2023-11-27T10:47:27Z,matches_2004_event_1673.csv
8319833,1673,British Open,2004,2004-11-08,2004-11-14,44,158,2,5,158,2023-11-27T10:47:27Z,matches_2004_event_1673.csv
8319834,1673,British Open,2004,2004-11-08,2004-11-14,130,6,3,5,6,2023-11-27T10:47:27Z,matches_2004_event_1673.csv
8319835,1673,British Open,2004,2004-11-08,2004-11-14,237,1166,5,1,237,2023-11-27T10:47:27Z,matches_2004_event_1673.csv
8319836,1673,British Open,2004,2004-11-08,2004-11-14,42,16,3,5,16,2023-11-27T10:47:27Z,matches_2004_event_1673.csv
8319837,1673,British Open,2004,2004-11-08,2004-11-14,212,30,4,5,30,2023-11-27T10:47:27Z,matches_2004_event_1673.csv
8319838,1673,British Open,2004,2004-11-08,2004-11-14,52,125,1,5,125,2023-11-27T10:47:27Z,matches_2004_event_1673.csv
8319839,1673,British Open,2004,2004-11-08,2004-11-14,1191,97,3,5,97,2023-11-27T10:47:27Z,matches_2004_event_1673.csv
8319840,1673,British Open,2004,2004-11-08,2004-11-14,1,7,5,1,1,2023-11-27T10:47:27Z,matches_2004_event_1673.csv
8319841,1673,British Open,2004,2004-11-08,2004-11-14,2880,115,2,5,115,2023-11-27T10:47:27Z,matches_2004_event_1673.csv
8319842,1673,British Open,2004,2004-11-08,2004-11-14,20,224,1,5,224,2023-11-27T10:47:27Z,matches_2004_event_1673.csv
8319843,1673,British Open,2004,2004-11-08,2004-11-14,9,2,0,5,2,2023-11-27T10:47:27Z,matches_2004_event_1673.csv
8319844,1673,British Open,2004,2004-11-08,2004-11-14,170,2745,5,1,170,2023-11-27T10:47:27Z,matches_2004_event_1673.csv
8319845,1673,British Open,2004,2004-11-08,2004-11-14,4,51,2,5,51,2023-11-27T10:47:27Z,matches_2004_event_1673.csv
8319846,1673,British Open,2004,2004-11-08,2004-11-14,13,28,5,4,13,2023-11-27T10:47:27Z,matches_2004_event_1673.csv
8319847,1673,British Open,2004,2004-11-08,2004-11-14,5,408,5,2,5,2023-11-27T10:47:27Z,matches_2004_event_1673.csv
8319848,1673,British Open,2004,2004-11-08,2004-11-14,153,158,5,4,153,2023-11-27T10:48:00Z,matches_2004_event_1673.csv
8319849,1673,British Open,2004,2004-11-08,2004-11-14,6,237,3,5,237,2023-11-27T10:48:00Z,matches_2004_event_1673.csv
8319850,1673,British Open,2004,2004-11-08,2004-11-14,16,30,5,4,16,2023-11-27T10:48:00Z,matches_2004_event_1673.csv
8319851,1673,British Open,2004,2004-11-08,2004-11-14,125,97,3,5,97,2023-11-27T10:48:00Z,matches_2004_event_1673.csv
8319852,1673,British Open,2004,2004-11-08,2004-11-14,1,115,3,5,115,2023-11-27T10:48:00Z,matches_2004_event_1673.csv
8319853,1673,British Open,2004,2004-11-08,2004-11-14,224,2,2,5,2,2023-11-27T10:48:00Z,matches_2004_event_1673.csv
8319854,1673,British Open,2004,2004-11-08,2004-11-14,170,51,4,5,51,2023-11-27T10:48:00Z,matches_2004_event_1673.csv
8319855,1673,British Open,2004,2004-11-08,2004-11-14,13,5,0,5,5,2023-11-27T10:48:00Z,matches_2004_event_1673.csv
8319860,1673,British Open,2004,2004-11-08,2004-11-14,153,237,2,5,237,2023-11-27T10:48:27Z,matches_2004_event_1673.csv
8319861,1673,British Open,2004,2004-11-08,2004-11-14,16,97,3,5,97,2023-11-27T10:48:27Z,matches_2004_event_1673.csv
8319862,1673,British Open,2004,2004-11-08,2004-11-14,115,2,0,5,2,2023-11-27T10:48:27Z,matches_2004_event_1673.csv
8319863,1673,British Open,2004,2004-11-08,2004-11-14,51,5,1,5,5,2023-11-27T10:48:27Z,matches_2004_event_1673.csv
8319866,1673,British Open,2004,2004-11-08,2004-11-14,237,97,6,0,237,2023-11-27T10:48:58Z,matches_2004_event_1673.csv
8319867,1673,British Open,2004,2004-11-08,2004-11-14,2,5,6,1,2,2023-11-27T10:48:58Z,matches_2004_event_1673.csv
8319870,1673,British Open,2004,2004-11-08,2004-11-14,237,2,9,6,237,2023-11-27T10:50:32Z,matches_2004_event_1673.csv
8364582,1686,UK Championship Qualifier,2004,2004-10-14,2004-10-19,60,498,9,4,60,2023-12-14T10:32:01Z,matches_2004_event_1686.csv
8364583,1686,UK Championship Qualifier,2004,2004-10-14,2004-10-19,223,205,3,9,205,2023-12-14T10:32:01Z,matches_2004_event_1686.csv
8364584,1686,UK Championship Qualifier,2004,2004-10-14,2004-10-19,8,3202,9,7,8,2023-12-14T10:32:01Z,matches_2004_event_1686.csv
8364585,1686,UK Championship Qualifier,2004,2004-10-14,2004-10-19,83,3203,9,3,83,2023-12-14T10:32:01Z,matches_2004_event_1686.csv
8364586,1686,UK Championship Qualifier,2004,2004-10-14,2004-10-19,194,7,8,9,7,2023-12-14T10:32:01Z,matches_2004_event_1686.csv
8364587,1686,UK Championship Qualifier,2004,2004-10-14,2004-10-19,154,23,9,3,154,2023-12-14T10:32:01Z,matches_2004_event_1686.csv
8364588,1686,UK Championship Qualifier,2004,2004-10-14,2004-10-19,173,546,6,9,546,2023-12-14T10:32:01Z,matches_2004_event_1686.csv
8364589,1686,UK Championship Qualifier,2004,2004-10-14,2004-10-19,422,283,9,7,422,2023-12-14T10:32:01Z,matches_2004_event_1686.csv
8364590,1686,UK Championship Qualifier,2004,2004-10-14,2004-10-19,505,1196,9,3,505,2023-12-14T10:32:01Z,matches_2004_event_1686.csv
8364591,1686,UK Championship Qualifier,2004,2004-10-14,2004-10-19,3200,1197,7,9,1197,2023-12-14T10:32:01Z,matches_2004_event_1686.csv
8364592,1686,UK Championship Qualifier,2004,2004-10-14,2004-10-19,119,3201,9,1,119,2023-12-14T10:32:01Z,matches_2004_event_1686.csv
8364593,1686,UK Championship Qualifier,2004,2004-10-14,2004-10-19,62,19,9,6,62,2023-12-14T10:32:01Z,matches_2004_event_1686.csv
8364594,1686,UK Championship Qualifier,2004,2004-10-14,2004-10-19,500,3226,4,9,3226,2023-12-14T10:32:01Z,matches_2004_event_1686.csv
8364595,1686,UK Championship Qualifier,2004,2004-10-14,2004-10-19,50,1049,9,6,50,2023-12-14T10:32:01Z,matches_2004_event_1686.csv
8364596,1686,UK Championship Qualifier,2004,2004-10-14,2004-10-19,224,492,9,3,224,2023-12-14T10:32:01Z,matches_2004_event_1686.csv
8364597,1686,UK Championship Qualifier,2004,2004-10-14,2004-10-19,21,122,9,6,21,2023-12-14T10:32:01Z,matches_2004_event_1686.csv
8364614,1686,UK Championship Qualifier,2004,2004-10-14,2004-10-19,3204,60,9,8,3204,2023-12-14T10:33:02Z,matches_2004_event_1686.csv
8364615,1686,UK Championship Qualifier,2004,2004-10-14,2004-10-19,11,205,9,2,11,2023-12-14T10:33:02Z,matches_2004_event_1686.csv
8364616,1686,UK Championship Qualifier,2004,2004-10-14,2004-10-19,409,8,8,9,8,2023-12-14T10:33:02Z,matches_2004_event_1686.csv
8364617,1686,UK Championship Qualifier,2004,2004-10-14,2004-10-19,804,83,7,9,83,2023-12-14T10:33:02Z,matches_2004_event_1686.csv
8364618,1686,UK Championship Qualifier,2004,2004-10-14,2004-10-19,51,7,9,7,51,2023-12-14T10:33:02Z,matches_2004_event_1686.csv
8364619,1686,UK Championship Qualifier,2004,2004-10-14,2004-10-19,2505,154,4,9,154,2023-12-14T10:33:02Z,matches_2004_event_1686.csv
8364620,1686,UK Championship Qualifier,2004,2004-10-14,2004-10-19,54,546,9,3,54,2023-12-14T10:33:02Z,matches_2004_event_1686.csv
8364621,1686,UK Championship Qualifier,2004,2004-10-14,2004-10-19,53,422,9,8,53,2023-12-14T10:33:02Z,matches_2004_event_1686.csv
8364622,1686,UK Championship Qualifier,2004,2004-10-14,2004-10-19,55,505,9,3,55,2023-12-14T10:33:02Z,matches_2004_event_1686.csv
8364623,1686,UK Championship Qualifier,2004,2004-10-14,2004-10-19,672,1197,3,9,1197,2023-12-14T10:33:02Z,matches_2004_event_1686.csv
8364624,1686,UK Championship Qualifier,2004,2004-10-14,2004-10-19,1426,119,3,9,119,2023-12-14T10:33:02Z,matches_2004_event_1686.csv
8364625,1686,UK Championship Qualifier,2004,2004-10-14,2004-10-19,520,62,6,9,62,2023-12-14T10:33:02Z,matches_2004_event_1686.csv
8364626,1686,UK Championship Qualifier,2004,2004-10-14,2004-10-19,1162,3226,9,7,1162,2023-12-14T10:33:02Z,matches_2004_event_1686.csv
8364627,1686,UK Championship Qualifier,2004,2004-10-14,2004-10-19,36,50,9,7,36,2023-12-14T10:33:02Z,matches_2004_event_1686.csv
8364628,1686,UK Championship Qualifier,2004,2004-10-14,2004-10-19,64,224,5,9,224,2023-12-14T10:33:02Z,matches_2004_event_1686.csv
8364629,1686,UK Championship Qualifier,2004,2004-10-14,2004-10-19,177,21,9,7,177,2023-12-14T10:33:02Z,matches_2004_event_1686.csv
8364630,1686,UK Championship Qualifier,2004,2004-10-14,2004-10-19,14,3204,9,2,14,2023-12-14T10:35:55Z,matches_2004_event_1686.csv
8364631,1686,UK Championship Qualifier,2004,2004-10-14,2004-10-19,56,11,8,9,11,2023-12-14T10:35:55Z,matches_2004_event_1686.csv
8364632,1686,UK Championship Qualifier,2004,2004-10-14,2004-10-19,922,8,9,5,922,2023-12-14T10:35:55Z,matches_2004_event_1686.csv
8364633,1686,UK Championship Qualifier,2004,2004-10-14,2004-10-19,30,83,8,9,83,2023-12-14T10:35:55Z,matches_2004_event_1686.csv
8364634,1686,UK Championship Qualifier,2004,2004-10-14,2004-10-19,31,51,5,9,51,2023-12-14T10:35:55Z,matches_2004_event_1686.csv
8364635,1686,UK Championship Qualifier,2004,2004-10-14,2004-10-19,97,154,8,9,154,2023-12-14T10:35:55Z,matches_2004_event_1686.csv
8364636,1686,UK Championship Qualifier,2004,2004-10-14,2004-10-19,17,54,9,6,17,2023-12-14T10:35:55Z,matches_2004_event_1686.csv
8364637,1686,UK Championship Qualifier,2004,2004-10-14,2004-10-19,16,53,9,4,16,2023-12-14T10:35:55Z,matches_2004_event_1686.csv
8364638,1686,UK Championship Qualifier,2004,2004-10-14,2004-10-19,549,55,9,2,549,2023-12-14T10:35:55Z,matches_2004_event_1686.csv
8364639,1686,UK Championship Qualifier,2004,2004-10-14,2004-10-19,68,1197,9,2,68,2023-12-14T10:35:55Z,matches_2004_event_1686.csv
8364640,1686,UK Championship Qualifier,2004,2004-10-14,2004-10-19,193,119,9,7,193,2023-12-14T10:35:55Z,matches_2004_event_1686.csv
8364641,1686,UK Championship Qualifier,2004,2004-10-14,2004-10-19,657,62,6,9,62,2023-12-14T10:35:55Z,matches_2004_event_1686.csv
8364642,1686,UK Championship Qualifier,2004,2004-10-14,2004-10-19,204,1162,8,9,1162,2023-12-14T10:35:55Z,matches_2004_event_1686.csv
8364643,1686,UK Championship Qualifier,2004,2004-10-14,2004-10-19,179,36,6,9,36,2023-12-14T10:35:55Z,matches_2004_event_1686.csv
8364644,1686,UK Championship Qualifier,2004,2004-10-14,2004-10-19,63,224,4,9,224,2023-12-14T10:35:55Z,matches_2004_event_1686.csv
8364645,1686,UK Championship Qualifier,2004,2004-10-14,2004-10-19,15,177,9,4,15,2023-12-14T10:35:55Z,matches_2004_event_1686.csv
