"Country","CountryKey","Season","SeasonStartYear","Matches","Teams","FirstDate","LastDate","UniqueDates","MaxMatchesOnOneDate","MaxShareOneDatePct","MissingDateRows","MissingTeamRows","MissingScoreRows","SelfMatches","DuplicateFixtureDateKeys","ConflictingFixtureDateKeys","TeamDoubleBookedDates","Status","Reason"
"England","england","1915-16",1915,0,0,,,0,0,,0,0,0,0,0,0,0,"MISSING","NO_ROWS"
"England","england","1916-17",1916,0,0,,,0,0,,0,0,0,0,0,0,0,"MISSING","NO_ROWS"
"England","england","1917-18",1917,0,0,,,0,0,,0,0,0,0,0,0,0,"MISSING","NO_ROWS"
"England","england","1918-19",1918,0,0,,,0,0,,0,0,0,0,0,0,0,"MISSING","NO_ROWS"
"England","england","1939-40",1939,0,0,,,0,0,,0,0,0,0,0,0,0,"MISSING","NO_ROWS"
"England","england","1940-41",1940,0,0,,,0,0,,0,0,0,0,0,0,0,"MISSING","NO_ROWS"
"England","england","1941-42",1941,0,0,,,0,0,,0,0,0,0,0,0,0,"MISSING","NO_ROWS"
"England","england","1942-43",1942,0,0,,,0,0,,0,0,0,0,0,0,0,"MISSING","NO_ROWS"
"England","england","1943-44",1943,0,0,,,0,0,,0,0,0,0,0,0,0,"MISSING","NO_ROWS"
"England","england","1944-45",1944,0,0,,,0,0,,0,0,0,0,0,0,0,"MISSING","NO_ROWS"
"England","england","1945-46",1945,0,0,,,0,0,,0,0,0,0,0,0,0,"MISSING","NO_ROWS"
"Spain","spain","1936-37",1936,0,0,,,0,0,,0,0,0,0,0,0,0,"MISSING","NO_ROWS"
"Spain","spain","1937-38",1937,0,0,,,0,0,,0,0,0,0,0,0,0,"MISSING","NO_ROWS"
"Spain","spain","1938-39",1938,0,0,,,0,0,,0,0,0,0,0,0,0,"MISSING","NO_ROWS"
"Italy","italy","1934-35",1934,240,16,1934-09-30,1935-06-02,29,16,6.7,0,0,0,0,0,0,16,"CHECK","TEAM_DOUBLE_BOOKED"
"Italy","italy","1943-44",1943,0,0,,,0,0,,0,0,0,0,0,0,0,"MISSING","NO_ROWS"
"Italy","italy","1944-45",1944,0,0,,,0,0,,0,0,0,0,0,0,0,"MISSING","NO_ROWS"
"Italy","italy","1945-46",1945,332,25,1945-10-14,1946-06-30,37,12,3.6,0,0,0,0,0,0,4,"CHECK","TEAM_DOUBLE_BOOKED"
"Italy","italy","1991-92",1991,306,18,1991-09-01,1992-05-24,36,18,5.9,0,0,0,0,0,0,18,"CHECK","TEAM_DOUBLE_BOOKED"
"France","france","1932-33",1932,0,0,,,0,0,,0,0,0,0,0,0,0,"MISSING","NO_ROWS"
"France","france","1933-34",1933,182,14,1933-07-01,1933-07-01,1,182,100,0,0,0,0,0,0,14,"CHECK","TEAM_DOUBLE_BOOKED;TOO_FEW_UNIQUE_DATES;PLACEHOLDER_DATE_CONCENTRATION"
"France","france","1934-35",1934,240,16,1934-07-01,1934-07-01,1,240,100,0,0,0,0,0,0,16,"CHECK","TEAM_DOUBLE_BOOKED;TOO_FEW_UNIQUE_DATES;PLACEHOLDER_DATE_CONCENTRATION"
"France","france","1935-36",1935,240,16,1935-07-01,1935-07-01,1,240,100,0,0,0,0,0,0,16,"CHECK","TEAM_DOUBLE_BOOKED;TOO_FEW_UNIQUE_DATES;PLACEHOLDER_DATE_CONCENTRATION"
"France","france","1936-37",1936,240,16,1936-07-01,1936-07-01,1,240,100,0,0,0,0,0,0,16,"CHECK","TEAM_DOUBLE_BOOKED;TOO_FEW_UNIQUE_DATES;PLACEHOLDER_DATE_CONCENTRATION"
"France","france","1937-38",1937,240,15,1937-07-01,1937-07-01,1,240,100,0,0,0,2,29,24,15,"CHECK","SELF_MATCH;DUPLICATE_FIXTURE_DATE;CONFLICTING_SCORE;TEAM_DOUBLE_BOOKED;TOO_FEW_UNIQUE_DATES;PLACEHOLDER_DATE_CONCENTRATION"
"France","france","1938-39",1938,240,15,1938-09-04,1939-05-07,30,8,3.3,0,0,0,2,0,0,30,"CHECK","SELF_MATCH;TEAM_DOUBLE_BOOKED"
"France","france","1939-40",1939,0,0,,,0,0,,0,0,0,0,0,0,0,"MISSING","NO_ROWS"
"France","france","1940-41",1940,0,0,,,0,0,,0,0,0,0,0,0,0,"MISSING","NO_ROWS"
"France","france","1941-42",1941,0,0,,,0,0,,0,0,0,0,0,0,0,"MISSING","NO_ROWS"
"France","france","1942-43",1942,0,0,,,0,0,,0,0,0,0,0,0,0,"MISSING","NO_ROWS"
"France","france","1943-44",1943,0,0,,,0,0,,0,0,0,0,0,0,0,"MISSING","NO_ROWS"
"France","france","1944-45",1944,0,0,,,0,0,,0,0,0,0,0,0,0,"MISSING","NO_ROWS"
"France","france","1945-46",1945,316,22,1945-08-26,1946-06-02,34,19,6,0,0,0,2,0,0,48,"CHECK","SELF_MATCH;TEAM_DOUBLE_BOOKED"
"France","france","1946-47",1946,330,19,1946-08-18,1947-05-18,33,10,3,0,0,0,2,0,0,33,"CHECK","SELF_MATCH;TEAM_DOUBLE_BOOKED"
"France","france","1949-50",1949,306,17,1949-08-21,1950-05-21,49,9,2.9,0,0,0,2,0,0,31,"CHECK","SELF_MATCH;TEAM_DOUBLE_BOOKED"
"France","france","1950-51",1950,306,17,1950-08-26,1951-05-27,44,9,2.9,0,0,0,2,0,0,31,"CHECK","SELF_MATCH;TEAM_DOUBLE_BOOKED"
"France","france","1951-52",1951,306,17,1951-08-26,1952-05-25,39,9,2.9,0,0,0,2,0,0,32,"CHECK","SELF_MATCH;TEAM_DOUBLE_BOOKED"
"France","france","1952-53",1952,306,17,1952-08-24,1953-05-24,40,9,2.9,0,0,0,2,0,0,33,"CHECK","SELF_MATCH;TEAM_DOUBLE_BOOKED"
"France","france","1954-55",1954,306,17,1954-08-22,1955-05-22,43,9,2.9,0,0,0,2,0,0,32,"CHECK","SELF_MATCH;TEAM_DOUBLE_BOOKED"
"France","france","1955-56",1955,306,17,1955-08-21,1956-06-03,37,9,2.9,0,0,0,2,0,0,34,"CHECK","SELF_MATCH;TEAM_DOUBLE_BOOKED"
"France","france","1956-57",1956,306,17,1956-08-19,1957-05-19,39,9,2.9,0,0,0,2,0,0,33,"CHECK","SELF_MATCH;TEAM_DOUBLE_BOOKED"
"France","france","1957-58",1957,306,17,1957-08-18,1958-05-11,44,9,2.9,0,0,0,2,0,0,33,"CHECK","SELF_MATCH;TEAM_DOUBLE_BOOKED"
"France","france","1958-59",1958,380,19,1958-07-21,1959-05-31,59,10,2.6,0,0,0,2,0,0,35,"CHECK","SELF_MATCH;TEAM_DOUBLE_BOOKED"
"France","france","1959-60",1959,380,19,1959-08-15,1960-05-29,64,10,2.6,0,0,0,2,0,0,30,"CHECK","SELF_MATCH;TEAM_DOUBLE_BOOKED"
"France","france","1960-61",1960,380,19,1960-08-20,1961-06-04,72,10,2.6,0,0,0,2,0,0,28,"CHECK","SELF_MATCH;TEAM_DOUBLE_BOOKED"
"France","france","1961-62",1961,380,19,1961-08-19,1962-05-20,69,10,2.6,0,0,0,2,0,0,29,"CHECK","SELF_MATCH;TEAM_DOUBLE_BOOKED"
"France","france","1962-63",1962,380,19,1962-08-18,1963-05-30,69,10,2.6,0,0,0,2,1,1,30,"CHECK","SELF_MATCH;DUPLICATE_FIXTURE_DATE;CONFLICTING_SCORE;TEAM_DOUBLE_BOOKED"
"France","france","1963-64",1963,306,17,1963-09-01,1964-06-07,66,9,2.9,0,0,0,2,0,0,27,"CHECK","SELF_MATCH;TEAM_DOUBLE_BOOKED"
"France","france","1969-70",1969,306,18,1969-08-05,1970-06-23,84,9,2.9,0,0,0,0,0,0,1,"CHECK","TEAM_DOUBLE_BOOKED"
"France","france","1970-71",1970,380,20,1970-08-12,1971-06-26,78,12,3.2,0,0,0,0,0,0,4,"CHECK","TEAM_DOUBLE_BOOKED"
"France","france","1977-78",1977,380,20,1977-08-03,1978-05-12,68,10,2.6,0,0,0,0,0,0,1,"CHECK","TEAM_DOUBLE_BOOKED"
"France","france","1984-85",1984,380,19,1984-08-17,1985-05-28,66,10,2.6,0,0,0,2,0,0,30,"CHECK","SELF_MATCH;TEAM_DOUBLE_BOOKED"
"France","france","1986-87",1986,380,20,1986-08-05,1987-06-05,56,10,2.6,0,0,0,1,0,0,22,"CHECK","SELF_MATCH;TEAM_DOUBLE_BOOKED"
"France","france","1988-89",1988,380,20,1988-07-15,1989-05-31,61,10,2.6,0,0,0,1,0,0,12,"CHECK","SELF_MATCH;TEAM_DOUBLE_BOOKED"
"Portugal","portugal","1939-40",1939,90,10,1940-01-14,1940-05-19,22,5,5.6,0,0,0,0,0,0,1,"CHECK","TEAM_DOUBLE_BOOKED"
"Portugal","portugal","1957-58",1957,182,14,1957-09-08,1958-03-23,26,8,4.4,0,0,0,0,0,0,2,"CHECK","TEAM_DOUBLE_BOOKED"
"Netherlands","netherlands","1956-57",1956,306,17,1956-09-02,1957-06-02,41,9,2.9,0,0,0,2,0,0,33,"CHECK","SELF_MATCH;TEAM_DOUBLE_BOOKED"
"Netherlands","netherlands","1975-76",1975,306,17,1975-08-17,1976-06-07,39,9,2.9,0,0,0,2,0,0,34,"CHECK","SELF_MATCH;TEAM_DOUBLE_BOOKED"
"Netherlands","netherlands","1976-77",1976,306,17,1976-08-22,1977-05-15,36,9,2.9,0,0,0,2,0,0,33,"CHECK","SELF_MATCH;TEAM_DOUBLE_BOOKED"
"Netherlands","netherlands","1979-80",1979,306,18,1979-08-19,1980-05-11,40,9,2.9,0,0,0,0,0,0,1,"CHECK","TEAM_DOUBLE_BOOKED"
"Netherlands","netherlands","1980-81",1980,306,17,1980-08-24,1981-06-06,42,9,2.9,0,0,0,2,0,0,32,"CHECK","SELF_MATCH;TEAM_DOUBLE_BOOKED"
"Belgium","belgium","1895-96",1895,0,0,,,0,0,,0,0,0,0,0,0,0,"MISSING","NO_ROWS"
"Belgium","belgium","1896-97",1896,0,0,,,0,0,,0,0,0,0,0,0,0,"MISSING","NO_ROWS"
"Belgium","belgium","1897-98",1897,0,0,,,0,0,,0,0,0,0,0,0,0,"MISSING","NO_ROWS"
"Belgium","belgium","1898-99",1898,0,0,,,0,0,,0,0,0,0,0,0,0,"MISSING","NO_ROWS"
"Belgium","belgium","1899-00",1899,0,0,,,0,0,,0,0,0,0,0,0,0,"MISSING","NO_ROWS"
"Belgium","belgium","1902-03",1902,0,0,,,0,0,,0,0,0,0,0,0,0,"MISSING","NO_ROWS"
"Belgium","belgium","1903-04",1903,0,0,,,0,0,,0,0,0,0,0,0,0,"MISSING","NO_ROWS"
"Belgium","belgium","1914-15",1914,0,0,,,0,0,,0,0,0,0,0,0,0,"MISSING","NO_ROWS"
"Belgium","belgium","1915-16",1915,0,0,,,0,0,,0,0,0,0,0,0,0,"MISSING","NO_ROWS"
"Belgium","belgium","1916-17",1916,0,0,,,0,0,,0,0,0,0,0,0,0,"MISSING","NO_ROWS"
"Belgium","belgium","1917-18",1917,0,0,,,0,0,,0,0,0,0,0,0,0,"MISSING","NO_ROWS"
"Belgium","belgium","1918-19",1918,0,0,,,0,0,,0,0,0,0,0,0,0,"MISSING","NO_ROWS"
"Belgium","belgium","1933-34",1933,57,14,1933-09-03,1934-05-06,28,3,5.3,0,0,0,0,0,0,1,"CHECK","TEAM_DOUBLE_BOOKED"
"Belgium","belgium","1934-35",1934,57,14,1934-09-02,1935-03-10,31,3,5.3,0,0,0,0,0,0,2,"CHECK","TEAM_DOUBLE_BOOKED"
"Belgium","belgium","1935-36",1935,39,14,1935-09-08,1936-03-22,28,2,5.1,0,0,0,0,0,0,1,"CHECK","TEAM_DOUBLE_BOOKED"
"Belgium","belgium","1939-40",1939,0,0,,,0,0,,0,0,0,0,0,0,0,"MISSING","NO_ROWS"
"Belgium","belgium","1940-41",1940,0,0,,,0,0,,0,0,0,0,0,0,0,"MISSING","NO_ROWS"
"Belgium","belgium","1944-45",1944,0,0,,,0,0,,0,0,0,0,0,0,0,"MISSING","NO_ROWS"
"Belgium","belgium","1949-50",1949,56,15,1949-09-04,1950-05-22,34,3,5.4,0,0,0,0,0,0,1,"CHECK","TEAM_DOUBLE_BOOKED"
"Belgium","belgium","1954-55",1954,65,15,1954-09-05,1955-05-22,31,3,4.6,0,0,0,1,0,0,1,"CHECK","SELF_MATCH;TEAM_DOUBLE_BOOKED"
"Belgium","belgium","1964-65",1964,240,15,1964-09-04,1965-05-02,50,8,3.3,0,30,0,0,0,0,0,"CHECK","MISSING_TEAMS"
"Belgium","belgium","1965-66",1965,240,15,1965-09-04,1966-05-15,52,8,3.3,0,30,0,0,0,0,0,"CHECK","MISSING_TEAMS"
"Belgium","belgium","1966-67",1966,240,15,1966-09-04,1967-05-07,54,8,3.3,0,30,0,0,0,0,0,"CHECK","MISSING_TEAMS"
"Belgium","belgium","1967-68",1967,240,15,1967-09-02,1968-05-26,43,8,3.3,0,0,0,2,0,0,26,"CHECK","SELF_MATCH;TEAM_DOUBLE_BOOKED"
"Belgium","belgium","1974-75",1974,380,19,1974-08-17,1975-05-11,75,10,2.6,0,0,0,2,0,0,15,"CHECK","SELF_MATCH;TEAM_DOUBLE_BOOKED"
"Austria","austria","1911-12",1911,0,0,,,0,0,,0,0,0,0,0,0,0,"MISSING","NO_ROWS"
"Austria","austria","1912-13",1912,0,0,,,0,0,,0,0,0,0,0,0,0,"MISSING","NO_ROWS"
"Austria","austria","1913-14",1913,0,0,,,0,0,,0,0,0,0,0,0,0,"MISSING","NO_ROWS"
"Austria","austria","1914-15",1914,0,0,,,0,0,,0,0,0,0,0,0,0,"MISSING","NO_ROWS"
"Austria","austria","1915-16",1915,0,0,,,0,0,,0,0,0,0,0,0,0,"MISSING","NO_ROWS"
"Austria","austria","1916-17",1916,0,0,,,0,0,,0,0,0,0,0,0,0,"MISSING","NO_ROWS"
"Austria","austria","1917-18",1917,0,0,,,0,0,,0,0,0,0,0,0,0,"MISSING","NO_ROWS"
"Austria","austria","1918-19",1918,0,0,,,0,0,,0,0,0,0,0,0,0,"MISSING","NO_ROWS"
"Austria","austria","1919-20",1919,0,0,,,0,0,,0,0,0,0,0,0,0,"MISSING","NO_ROWS"
"Austria","austria","1920-21",1920,0,0,,,0,0,,0,0,0,0,0,0,0,"MISSING","NO_ROWS"
"Austria","austria","1921-22",1921,0,0,,,0,0,,0,0,0,0,0,0,0,"MISSING","NO_ROWS"
"Austria","austria","1922-23",1922,0,0,,,0,0,,0,0,0,0,0,0,0,"MISSING","NO_ROWS"
"Austria","austria","1923-24",1923,0,0,,,0,0,,0,0,0,0,0,0,0,"MISSING","NO_ROWS"
"Austria","austria","1924-25",1924,0,0,,,0,0,,0,0,0,0,0,0,0,"MISSING","NO_ROWS"
"Austria","austria","1925-26",1925,0,0,,,0,0,,0,0,0,0,0,0,0,"MISSING","NO_ROWS"
"Austria","austria","1926-27",1926,0,0,,,0,0,,0,0,0,0,0,0,0,"MISSING","NO_ROWS"
"Austria","austria","1927-28",1927,0,0,,,0,0,,0,0,0,0,0,0,0,"MISSING","NO_ROWS"
"Austria","austria","1928-29",1928,0,0,,,0,0,,0,0,0,0,0,0,0,"MISSING","NO_ROWS"
"Austria","austria","1929-30",1929,0,0,,,0,0,,0,0,0,0,0,0,0,"MISSING","NO_ROWS"
"Austria","austria","1930-31",1930,0,0,,,0,0,,0,0,0,0,0,0,0,"MISSING","NO_ROWS"
"Austria","austria","1931-32",1931,0,0,,,0,0,,0,0,0,0,0,0,0,"MISSING","NO_ROWS"
"Austria","austria","1932-33",1932,0,0,,,0,0,,0,0,0,0,0,0,0,"MISSING","NO_ROWS"
"Austria","austria","1933-34",1933,0,0,,,0,0,,0,0,0,0,0,0,0,"MISSING","NO_ROWS"
"Austria","austria","1934-35",1934,0,0,,,0,0,,0,0,0,0,0,0,0,"MISSING","NO_ROWS"
"Austria","austria","1935-36",1935,0,0,,,0,0,,0,0,0,0,0,0,0,"MISSING","NO_ROWS"
"Austria","austria","1936-37",1936,0,0,,,0,0,,0,0,0,0,0,0,0,"MISSING","NO_ROWS"
"Austria","austria","1937-38",1937,0,0,,,0,0,,0,0,0,0,0,0,0,"MISSING","NO_ROWS"
"Austria","austria","1938-39",1938,0,0,,,0,0,,0,0,0,0,0,0,0,"MISSING","NO_ROWS"
"Austria","austria","1939-40",1939,0,0,,,0,0,,0,0,0,0,0,0,0,"MISSING","NO_ROWS"
"Austria","austria","1940-41",1940,0,0,,,0,0,,0,0,0,0,0,0,0,"MISSING","NO_ROWS"
"Austria","austria","1941-42",1941,0,0,,,0,0,,0,0,0,0,0,0,0,"MISSING","NO_ROWS"
"Austria","austria","1942-43",1942,0,0,,,0,0,,0,0,0,0,0,0,0,"MISSING","NO_ROWS"
"Austria","austria","1943-44",1943,0,0,,,0,0,,0,0,0,0,0,0,0,"MISSING","NO_ROWS"
"Austria","austria","1944-45",1944,0,0,,,0,0,,0,0,0,0,0,0,0,"MISSING","NO_ROWS"
"Austria","austria","1945-46",1945,132,12,1945-09-01,1946-06-26,47,10,7.6,0,0,0,0,0,0,8,"CHECK","TEAM_DOUBLE_BOOKED"
"Austria","austria","1946-47",1946,110,11,1946-07-05,1947-06-15,45,7,6.4,0,0,0,0,0,0,3,"CHECK","TEAM_DOUBLE_BOOKED"
"Austria","austria","1947-48",1947,90,10,1947-08-30,1948-06-06,37,5,5.6,0,0,0,0,0,0,1,"CHECK","TEAM_DOUBLE_BOOKED"
"Austria","austria","1948-49",1948,90,11,1948-08-28,1949-06-11,43,4,4.4,0,0,0,0,0,0,1,"CHECK","TEAM_DOUBLE_BOOKED"
"Austria","austria","1949-50",1949,156,13,1949-08-27,1950-06-24,53,11,7.1,0,0,0,0,0,0,14,"CHECK","TEAM_DOUBLE_BOOKED"
"Austria","austria","1950-51",1950,156,13,1950-08-02,1951-06-10,53,11,7.1,0,0,0,0,0,0,16,"CHECK","TEAM_DOUBLE_BOOKED"
"Austria","austria","1951-52",1951,169,14,1951-08-25,1952-06-15,56,10,5.9,0,0,0,0,0,0,7,"CHECK","TEAM_DOUBLE_BOOKED"
"Austria","austria","1958-59",1958,179,14,1958-08-23,1959-06-21,58,11,6.1,0,0,0,0,0,0,9,"CHECK","TEAM_DOUBLE_BOOKED"
"Austria","austria","1968-69",1968,210,15,1968-08-16,1969-06-21,65,9,4.3,0,0,0,0,0,0,5,"CHECK","TEAM_DOUBLE_BOOKED"
"Austria","austria","1969-70",1969,240,16,1969-08-23,1970-06-13,69,10,4.2,0,0,0,0,0,0,4,"CHECK","TEAM_DOUBLE_BOOKED"
"Austria","austria","1971-72",1971,210,15,1971-08-20,1972-06-14,70,12,5.7,0,0,0,0,0,0,13,"CHECK","TEAM_DOUBLE_BOOKED"
"Austria","austria","1972-73",1972,240,16,1972-07-04,1973-06-27,72,15,6.2,0,0,0,0,0,0,20,"CHECK","TEAM_DOUBLE_BOOKED"
"Scotland","scotland","1891-92",1891,132,12,1891-08-15,1892-05-24,37,10,7.6,0,0,0,0,0,0,14,"CHECK","TEAM_DOUBLE_BOOKED"
"Scotland","scotland","1915-16",1915,379,20,1915-08-21,1916-04-29,50,11,2.9,0,0,0,0,0,0,2,"CHECK","TEAM_DOUBLE_BOOKED"
"Scotland","scotland","1916-17",1916,380,20,1916-08-19,1917-04-28,42,10,2.6,0,0,0,0,0,0,3,"CHECK","TEAM_DOUBLE_BOOKED"
"Scotland","scotland","1923-24",1923,380,20,1923-08-15,1924-04-26,61,11,2.9,0,0,0,0,0,0,2,"CHECK","TEAM_DOUBLE_BOOKED"
"Scotland","scotland","1924-25",1924,380,20,1924-08-15,1925-04-25,68,10,2.6,0,0,0,0,0,0,1,"CHECK","TEAM_DOUBLE_BOOKED"
"Scotland","scotland","1928-29",1928,380,20,1928-08-11,1929-04-27,61,10,2.6,0,0,0,0,0,0,1,"CHECK","TEAM_DOUBLE_BOOKED"
"Scotland","scotland","1939-40",1939,0,0,,,0,0,,0,0,0,0,0,0,0,"MISSING","NO_ROWS"
"Scotland","scotland","1940-41",1940,0,0,,,0,0,,0,0,0,0,0,0,0,"MISSING","NO_ROWS"
"Scotland","scotland","1941-42",1941,0,0,,,0,0,,0,0,0,0,0,0,0,"MISSING","NO_ROWS"
"Scotland","scotland","1942-43",1942,0,0,,,0,0,,0,0,0,0,0,0,0,"MISSING","NO_ROWS"
"Scotland","scotland","1943-44",1943,0,0,,,0,0,,0,0,0,0,0,0,0,"MISSING","NO_ROWS"
"Scotland","scotland","1944-45",1944,0,0,,,0,0,,0,0,0,0,0,0,0,"MISSING","NO_ROWS"
"Scotland","scotland","1945-46",1945,0,0,,,0,0,,0,0,0,0,0,0,0,"MISSING","NO_ROWS"
"Scotland","scotland","1979-80",1979,180,10,1979-08-11,1980-05-07,55,6,3.3,0,0,0,0,0,0,2,"CHECK","TEAM_DOUBLE_BOOKED"
"Switzerland","switzerland","1897-98",1897,0,0,,,0,0,,0,0,0,0,0,0,0,"MISSING","NO_ROWS"
"Switzerland","switzerland","1898-99",1898,0,0,,,0,0,,0,0,0,0,0,0,0,"MISSING","NO_ROWS"
"Switzerland","switzerland","1899-00",1899,0,0,,,0,0,,0,0,0,0,0,0,0,"MISSING","NO_ROWS"
"Switzerland","switzerland","1900-01",1900,0,0,,,0,0,,0,0,0,0,0,0,0,"MISSING","NO_ROWS"
"Switzerland","switzerland","1901-02",1901,0,0,,,0,0,,0,0,0,0,0,0,0,"MISSING","NO_ROWS"
"Switzerland","switzerland","1902-03",1902,0,0,,,0,0,,0,0,0,0,0,0,0,"MISSING","NO_ROWS"
"Switzerland","switzerland","1903-04",1903,0,0,,,0,0,,0,0,0,0,0,0,0,"MISSING","NO_ROWS"
"Switzerland","switzerland","1904-05",1904,0,0,,,0,0,,0,0,0,0,0,0,0,"MISSING","NO_ROWS"
"Switzerland","switzerland","1905-06",1905,0,0,,,0,0,,0,0,0,0,0,0,0,"MISSING","NO_ROWS"
"Switzerland","switzerland","1906-07",1906,0,0,,,0,0,,0,0,0,0,0,0,0,"MISSING","NO_ROWS"
"Switzerland","switzerland","1907-08",1907,0,0,,,0,0,,0,0,0,0,0,0,0,"MISSING","NO_ROWS"
"Switzerland","switzerland","1908-09",1908,0,0,,,0,0,,0,0,0,0,0,0,0,"MISSING","NO_ROWS"
"Switzerland","switzerland","1909-10",1909,0,0,,,0,0,,0,0,0,0,0,0,0,"MISSING","NO_ROWS"
"Switzerland","switzerland","1910-11",1910,0,0,,,0,0,,0,0,0,0,0,0,0,"MISSING","NO_ROWS"
"Switzerland","switzerland","1911-12",1911,0,0,,,0,0,,0,0,0,0,0,0,0,"MISSING","NO_ROWS"
"Switzerland","switzerland","1912-13",1912,0,0,,,0,0,,0,0,0,0,0,0,0,"MISSING","NO_ROWS"
"Switzerland","switzerland","1913-14",1913,0,0,,,0,0,,0,0,0,0,0,0,0,"MISSING","NO_ROWS"
"Switzerland","switzerland","1914-15",1914,0,0,,,0,0,,0,0,0,0,0,0,0,"MISSING","NO_ROWS"
"Switzerland","switzerland","1915-16",1915,0,0,,,0,0,,0,0,0,0,0,0,0,"MISSING","NO_ROWS"
"Switzerland","switzerland","1916-17",1916,0,0,,,0,0,,0,0,0,0,0,0,0,"MISSING","NO_ROWS"
"Switzerland","switzerland","1917-18",1917,0,0,,,0,0,,0,0,0,0,0,0,0,"MISSING","NO_ROWS"
"Switzerland","switzerland","1918-19",1918,0,0,,,0,0,,0,0,0,0,0,0,0,"MISSING","NO_ROWS"
"Switzerland","switzerland","1919-20",1919,0,0,,,0,0,,0,0,0,0,0,0,0,"MISSING","NO_ROWS"
"Switzerland","switzerland","1920-21",1920,104,23,1920-09-26,1921-05-22,29,11,10.6,0,0,0,1,0,0,5,"CHECK","SELF_MATCH;TEAM_DOUBLE_BOOKED"
"Switzerland","switzerland","1921-22",1921,164,23,1921-09-25,1922-06-25,45,8,4.9,0,0,0,2,0,0,8,"CHECK","SELF_MATCH;TEAM_DOUBLE_BOOKED"
"Switzerland","switzerland","1922-23",1922,168,24,1922-09-24,1923-05-27,45,7,4.2,0,0,0,1,0,0,8,"CHECK","SELF_MATCH;TEAM_DOUBLE_BOOKED"
"Switzerland","switzerland","1923-24",1923,212,27,1923-09-23,1924-06-22,49,9,4.2,0,0,0,0,0,0,2,"CHECK","TEAM_DOUBLE_BOOKED"
"Switzerland","switzerland","1925-26",1925,244,34,1925-09-06,1926-06-27,54,12,4.9,0,0,0,0,0,0,4,"CHECK","TEAM_DOUBLE_BOOKED"
"Switzerland","switzerland","1926-27",1926,219,29,1926-07-04,1927-06-19,49,11,5,0,0,0,0,0,0,4,"CHECK","TEAM_DOUBLE_BOOKED"
"Switzerland","switzerland","1927-28",1927,227,32,1927-09-04,1928-05-27,45,16,7,0,0,0,0,0,0,10,"CHECK","TEAM_DOUBLE_BOOKED"
"Switzerland","switzerland","1928-29",1928,247,34,1928-09-02,1929-06-30,55,11,4.5,0,0,0,2,0,0,3,"CHECK","SELF_MATCH;TEAM_DOUBLE_BOOKED"
"Switzerland","switzerland","1929-30",1929,230,33,1929-07-07,1930-06-15,55,10,4.3,0,0,0,0,0,0,7,"CHECK","TEAM_DOUBLE_BOOKED"
"Switzerland","switzerland","1931-32",1931,115,22,1931-08-30,1932-06-26,38,6,5.2,0,0,0,0,0,0,1,"CHECK","TEAM_DOUBLE_BOOKED"
"Switzerland","switzerland","1933-34",1933,320,35,1933-07-02,1934-06-30,60,8,2.5,0,0,0,0,0,0,3,"CHECK","TEAM_DOUBLE_BOOKED"
"Switzerland","switzerland","1934-35",1934,180,15,1934-08-26,1935-06-08,37,7,3.9,0,0,0,0,0,0,2,"CHECK","TEAM_DOUBLE_BOOKED"
"Switzerland","switzerland","1935-36",1935,133,14,1935-08-25,1936-06-20,27,8,6,0,0,0,0,0,0,2,"CHECK","TEAM_DOUBLE_BOOKED"
"Switzerland","switzerland","1953-54",1953,210,17,1953-08-16,1954-05-20,37,7,3.3,0,0,0,0,0,0,1,"CHECK","TEAM_DOUBLE_BOOKED"
"Switzerland","switzerland","1954-55",1954,173,18,1954-08-29,1955-06-26,36,7,4,0,0,0,0,0,0,1,"CHECK","TEAM_DOUBLE_BOOKED"
"Switzerland","switzerland","1959-60",1959,237,16,1959-08-23,1960-06-15,46,10,4.2,0,0,0,0,1,1,10,"CHECK","DUPLICATE_FIXTURE_DATE;CONFLICTING_SCORE;TEAM_DOUBLE_BOOKED"
"Switzerland","switzerland","1966-67",1966,273,17,1966-08-20,1967-06-26,74,7,2.6,0,0,0,0,0,0,1,"CHECK","TEAM_DOUBLE_BOOKED"
"Switzerland","switzerland","1969-70",1969,263,16,1969-08-23,1970-06-09,56,14,5.3,0,0,0,0,0,0,29,"CHECK","TEAM_DOUBLE_BOOKED"
"Switzerland","switzerland","1977-78",1977,289,14,1977-08-13,1978-06-23,59,12,4.2,0,0,0,0,1,1,33,"CHECK","DUPLICATE_FIXTURE_DATE;CONFLICTING_SCORE;TEAM_DOUBLE_BOOKED"
"Switzerland","switzerland","1983-84",1983,358,19,1983-08-09,1984-06-19,71,9,2.5,0,0,0,0,0,0,8,"CHECK","TEAM_DOUBLE_BOOKED"
"Switzerland","switzerland","1986-87",1986,304,19,1986-08-09,1987-06-27,65,9,3,0,0,0,0,1,1,9,"CHECK","DUPLICATE_FIXTURE_DATE;CONFLICTING_SCORE;TEAM_DOUBLE_BOOKED"
"Switzerland","switzerland","1989-90",1989,244,12,1989-07-22,1990-06-12,55,8,3.3,0,0,0,0,0,0,7,"CHECK","TEAM_DOUBLE_BOOKED"
"Switzerland","switzerland","1990-91",1990,132,12,1990-07-25,1990-12-16,26,6,4.5,0,0,0,0,0,0,1,"CHECK","TEAM_DOUBLE_BOOKED"
"Greece","greece","1959-60",1959,0,0,,,0,0,,0,0,0,0,0,0,0,"MISSING","NO_ROWS"
"Greece","greece","1960-61",1960,0,0,,,0,0,,0,0,0,0,0,0,0,"MISSING","NO_ROWS"
"Greece","greece","1961-62",1961,0,0,,,0,0,,0,0,0,0,0,0,0,"MISSING","NO_ROWS"
"Greece","greece","1962-63",1962,0,0,,,0,0,,0,0,0,0,0,0,0,"MISSING","NO_ROWS"
"Greece","greece","1963-64",1963,0,0,,,0,0,,0,0,0,0,0,0,0,"MISSING","NO_ROWS"
"Greece","greece","1964-65",1964,0,0,,,0,0,,0,0,0,0,0,0,0,"MISSING","NO_ROWS"
"Greece","greece","1965-66",1965,0,0,,,0,0,,0,0,0,0,0,0,0,"MISSING","NO_ROWS"
"Greece","greece","1966-67",1966,0,0,,,0,0,,0,0,0,0,0,0,0,"MISSING","NO_ROWS"
"Greece","greece","1967-68",1967,0,0,,,0,0,,0,0,0,0,0,0,0,"MISSING","NO_ROWS"
"Greece","greece","1968-69",1968,0,0,,,0,0,,0,0,0,0,0,0,0,"MISSING","NO_ROWS"
"Greece","greece","1969-70",1969,0,0,,,0,0,,0,0,0,0,0,0,0,"MISSING","NO_ROWS"
"Greece","greece","1970-71",1970,0,0,,,0,0,,0,0,0,0,0,0,0,"MISSING","NO_ROWS"
"Greece","greece","1971-72",1971,0,0,,,0,0,,0,0,0,0,0,0,0,"MISSING","NO_ROWS"
"Greece","greece","1972-73",1972,0,0,,,0,0,,0,0,0,0,0,0,0,"MISSING","NO_ROWS"
"Greece","greece","1973-74",1973,0,0,,,0,0,,0,0,0,0,0,0,0,"MISSING","NO_ROWS"
"Greece","greece","1974-75",1974,0,0,,,0,0,,0,0,0,0,0,0,0,"MISSING","NO_ROWS"
"Greece","greece","1975-76",1975,0,0,,,0,0,,0,0,0,0,0,0,0,"MISSING","NO_ROWS"
"Greece","greece","1976-77",1976,0,0,,,0,0,,0,0,0,0,0,0,0,"MISSING","NO_ROWS"
"Greece","greece","1977-78",1977,0,0,,,0,0,,0,0,0,0,0,0,0,"MISSING","NO_ROWS"
"Greece","greece","1978-79",1978,0,0,,,0,0,,0,0,0,0,0,0,0,"MISSING","NO_ROWS"
"Greece","greece","1979-80",1979,0,0,,,0,0,,0,0,0,0,0,0,0,"MISSING","NO_ROWS"
"Greece","greece","1980-81",1980,0,0,,,0,0,,0,0,0,0,0,0,0,"MISSING","NO_ROWS"
"Greece","greece","1981-82",1981,0,0,,,0,0,,0,0,0,0,0,0,0,"MISSING","NO_ROWS"
"Greece","greece","1982-83",1982,0,0,,,0,0,,0,0,0,0,0,0,0,"MISSING","NO_ROWS"
"Greece","greece","1983-84",1983,0,0,,,0,0,,0,0,0,0,0,0,0,"MISSING","NO_ROWS"
"Greece","greece","1984-85",1984,0,0,,,0,0,,0,0,0,0,0,0,0,"MISSING","NO_ROWS"
"Greece","greece","1985-86",1985,0,0,,,0,0,,0,0,0,0,0,0,0,"MISSING","NO_ROWS"
"Greece","greece","1986-87",1986,0,0,,,0,0,,0,0,0,0,0,0,0,"MISSING","NO_ROWS"
"Greece","greece","1993-94",1993,0,0,,,0,0,,0,0,0,0,0,0,0,"MISSING","NO_ROWS"
"Ukraine","ukraine","2022-23",2022,240,15,2022-08-23,2023-06-04,98,8,3.3,0,30,0,0,0,0,0,"CHECK","MISSING_TEAMS"
